analytical_thinking,logical_thinking,creativity,communication,leadership,problem_solving,curiosity,learning_speed,attention_to_detail,stress_tolerance,teamwork,mathematics,job_id
7,9,3,8,7,7,7,5,8,7,6,3,lawyer
7,7,7,6,3,8,8,7,7,3,5,4,frontend_developer
8,10,5,4,4,8,8,8,9,5,5,6,embedded_systems_engineer
7,9,5,4,5,8,5,8,8,6,6,6,cloud_engineer
10,9,7,6,4,9,10,7,6,6,5,9,data_scientist
7,8,4,7,5,8,5,4,9,7,6,5,physician
7,7,4,7,7,8,6,6,8,9,7,4,physician
6,6,7,6,4,7,6,5,8,4,6,4,ux_designer
10,9,4,3,4,8,8,8,7,6,5,7,embedded_systems_engineer
8,7,6,7,4,9,10,7,8,6,7,10,data_scientist
8,7,5,5,2,8,8,8,8,8,5,6,cybersecurity_analyst
8,9,6,3,3,9,7,7,8,7,5,7,embedded_systems_engineer
6,5,5,10,4,5,7,4,7,6,6,2,psychologist
6,7,2,7,4,7,6,6,9,6,5,6,pharmacist
8,9,6,6,5,8,4,6,7,5,7,9,mechanical_engineer
7,7,5,6,5,6,5,5,9,7,6,7,civil_engineer
5,5,10,8,2,7,6,6,8,3,6,4,ui_designer
8,9,4,5,5,8,7,8,7,6,6,7,cloud_engineer
9,9,6,5,3,9,5,6,9,6,7,8,mechanical_engineer
8,10,5,5,5,8,6,6,8,7,5,9,electrical_engineer
7,6,3,9,6,7,6,8,10,10,5,3,lawyer
8,7,5,3,4,7,6,7,7,6,5,7,chemical_engineer
7,8,9,5,3,7,7,8,7,5,5,3,frontend_developer
7,7,6,5,5,9,7,4,7,7,5,9,electrical_engineer
7,7,4,7,5,7,6,5,7,6,6,5,civil_engineer
6,4,9,6,4,6,6,5,8,4,5,4,ui_designer
7,7,6,6,4,6,9,6,7,4,6,4,environmental_scientist
5,6,6,7,9,8,7,5,5,8,7,4,product_manager
8,5,2,4,5,6,5,6,8,7,4,8,financial_analyst
9,6,9,5,4,8,9,7,6,4,8,5,game_developer
6,4,7,8,10,8,8,7,3,9,6,5,entrepreneur
6,5,8,9,5,6,7,6,4,4,8,4,marketing_manager
3,4,5,9,6,7,4,3,5,6,9,2,hr_manager
9,7,5,5,4,8,5,6,8,6,4,8,electrical_engineer
6,6,5,6,6,7,5,4,8,6,7,7,industrial_engineer
9,9,8,5,3,9,9,10,7,6,6,8,ai_machine_learning_engineer
6,7,4,7,7,8,5,4,8,6,6,7,civil_engineer
8,9,8,5,4,10,9,8,6,5,6,8,ai_machine_learning_engineer
7,7,7,5,2,5,7,7,7,4,6,5,frontend_developer
5,6,7,6,7,7,8,5,9,6,6,4,architect
8,7,2,9,4,7,6,5,7,5,5,5,business_analyst
7,6,6,7,4,6,5,7,10,10,6,6,physician
6,6,0,5,3,7,4,6,10,5,5,5,pharmacist
9,6,3,5,4,6,4,6,9,5,4,7,financial_analyst
10,10,6,6,4,8,8,8,5,6,6,7,software_engineer
8,8,6,4,3,7,7,5,8,6,5,8,electrical_engineer
7,7,3,10,7,8,5,6,7,8,6,2,lawyer
5,5,5,10,4,7,6,4,5,7,5,2,psychologist
9,8,4,4,4,8,5,5,8,7,5,7,electrical_engineer
8,9,8,6,5,10,10,9,6,6,6,10,ai_machine_learning_engineer
8,8,5,4,3,8,7,7,7,7,5,6,embedded_systems_engineer
9,7,5,4,4,8,7,7,8,6,6,7,cloud_engineer
9,8,7,5,3,8,9,9,7,6,6,9,ai_machine_learning_engineer
8,9,6,5,4,8,8,7,10,7,5,7,embedded_systems_engineer
6,6,5,7,8,8,7,7,5,7,8,3,product_manager
7,7,3,6,3,6,4,4,8,5,5,8,financial_analyst
8,9,4,4,4,8,7,7,9,5,6,6,embedded_systems_engineer
7,8,5,7,6,6,5,4,6,5,6,7,industrial_engineer
8,8,4,5,5,9,7,8,6,5,8,6,cloud_engineer
7,7,5,5,5,7,6,5,7,7,5,6,civil_engineer
5,8,8,4,3,7,6,7,6,5,7,4,frontend_developer
8,7,6,5,4,7,5,4,6,7,5,7,civil_engineer
6,9,5,6,5,7,6,6,6,7,6,8,mechanical_engineer
6,6,7,9,7,5,6,5,6,8,7,5,teacher
9,9,3,4,3,7,5,6,8,6,6,7,database_administrator
5,5,7,9,6,4,6,5,6,7,8,3,teacher
7,6,7,6,5,6,3,5,10,4,5,7,civil_engineer
5,4,5,9,6,5,5,5,6,7,8,2,hr_manager
5,6,8,9,3,6,8,5,5,5,5,1,content_writer
10,10,8,4,6,8,8,9,7,6,7,10,ai_machine_learning_engineer
7,7,8,5,4,10,8,7,7,6,8,6,game_developer
6,4,5,6,4,6,7,7,7,5,6,6,environmental_scientist
6,5,8,8,7,7,6,5,4,8,7,3,marketing_manager
9,8,7,5,5,9,10,8,8,6,6,8,research_scientist
6,5,6,7,9,9,7,6,3,10,6,4,entrepreneur
9,9,5,6,3,10,9,7,7,7,6,7,software_engineer
9,8,4,5,4,8,5,4,8,7,5,8,financial_analyst
6,4,6,10,4,7,8,4,6,7,5,2,psychologist
9,8,6,4,4,10,9,8,6,6,7,7,software_engineer
9,6,7,5,4,7,8,6,10,6,5,6,biotechnologist
4,8,8,4,3,6,6,7,8,5,6,3,frontend_developer
6,9,10,4,5,7,7,7,7,5,8,5,game_developer
6,6,4,7,6,6,6,4,8,5,7,6,industrial_engineer
8,6,5,5,5,10,8,8,7,7,6,6,cloud_engineer
5,6,9,7,3,6,6,6,8,4,6,3,ux_designer
9,8,5,7,6,8,6,7,7,5,5,6,business_analyst
7,8,6,5,6,8,5,5,7,6,5,7,industrial_engineer
6,6,7,5,4,8,7,6,8,6,7,7,architect
8,8,4,3,3,8,8,9,9,6,5,7,embedded_systems_engineer
7,5,6,6,4,6,9,6,5,5,7,4,environmental_scientist
6,4,8,7,6,5,8,4,7,4,3,2,content_writer
7,9,6,5,4,8,8,9,8,8,6,5,devops_engineer
7,7,5,6,5,7,5,6,9,5,8,5,industrial_engineer
8,8,4,3,3,7,5,5,9,7,4,6,database_administrator
5,8,8,5,2,6,6,8,8,4,5,4,frontend_developer
5,5,7,8,3,6,8,6,6,4,4,3,content_writer
4,4,4,9,7,4,6,4,6,8,8,2,hr_manager
8,10,4,5,3,9,7,8,5,6,6,6,backend_developer
9,8,4,7,5,7,5,6,8,5,6,5,business_analyst
8,7,4,7,6,7,7,7,9,9,7,6,physician
7,8,2,4,3,8,5,6,10,5,6,7,database_administrator
5,7,3,8,5,5,5,4,8,9,7,2,nurse
7,9,4,7,6,7,6,5,7,5,7,6,industrial_engineer
6,6,8,8,2,4,8,4,5,4,3,1,content_writer
8,6,5,6,6,6,5,5,7,6,7,8,civil_engineer
8,9,3,6,5,6,5,6,8,6,5,5,business_analyst
10,8,7,7,4,7,8,8,8,6,5,10,data_scientist
7,6,2,5,4,5,5,5,9,8,5,4,pharmacist
8,6,2,6,3,5,5,5,9,6,5,5,pharmacist
9,7,7,7,5,7,9,9,6,6,7,10,data_scientist
8,8,4,3,3,8,7,8,9,5,7,7,cloud_engineer
5,6,9,5,4,6,5,7,9,4,6,3,ui_designer
9,5,4,6,3,3,7,6,8,6,5,6,pharmacist
6,5,8,6,5,6,6,7,8,5,6,3,ux_designer
8,9,7,5,5,9,10,10,8,5,6,8,ai_machine_learning_engineer
7,5,6,6,5,6,7,6,7,3,6,3,ux_designer
8,8,4,6,6,6,4,4,7,8,8,8,industrial_engineer
6,9,5,6,4,8,7,7,8,7,5,5,devops_engineer
8,8,7,5,4,7,9,8,8,7,5,8,research_scientist
7,6,6,4,4,7,7,8,8,6,6,6,biotechnologist
7,8,9,6,2,7,6,8,6,5,6,3,frontend_developer
8,8,4,3,2,9,6,8,9,6,5,7,embedded_systems_engineer
8,5,5,9,5,5,6,4,7,7,5,2,psychologist
7,6,7,7,6,7,4,6,7,6,7,8,industrial_engineer
5,5,8,8,4,6,8,5,7,3,6,4,content_writer
5,6,4,8,8,9,8,6,3,8,8,5,product_manager
5,6,7,10,6,6,5,5,5,6,6,3,marketing_manager
7,9,5,5,4,7,8,8,7,6,6,6,cloud_engineer
7,7,9,4,5,9,8,7,6,4,6,5,game_developer
7,7,8,5,3,8,8,6,6,3,6,6,game_developer
9,8,6,4,2,7,6,6,9,6,4,8,mechanical_engineer
5,7,4,6,6,6,6,3,10,5,5,7,civil_engineer
7,6,5,5,5,7,7,4,8,3,7,4,environmental_scientist
6,7,9,7,6,7,5,6,8,6,6,6,architect
6,5,6,9,6,7,6,4,5,6,6,3,marketing_manager
8,8,6,6,4,6,6,6,9,6,7,8,chemical_engineer
5,8,7,5,4,6,6,6,8,5,5,2,frontend_developer
5,6,9,6,5,8,6,4,9,5,7,7,architect
9,8,6,7,4,9,10,10,8,6,7,10,data_scientist
9,8,7,6,4,9,7,8,9,6,4,6,research_scientist
8,9,8,6,5,9,9,9,7,7,6,8,ai_machine_learning_engineer
7,6,1,5,5,6,5,6,7,5,4,5,pharmacist
4,5,7,9,6,6,5,6,4,6,6,3,marketing_manager
5,7,8,5,3,8,8,6,7,6,6,4,frontend_developer
8,8,4,4,4,5,4,6,9,7,6,8,financial_analyst
4,5,6,9,7,6,6,5,4,6,7,4,marketing_manager
8,8,6,5,3,8,8,8,7,5,8,6,backend_developer
10,9,6,4,4,8,8,8,6,5,6,7,software_engineer
8,6,6,6,6,7,5,5,8,6,7,7,civil_engineer
5,6,5,10,2,6,7,4,5,8,5,2,psychologist
7,7,5,5,5,9,8,7,9,7,6,5,devops_engineer
5,6,7,8,4,4,7,6,6,2,3,0,content_writer
6,9,5,4,5,9,7,7,6,5,5,6,backend_developer
7,5,8,5,5,6,6,6,9,6,7,6,architect
7,8,6,5,2,9,7,6,8,5,6,8,embedded_systems_engineer
7,6,8,6,4,6,6,6,8,6,5,6,architect
4,4,1,3,3,6,3,5,8,5,5,7,accountant
8,8,5,6,3,8,6,5,7,6,5,8,electrical_engineer
8,9,4,3,5,8,7,7,8,9,5,5,cybersecurity_analyst
5,6,5,8,8,8,7,7,4,7,7,2,product_manager
6,5,5,6,2,6,7,7,6,5,5,5,environmental_scientist
8,6,6,6,4,6,5,5,7,6,8,8,industrial_engineer
6,8,6,3,4,9,6,6,9,7,6,5,devops_engineer
8,6,5,5,5,7,5,5,6,7,8,6,industrial_engineer
4,6,5,9,7,5,4,6,5,7,8,4,project_manager
8,8,3,5,2,7,6,6,8,6,5,7,database_administrator
9,9,5,4,4,9,8,9,6,5,5,8,software_engineer
7,8,6,5,5,7,7,7,7,6,7,4,devops_engineer
7,7,10,5,4,7,8,7,5,5,5,7,game_developer
4,6,9,8,6,6,7,5,4,6,7,3,marketing_manager
5,6,5,10,6,6,7,5,6,6,5,2,psychologist
7,6,6,3,5,6,8,7,6,6,7,5,frontend_developer
10,6,7,4,5,8,9,8,9,5,6,6,research_scientist
10,8,6,6,4,8,8,7,6,5,7,8,data_scientist
6,6,8,7,3,8,7,7,7,3,5,3,ux_designer
5,6,4,7,7,5,5,5,6,9,9,4,project_manager
5,5,8,9,6,6,7,5,5,6,8,2,marketing_manager
8,7,7,6,4,7,7,7,8,7,7,6,biotechnologist
7,7,7,5,3,9,7,7,7,4,6,4,frontend_developer
5,6,3,4,2,6,4,4,9,6,4,7,accountant
8,8,7,5,4,7,10,8,8,6,7,7,data_scientist
9,9,6,4,3,9,8,8,9,7,6,9,data_scientist
6,9,9,4,1,6,8,6,7,5,7,4,frontend_developer
7,8,2,3,4,6,6,5,9,7,4,6,database_administrator
4,4,7,4,1,6,6,5,7,4,5,2,graphic_designer
5,4,8,8,7,4,7,7,5,7,6,5,teacher
8,5,6,6,4,5,7,4,6,5,5,5,environmental_scientist
7,8,3,5,3,7,6,5,9,4,5,9,financial_analyst
8,7,6,5,2,8,8,8,6,6,5,8,data_scientist
6,8,5,5,6,8,5,5,8,6,6,6,civil_engineer
6,6,1,5,4,4,2,4,7,5,3,9,accountant
4,5,9,8,10,8,8,7,4,9,6,6,entrepreneur
4,5,6,9,6,5,6,3,5,7,7,4,teacher
8,5,4,4,4,6,6,4,8,7,6,7,pharmacist
6,5,7,9,6,7,7,5,5,6,9,3,marketing_manager
4,6,3,6,9,8,4,5,5,8,8,4,project_manager
7,6,3,6,4,5,3,4,8,6,5,7,financial_analyst
8,8,6,6,4,8,8,6,9,5,6,7,biotechnologist
7,9,3,10,6,7,7,6,8,9,4,4,lawyer
9,5,6,5,4,7,7,7,8,7,5,5,biotechnologist
7,5,7,9,10,7,6,6,6,8,7,4,product_manager
5,6,7,6,6,7,6,5,8,6,5,6,architect
8,6,2,6,4,5,3,4,9,6,5,5,pharmacist
7,7,4,10,6,9,5,5,8,8,4,3,lawyer
9,8,7,6,4,8,8,10,8,6,6,8,data_scientist
6,6,9,6,2,7,5,4,7,4,6,3,ui_designer
6,5,7,7,8,10,9,7,5,9,7,5,entrepreneur
8,9,6,4,2,9,6,7,9,6,5,6,embedded_systems_engineer
8,7,0,8,3,4,5,5,9,6,4,5,pharmacist
7,10,5,3,3,8,8,8,6,7,7,6,backend_developer
8,7,7,5,4,7,7,6,8,6,5,7,biotechnologist
7,5,6,8,9,8,6,7,4,7,7,4,product_manager
6,4,10,8,2,4,7,5,5,3,4,2,content_writer
5,7,7,6,5,5,6,5,8,5,5,6,architect
6,6,5,6,6,7,5,5,9,6,6,8,civil_engineer
7,8,5,6,7,7,6,4,7,6,7,6,industrial_engineer
6,6,5,3,4,9,7,7,7,7,5,6,devops_engineer
6,6,9,7,4,7,8,6,8,4,6,3,ux_designer
8,9,2,3,4,8,5,6,9,5,4,6,database_administrator
6,8,4,6,6,7,4,5,6,7,6,7,industrial_engineer
5,7,2,4,4,5,4,5,8,6,6,4,pharmacist
6,6,6,8,6,7,7,7,4,7,8,5,product_manager
7,7,3,6,7,6,5,5,7,6,7,8,industrial_engineer
5,5,6,9,6,4,6,5,6,7,6,4,teacher
10,8,6,4,4,8,9,7,6,6,6,8,software_engineer
4,6,4,10,7,5,4,4,7,7,8,2,hr_manager
6,7,8,6,5,7,7,6,6,3,7,1,ux_designer
9,9,5,5,2,9,8,7,10,7,5,5,cybersecurity_analyst
8,8,7,5,5,7,8,7,7,5,5,7,biotechnologist
9,9,7,5,4,7,9,8,8,5,6,6,research_scientist
6,5,7,8,10,8,7,8,4,9,5,3,entrepreneur
9,8,8,5,4,8,9,8,8,6,5,6,research_scientist
3,5,10,4,3,6,5,6,7,4,5,3,ui_designer
4,6,3,9,7,6,7,6,7,8,7,3,project_manager
9,9,4,6,4,8,8,9,8,6,7,7,cloud_engineer
8,8,4,5,4,7,6,7,9,9,5,5,database_administrator
5,4,3,6,6,7,4,6,8,9,9,3,nurse
9,8,5,5,3,10,8,7,7,6,7,8,software_engineer
8,7,6,5,4,9,7,7,8,6,6,5,devops_engineer
8,9,6,4,5,9,8,8,8,7,5,6,cybersecurity_analyst
4,3,4,9,7,5,6,3,5,8,8,2,hr_manager
9,10,8,4,4,7,9,8,7,7,6,9,ai_machine_learning_engineer
5,7,9,5,3,7,7,7,6,5,5,6,frontend_developer
5,5,8,7,5,6,8,5,6,4,5,1,content_writer
7,8,5,6,7,7,6,4,7,7,8,7,industrial_engineer
10,9,6,3,5,9,7,9,8,6,5,7,software_engineer
9,9,6,6,3,8,8,8,7,5,6,8,software_engineer
8,9,5,4,4,7,7,7,8,7,5,6,embedded_systems_engineer
10,9,4,5,3,7,4,6,10,6,5,6,database_administrator
6,5,6,9,7,5,7,5,6,7,6,5,teacher
7,8,5,7,3,8,6,7,7,5,6,7,mechanical_engineer
7,8,6,5,4,9,7,7,9,7,6,9,mechanical_engineer
8,7,7,7,4,7,9,8,6,6,7,8,data_scientist
7,6,5,6,5,7,4,6,8,7,7,8,civil_engineer
9,7,5,6,5,7,8,7,8,5,6,6,biotechnologist
6,6,7,6,7,8,8,7,4,7,9,3,product_manager
6,4,8,7,9,8,9,7,3,8,4,6,entrepreneur
8,8,5,5,2,8,8,8,10,8,4,6,cybersecurity_analyst
10,9,6,3,4,9,10,6,8,6,5,7,research_scientist
5,6,6,9,4,6,6,5,7,5,3,1,content_writer
7,8,4,6,4,7,5,7,9,6,5,6,civil_engineer
8,10,5,4,4,7,7,8,7,7,5,6,cloud_engineer
6,8,5,7,6,9,6,6,9,8,6,3,lawyer
4,5,8,9,6,7,6,6,5,5,6,2,marketing_manager
7,7,7,6,4,9,9,8,7,7,3,7,biotechnologist
4,4,8,5,3,6,5,5,8,5,7,0,graphic_designer
7,8,9,5,3,8,8,8,8,6,6,5,game_developer
7,7,9,6,4,8,7,8,8,5,8,6,game_developer
5,6,6,8,7,6,7,6,5,7,9,4,product_manager
7,6,3,5,2,6,3,4,10,5,2,9,accountant
6,4,2,7,4,6,6,4,7,7,8,3,nurse
9,9,5,5,2,8,7,8,7,6,7,7,backend_developer
8,7,4,5,4,7,7,5,9,6,7,7,chemical_engineer
6,5,9,7,4,8,7,6,7,4,7,4,ux_designer
7,7,4,6,8,8,4,3,5,5,7,7,industrial_engineer
8,7,10,5,4,8,8,7,6,6,7,6,game_developer
9,10,5,4,3,6,7,8,7,6,4,7,embedded_systems_engineer
8,9,4,4,4,7,7,7,9,8,6,6,embedded_systems_engineer
8,7,4,5,6,5,5,7,7,5,5,8,financial_analyst
6,6,3,8,9,5,6,6,6,8,8,3,project_manager
7,7,1,7,5,5,6,4,7,6,5,6,pharmacist
5,5,8,6,5,8,6,5,8,5,6,7,architect
8,9,7,6,4,9,10,8,7,6,7,10,ai_machine_learning_engineer
5,6,4,6,9,7,5,5,8,9,6,4,project_manager
5,4,8,7,3,6,6,6,8,4,6,1,ui_designer
6,5,5,9,3,7,9,6,7,7,4,4,psychologist
9,7,3,6,6,7,5,5,9,8,7,6,physician
10,9,4,8,4,6,5,5,7,4,6,6,business_analyst
9,8,6,4,4,9,10,8,10,9,5,7,cybersecurity_analyst
6,8,5,7,7,7,5,5,8,6,8,9,industrial_engineer
5,6,8,4,2,7,6,7,7,4,5,4,frontend_developer
9,7,4,6,3,7,6,5,9,5,7,8,chemical_engineer
4,4,7,10,6,6,6,4,5,4,6,2,marketing_manager
5,6,1,4,4,3,2,3,10,5,5,8,accountant
5,5,2,5,5,5,2,4,10,4,3,9,accountant
6,4,8,8,9,9,10,7,4,7,5,5,entrepreneur
8,6,4,5,3,8,7,7,7,7,7,4,devops_engineer
6,8,9,6,3,7,8,8,7,6,6,3,frontend_developer
4,5,8,7,4,5,7,5,4,4,4,3,content_writer
7,6,3,5,5,5,5,7,8,7,6,8,financial_analyst
5,4,7,9,6,7,5,6,5,5,8,2,marketing_manager
4,4,9,6,3,5,6,6,7,3,6,2,ui_designer
8,9,5,5,4,9,9,8,9,8,4,6,cybersecurity_analyst
6,7,8,5,3,7,8,6,7,4,6,5,frontend_developer
7,8,4,6,6,7,7,7,10,8,8,5,physician
8,8,5,5,5,9,10,9,8,6,4,7,research_scientist
4,6,8,9,6,5,6,5,5,6,7,4,marketing_manager
5,6,9,7,3,7,8,7,7,4,7,3,ux_designer
9,9,4,4,5,9,8,8,9,9,5,6,cybersecurity_analyst
8,7,5,3,3,9,7,8,7,6,5,5,cloud_engineer
7,6,8,7,4,7,7,5,8,5,4,7,architect
8,8,4,9,6,6,6,7,9,9,4,2,lawyer
6,8,8,5,3,6,5,9,6,5,6,4,frontend_developer
6,8,3,5,4,6,4,4,10,6,6,8,financial_analyst
6,9,5,6,7,7,6,7,6,5,7,6,business_analyst
6,5,9,8,9,8,7,9,5,9,6,5,entrepreneur
6,9,5,7,5,6,4,5,8,7,5,7,civil_engineer
5,5,3,9,4,6,6,5,8,10,8,3,nurse
8,8,6,5,4,9,8,9,8,8,4,5,cybersecurity_analyst
7,6,8,6,5,8,6,6,8,5,6,5,architect
8,6,3,7,5,6,6,6,8,5,7,8,business_analyst
8,6,5,5,6,8,7,7,8,7,5,7,chemical_engineer
5,5,8,5,5,7,6,6,8,4,5,5,ui_designer
8,9,5,8,4,8,5,5,9,7,6,6,civil_engineer
5,6,7,10,4,6,7,6,6,7,7,4,teacher
6,8,7,4,3,7,6,6,8,4,7,4,frontend_developer
9,8,7,4,5,9,9,8,9,4,5,7,research_scientist
8,5,6,6,4,5,9,5,8,6,6,5,environmental_scientist
9,10,7,5,3,8,8,8,7,6,6,8,software_engineer
6,8,4,7,8,7,6,5,6,8,9,3,project_manager
7,8,5,4,5,9,7,9,8,6,5,7,cloud_engineer
8,8,4,4,3,9,7,7,9,6,5,6,embedded_systems_engineer
7,6,2,5,3,5,4,5,8,5,4,9,accountant
8,6,4,6,5,7,4,5,8,6,7,7,industrial_engineer
8,6,4,6,6,7,6,6,6,4,6,6,business_analyst
8,7,5,5,3,8,8,10,9,5,5,7,biotechnologist
7,7,4,9,5,7,7,6,8,8,4,2,lawyer
6,7,8,7,4,6,8,6,8,3,6,3,ux_designer
8,8,5,5,5,6,4,5,9,5,6,5,chemical_engineer
6,6,7,8,8,8,7,6,5,9,5,6,entrepreneur
9,8,5,7,8,7,7,7,10,8,6,5,physician
4,5,6,10,6,3,6,7,5,7,9,3,teacher
6,9,5,5,3,8,7,6,9,6,5,5,embedded_systems_engineer
9,9,2,4,3,7,4,6,9,6,5,8,database_administrator
8,8,5,6,4,7,6,7,8,7,6,7,chemical_engineer
5,4,8,5,4,6,8,7,8,3,6,3,ui_designer
6,9,3,10,5,7,6,6,8,8,4,2,lawyer
5,3,10,6,4,7,3,7,9,3,6,4,ui_designer
6,6,6,7,9,7,9,8,5,7,6,6,entrepreneur
7,7,4,5,5,6,8,6,6,6,5,4,environmental_scientist
9,7,8,4,4,9,10,9,7,6,5,7,research_scientist
9,9,5,7,2,9,7,6,8,5,7,6,mechanical_engineer
7,8,6,5,4,8,6,5,10,6,5,8,mechanical_engineer
6,7,9,6,5,8,6,5,8,3,6,6,architect
4,7,4,8,8,7,5,4,6,9,8,4,project_manager
8,9,6,4,3,7,8,6,7,5,7,6,backend_developer
7,10,6,4,3,8,7,8,6,6,8,5,cloud_engineer
7,7,6,5,6,8,8,5,8,4,5,7,mechanical_engineer
4,5,7,8,6,4,8,5,6,5,6,2,marketing_manager
8,9,6,4,4,9,6,7,7,6,5,7,mechanical_engineer
8,7,4,7,6,5,7,6,7,4,7,6,business_analyst
7,9,5,9,6,7,6,6,8,8,5,3,lawyer
7,7,3,6,2,7,6,7,9,6,4,5,database_administrator
9,7,4,7,6,7,7,6,9,8,6,4,physician
7,6,7,8,2,5,8,4,7,7,5,2,psychologist
6,8,5,8,7,6,6,6,8,9,6,5,lawyer
4,5,2,8,5,6,5,4,7,8,8,3,nurse
5,5,6,7,5,4,7,5,7,3,5,2,content_writer
8,6,3,5,5,7,5,5,8,6,5,8,financial_analyst
5,5,9,6,2,6,7,5,9,4,5,3,ui_designer
7,6,5,6,5,7,8,6,7,4,6,5,environmental_scientist
3,3,4,9,8,5,6,4,5,8,8,3,hr_manager
6,8,4,4,3,6,5,6,10,6,5,6,database_administrator
9,7,3,6,6,8,7,6,9,8,8,7,physician
6,7,7,8,8,7,7,5,3,9,10,4,product_manager
10,8,5,5,5,9,9,10,8,6,5,9,ai_machine_learning_engineer
8,7,7,5,3,6,7,5,7,5,5,5,environmental_scientist
8,8,3,6,7,8,6,5,9,7,7,5,physician
9,9,5,6,4,9,8,8,7,6,5,8,software_engineer
7,7,3,4,2,6,7,6,8,7,6,6,devops_engineer
4,7,2,8,8,5,3,5,7,9,9,1,project_manager
8,7,6,5,3,7,7,6,8,6,6,8,mechanical_engineer
9,10,5,5,4,8,5,7,8,5,7,9,mechanical_engineer
8,8,5,5,3,9,7,8,7,7,5,8,cloud_engineer
7,6,1,3,3,5,2,4,9,4,5,9,accountant
9,9,6,5,3,8,8,8,7,5,5,9,ai_machine_learning_engineer
9,9,6,6,4,9,8,9,6,6,7,7,software_engineer
6,6,5,9,7,8,7,5,4,6,8,6,product_manager
8,9,6,5,4,8,8,9,9,6,6,8,data_scientist
4,4,8,7,3,4,6,4,6,4,3,2,content_writer
5,6,2,5,4,5,3,5,10,6,4,9,accountant
5,5,10,8,9,8,10,7,4,9,5,5,entrepreneur
5,4,3,8,5,5,5,5,9,8,9,2,nurse
8,8,2,2,3,8,6,6,10,6,5,5,database_administrator
7,7,10,5,5,9,10,7,7,6,6,6,game_developer
5,6,6,10,5,6,6,5,7,8,4,2,psychologist
9,8,7,6,4,9,8,6,6,6,6,7,software_engineer
5,5,8,6,4,7,6,5,7,5,6,2,ux_designer
4,3,8,6,2,4,5,5,7,3,4,1,graphic_designer
9,9,4,4,4,6,4,6,9,5,5,6,database_administrator
6,5,8,6,5,8,5,6,9,5,7,7,architect
7,7,3,5,5,7,6,6,8,6,5,7,chemical_engineer
4,7,8,8,5,7,6,5,6,5,8,3,marketing_manager
10,8,7,6,4,8,10,7,8,6,4,6,research_scientist
8,8,4,5,4,9,8,7,10,9,4,5,cybersecurity_analyst
7,9,6,5,4,8,6,7,8,6,4,7,electrical_engineer
6,5,1,4,3,4,2,4,10,5,3,9,accountant
5,6,9,9,6,5,6,4,4,6,7,3,marketing_manager
6,6,8,9,8,6,7,6,5,8,8,4,product_manager
8,9,5,7,5,6,6,6,8,9,6,2,lawyer
7,8,4,7,5,9,7,6,10,10,6,6,physician
7,8,4,4,5,9,8,6,8,6,5,7,devops_engineer
9,10,5,5,4,7,7,8,7,6,8,6,cloud_engineer
8,7,3,8,7,8,8,6,8,8,7,4,physician
5,6,8,5,3,7,8,8,7,3,6,5,frontend_developer
7,7,3,5,5,8,6,7,8,3,6,7,business_analyst
9,9,5,6,5,10,9,8,8,9,5,6,cybersecurity_analyst
8,8,7,7,5,9,10,8,8,7,7,7,data_scientist
9,7,3,8,4,6,5,6,6,5,7,6,business_analyst
6,4,10,5,2,6,6,6,8,4,6,3,ui_designer
9,7,4,6,5,8,5,5,8,8,4,7,electrical_engineer
9,7,4,4,3,9,6,7,9,7,6,7,chemical_engineer
8,7,4,4,4,6,5,7,10,6,5,6,database_administrator
8,10,8,5,4,10,9,9,6,5,6,9,ai_machine_learning_engineer
7,8,2,8,6,7,7,6,6,8,5,3,lawyer
9,7,6,5,5,7,9,8,9,7,5,7,research_scientist
7,7,3,3,3,7,5,6,9,6,6,5,database_administrator
8,7,4,5,3,6,7,8,9,5,5,5,biotechnologist
9,6,3,7,8,8,7,6,10,9,7,4,physician
7,5,4,10,9,8,8,6,3,7,8,3,product_manager
8,5,2,6,4,4,5,4,10,5,5,4,pharmacist
6,6,4,9,4,5,4,4,8,8,9,2,nurse
6,5,6,7,8,7,7,6,6,7,8,4,product_manager
6,5,9,7,1,7,6,7,9,3,8,2,ui_designer
10,8,6,6,5,7,9,9,8,5,5,8,research_scientist
4,6,5,8,7,5,5,4,6,6,7,2,hr_manager
6,8,7,7,5,7,5,4,8,6,7,7,civil_engineer
7,9,5,5,4,8,6,8,7,6,5,7,embedded_systems_engineer
7,8,6,6,6,8,5,5,8,6,6,7,civil_engineer
10,10,6,5,3,10,9,10,7,5,6,8,ai_machine_learning_engineer
10,9,5,4,4,7,8,9,7,6,6,7,software_engineer
7,8,4,6,6,8,6,5,8,6,6,7,industrial_engineer
8,8,7,4,3,9,8,7,7,6,4,7,software_engineer
8,8,3,3,2,7,7,5,10,7,5,7,database_administrator
7,6,2,5,3,5,3,3,8,5,5,7,accountant
8,8,5,4,3,9,8,7,9,8,5,6,cybersecurity_analyst
9,9,7,5,3,7,8,8,9,7,6,8,research_scientist
8,6,2,6,5,5,5,5,9,6,5,8,financial_analyst
10,8,7,5,4,8,9,8,8,5,6,8,research_scientist
8,7,3,4,4,5,5,5,7,7,5,10,financial_analyst
6,8,6,5,2,8,7,7,8,5,8,8,mechanical_engineer
5,6,6,5,7,8,5,5,6,6,8,8,industrial_engineer
8,9,4,5,3,7,8,7,7,6,7,5,devops_engineer
6,7,5,5,6,6,4,5,8,7,6,6,civil_engineer
10,8,6,5,4,9,4,6,7,5,5,8,electrical_engineer
9,8,6,7,4,7,9,7,8,5,6,9,data_scientist
10,8,6,6,5,8,9,8,9,6,6,8,data_scientist
7,7,1,7,5,5,5,4,9,6,5,5,pharmacist
6,8,6,5,4,8,6,9,6,4,7,3,frontend_developer
5,6,5,8,8,6,5,6,7,8,7,4,project_manager
7,9,6,5,4,7,6,7,9,5,5,6,biotechnologist
6,6,9,4,3,8,8,7,7,5,7,6,game_developer
8,8,4,5,3,10,8,8,9,9,6,5,cybersecurity_analyst
8,7,5,5,3,8,5,8,7,5,5,7,chemical_engineer
7,8,3,4,4,8,7,7,8,9,7,5,devops_engineer
8,7,4,8,6,7,7,6,7,6,5,6,business_analyst
8,9,8,5,3,9,8,8,7,4,5,3,frontend_developer
7,8,2,5,4,6,6,3,8,6,5,7,financial_analyst
6,5,8,9,7,7,6,4,5,6,6,2,marketing_manager
8,8,8,4,4,9,9,8,8,4,5,7,research_scientist
8,8,5,4,3,8,6,7,7,6,5,7,mechanical_engineer
8,8,5,4,5,7,6,7,7,5,5,6,cloud_engineer
10,10,6,5,3,8,8,8,7,6,5,6,software_engineer
6,7,6,6,4,7,8,6,6,8,7,5,environmental_scientist
8,7,1,6,4,5,5,5,8,7,6,9,financial_analyst
8,9,4,6,5,10,6,8,9,7,7,8,devops_engineer
8,9,4,3,5,8,6,5,9,6,4,6,electrical_engineer
8,7,6,5,4,9,6,6,7,7,7,8,electrical_engineer
6,5,5,6,4,7,5,6,8,6,6,6,civil_engineer
9,8,5,2,2,8,7,8,7,6,5,7,embedded_systems_engineer
7,8,3,8,5,8,5,6,8,7,6,4,lawyer
8,9,7,4,5,9,8,10,5,6,5,9,ai_machine_learning_engineer
9,8,5,8,5,8,6,6,8,9,9,6,physician
8,7,7,5,4,8,5,6,9,7,7,9,mechanical_engineer
8,8,5,5,4,7,6,7,9,6,6,8,electrical_engineer
4,4,9,7,4,5,7,5,8,4,7,2,ui_designer
4,6,8,9,9,9,8,8,4,9,5,5,entrepreneur
7,5,3,7,5,6,5,5,6,8,8,2,nurse
9,8,4,5,4,7,6,6,6,7,6,6,backend_developer
3,4,4,10,7,6,5,4,5,5,7,0,hr_manager
9,8,5,4,5,7,6,5,8,6,6,9,chemical_engineer
9,8,6,7,5,8,9,7,9,6,7,10,data_scientist
6,7,8,8,4,7,8,6,7,3,7,2,ux_designer
8,6,5,6,5,7,6,7,7,5,5,6,business_analyst
9,9,6,5,4,9,9,10,7,7,6,10,ai_machine_learning_engineer
6,5,9,8,8,8,7,7,3,8,6,3,entrepreneur
8,9,7,5,4,8,8,8,7,6,5,7,research_scientist
6,5,9,10,10,7,7,8,4,10,7,5,entrepreneur
9,9,10,5,1,9,9,6,7,5,6,5,game_developer
7,8,6,5,3,7,6,9,7,7,6,6,backend_developer
8,7,3,5,4,6,5,6,8,5,6,8,financial_analyst
9,7,3,5,3,7,6,6,9,5,5,4,database_administrator
9,7,5,5,7,8,7,6,8,9,7,4,physician
9,8,2,4,3,8,5,5,8,7,4,6,database_administrator
8,8,3,3,4,7,6,7,8,5,4,5,embedded_systems_engineer
5,5,9,5,1,5,6,5,7,5,5,2,graphic_designer
6,5,8,9,9,8,8,6,3,8,5,3,entrepreneur
7,9,6,5,4,10,8,6,8,7,6,4,devops_engineer
7,5,6,10,4,6,6,6,6,8,5,2,psychologist
4,5,4,8,7,5,4,6,6,9,7,5,project_manager
4,2,8,6,2,6,6,5,7,5,6,1,graphic_designer
8,8,5,8,4,9,8,8,7,5,6,6,cloud_engineer
8,7,5,4,5,8,5,6,6,7,5,9,electrical_engineer
5,6,9,6,4,7,6,5,8,6,8,7,architect
10,9,5,7,5,10,9,8,8,6,6,8,data_scientist
7,8,4,4,5,7,8,6,7,7,3,7,biotechnologist
7,8,10,6,4,8,7,8,6,5,8,6,game_developer
4,4,5,9,8,4,6,5,6,7,8,2,hr_manager
6,7,10,5,4,8,8,8,6,5,7,5,game_developer
6,5,8,4,3,5,6,6,9,4,7,4,ui_designer
8,7,3,10,7,7,7,5,8,8,4,5,lawyer
6,7,8,8,4,7,7,6,5,3,4,3,ux_designer
5,5,9,6,3,5,8,6,7,4,6,4,ui_designer
8,7,10,6,5,9,8,6,9,5,7,6,game_developer
4,5,4,7,8,7,5,5,6,7,8,5,project_manager
7,8,5,4,4,8,7,7,9,6,5,7,embedded_systems_engineer
6,5,4,9,4,7,6,5,7,8,6,2,psychologist
8,8,4,8,5,7,6,6,7,4,6,7,business_analyst
5,4,8,5,3,6,8,6,7,3,6,2,ui_designer
8,8,5,4,4,8,6,7,8,5,7,4,backend_developer
3,4,5,9,5,6,5,5,5,7,9,2,hr_manager
5,5,9,9,7,7,6,6,6,4,7,3,marketing_manager
5,4,7,8,5,6,6,4,5,5,9,2,marketing_manager
6,6,2,5,3,5,3,4,8,6,4,7,accountant
7,8,5,4,5,8,7,6,7,5,5,7,electrical_engineer
3,5,8,7,2,6,6,7,8,5,6,3,ui_designer
8,9,5,4,3,10,8,7,9,8,6,6,cybersecurity_analyst
9,7,6,5,4,8,7,8,8,6,6,6,cloud_engineer
6,8,5,5,4,8,7,7,9,5,6,9,mechanical_engineer
8,7,6,4,5,6,6,6,10,7,6,7,chemical_engineer
10,8,6,7,5,10,9,7,8,5,5,6,research_scientist
4,6,5,10,7,5,6,5,7,7,7,2,hr_manager
4,3,9,6,2,2,5,5,7,5,5,2,graphic_designer
5,5,8,10,6,6,4,4,5,6,6,3,marketing_manager
8,7,5,6,5,7,7,8,7,6,7,7,cloud_engineer
8,7,8,5,3,7,6,7,6,5,5,5,frontend_developer
5,7,2,4,4,6,2,4,9,5,3,7,accountant
6,9,5,6,4,8,7,8,9,7,6,6,devops_engineer
9,8,8,5,4,9,10,9,7,6,6,8,research_scientist
10,7,5,7,6,7,7,6,9,9,7,5,physician
9,9,4,5,5,8,6,6,8,8,4,9,electrical_engineer
8,8,5,5,4,6,6,5,8,5,6,10,mechanical_engineer
6,4,4,9,5,5,6,4,6,7,4,2,psychologist
6,5,8,9,3,6,7,5,4,3,5,1,content_writer
8,7,5,5,4,8,7,8,7,6,7,6,cloud_engineer
4,5,3,8,4,5,6,5,8,9,8,3,nurse
7,8,6,4,5,7,7,9,8,5,4,6,cloud_engineer
10,10,5,5,4,8,7,8,7,6,6,6,software_engineer
6,4,7,8,3,5,6,6,7,4,4,1,content_writer
10,9,8,5,4,9,10,9,8,6,7,10,ai_machine_learning_engineer
7,7,2,3,3,5,3,3,10,3,2,7,accountant
8,7,3,7,4,7,4,7,8,5,6,5,business_analyst
7,8,4,4,3,8,7,7,9,6,5,7,database_administrator
6,5,4,9,6,6,7,6,6,7,6,2,psychologist
8,8,6,5,5,8,8,8,7,6,5,7,research_scientist
8,8,7,4,3,9,9,8,8,7,5,8,research_scientist
9,8,5,4,5,8,6,6,7,6,7,8,electrical_engineer
7,5,3,6,4,7,9,6,7,4,6,4,environmental_scientist
4,2,9,4,2,4,7,5,6,4,6,0,graphic_designer
5,4,7,7,3,3,6,6,5,4,5,1,content_writer
7,8,7,5,5,7,9,7,9,7,6,5,devops_engineer
7,6,8,8,10,7,7,7,4,10,6,5,entrepreneur
7,8,6,5,2,9,6,6,7,6,6,8,mechanical_engineer
5,6,6,7,8,7,6,6,4,8,8,4,product_manager
10,8,7,6,4,9,8,8,7,6,5,9,ai_machine_learning_engineer
7,5,6,6,3,7,8,6,6,6,5,7,biotechnologist
8,7,4,5,4,6,5,7,8,7,5,8,financial_analyst
6,7,2,2,2,5,4,4,10,5,5,7,accountant
7,9,4,4,4,7,7,6,8,7,4,8,embedded_systems_engineer
4,5,7,9,3,6,7,4,6,4,5,1,content_writer
6,3,4,9,7,6,5,5,5,8,7,2,hr_manager
8,8,4,6,3,8,6,9,8,7,7,4,cloud_engineer
7,6,3,7,6,8,6,7,8,7,7,6,physician
7,8,4,6,5,6,4,4,8,6,7,7,civil_engineer
9,9,6,5,4,7,7,6,9,5,6,5,biotechnologist
6,7,3,8,5,7,8,7,8,8,5,3,lawyer
8,8,4,7,4,7,8,6,8,6,5,7,electrical_engineer
10,8,5,6,5,7,7,6,8,4,6,6,business_analyst
7,7,9,4,4,8,7,8,7,4,6,7,game_developer
5,7,8,6,4,5,7,5,6,5,4,3,content_writer
7,8,3,5,4,6,6,5,7,6,5,8,financial_analyst
4,3,5,8,8,7,4,4,6,5,8,2,hr_manager
9,8,5,5,6,9,6,5,8,6,5,8,electrical_engineer
7,5,5,9,4,7,7,6,6,7,4,2,psychologist
6,6,3,5,2,6,5,6,9,5,2,8,accountant
7,7,9,5,4,8,8,7,6,5,7,6,game_developer
5,6,4,6,4,6,9,6,7,4,5,4,environmental_scientist
5,5,4,8,5,6,5,5,9,7,8,1,nurse
7,6,4,5,6,7,4,5,8,9,7,8,industrial_engineer
8,9,6,6,5,6,10,7,8,6,7,10,data_scientist
8,5,2,5,5,4,6,4,9,7,4,5,pharmacist
5,4,6,8,7,5,5,3,6,6,9,2,hr_manager
8,9,5,4,2,8,7,7,8,5,5,6,embedded_systems_engineer
8,9,5,5,6,8,6,6,8,7,6,6,chemical_engineer
4,7,9,5,3,7,6,6,9,4,6,3,ui_designer
9,9,4,5,4,9,8,9,9,7,5,7,cybersecurity_analyst
6,7,7,4,3,7,6,7,7,5,6,5,frontend_developer
8,10,5,5,4,9,8,8,9,8,6,5,cybersecurity_analyst
7,10,6,4,5,7,6,8,7,7,7,6,cloud_engineer
7,8,5,4,3,8,7,6,8,7,4,8,electrical_engineer
5,7,3,8,6,6,4,5,7,8,8,3,nurse
3,5,3,9,8,6,5,3,7,8,8,2,hr_manager
10,8,7,5,2,8,9,8,9,4,6,7,research_scientist
8,9,5,5,5,7,6,6,9,6,6,8,mechanical_engineer
8,9,6,7,3,7,8,8,9,7,6,10,data_scientist
7,5,6,7,9,6,7,7,4,7,9,5,product_manager
9,10,6,7,3,9,7,7,6,6,7,6,software_engineer
8,10,4,5,4,8,8,6,7,8,5,5,cybersecurity_analyst
4,4,3,8,6,5,4,5,5,6,9,3,hr_manager
7,7,8,5,4,7,7,6,8,5,8,5,game_developer
7,7,4,6,3,6,6,5,8,5,7,9,chemical_engineer
7,5,6,10,5,5,7,5,6,7,6,1,psychologist
4,5,6,10,6,5,5,5,5,7,6,2,teacher
7,4,7,8,8,7,7,6,4,6,8,4,product_manager
7,8,6,4,3,9,8,6,7,4,5,8,mechanical_engineer
9,6,2,5,3,5,3,5,8,6,5,5,pharmacist
7,6,8,7,5,7,6,7,8,4,6,1,ux_designer
5,6,9,7,5,7,7,5,8,5,5,4,ux_designer
9,9,4,5,4,8,7,7,7,7,6,5,cloud_engineer
7,6,4,5,3,6,7,6,5,5,6,6,environmental_scientist
8,10,8,6,3,9,8,9,6,7,7,9,ai_machine_learning_engineer
6,6,5,8,5,6,7,5,8,7,5,2,psychologist
8,9,5,6,4,10,8,8,7,6,5,7,software_engineer
10,9,5,6,3,8,7,8,8,6,7,7,software_engineer
10,7,4,6,3,6,5,5,8,7,6,7,financial_analyst
8,8,5,5,3,8,6,6,9,7,6,8,electrical_engineer
5,5,1,5,4,2,4,6,9,5,7,5,pharmacist
5,3,6,10,4,5,7,3,5,9,4,2,psychologist
8,5,7,6,4,6,7,8,6,6,6,5,environmental_scientist
8,8,5,6,5,7,7,8,8,7,6,5,devops_engineer
5,5,8,8,7,8,9,8,5,8,6,6,entrepreneur
9,9,7,6,4,8,7,7,7,6,5,8,software_engineer
8,7,5,6,3,7,7,9,7,6,6,6,cloud_engineer
9,8,4,7,6,9,7,7,10,9,8,7,physician
4,4,5,10,7,5,5,6,4,6,8,4,teacher
6,6,8,5,3,5,6,5,9,4,5,2,ui_designer
5,9,7,5,3,6,6,7,7,6,6,3,frontend_developer
5,5,9,6,3,6,8,6,8,3,7,3,ui_designer
8,8,4,6,5,8,5,7,8,9,6,5,physician
7,8,6,3,3,6,6,7,7,6,6,6,embedded_systems_engineer
4,5,6,8,8,5,4,4,6,8,8,2,hr_manager
6,6,5,7,5,7,8,5,6,4,7,5,environmental_scientist
9,10,6,6,3,10,8,7,7,6,6,6,software_engineer
6,7,7,5,6,7,7,5,9,6,6,6,architect
6,6,8,4,3,7,7,8,6,5,4,4,frontend_developer
7,7,2,6,4,5,5,6,9,6,5,5,pharmacist
9,6,6,4,4,6,5,7,7,5,6,8,chemical_engineer
7,8,5,6,5,7,6,5,8,6,4,8,financial_analyst
5,4,4,8,6,4,6,5,5,6,8,3,hr_manager
6,5,3,7,6,7,4,4,7,9,7,3,nurse
8,7,3,6,6,8,4,6,7,5,7,7,business_analyst
5,5,8,7,3,7,7,6,8,5,6,3,ux_designer
9,8,6,6,4,9,5,6,7,6,6,9,mechanical_engineer
7,6,2,5,4,5,5,6,10,6,4,4,pharmacist
6,6,8,6,4,7,6,5,6,3,7,5,architect
9,10,4,3,2,8,7,7,7,5,5,6,backend_developer
7,7,5,6,5,7,7,7,7,6,6,6,environmental_scientist
6,4,4,10,3,6,6,5,6,5,6,2,psychologist
7,7,8,4,5,6,8,8,8,6,6,3,frontend_developer
4,4,6,10,7,5,5,5,5,7,6,4,teacher
6,5,3,9,4,6,5,6,9,9,8,3,nurse
7,7,9,5,4,8,9,7,7,5,7,6,game_developer
6,4,8,8,10,9,8,7,4,10,6,6,entrepreneur
10,10,7,4,3,8,6,8,8,6,6,6,software_engineer
8,7,5,6,4,7,7,7,8,7,6,7,chemical_engineer
10,6,6,5,3,10,9,9,7,6,5,9,ai_machine_learning_engineer
8,7,3,9,7,7,6,5,9,7,5,3,lawyer
6,7,3,8,5,7,4,5,8,9,5,2,lawyer
7,6,1,7,4,5,6,5,10,7,5,4,pharmacist
7,6,5,8,10,7,7,7,5,6,9,4,product_manager
6,9,4,6,4,7,8,7,8,7,6,6,devops_engineer
8,7,9,4,4,8,9,5,7,5,8,6,game_developer
9,7,5,7,5,8,5,6,7,4,5,5,business_analyst
8,6,5,8,9,7,7,5,7,9,9,4,product_manager
9,7,5,6,2,8,7,6,8,5,6,9,mechanical_engineer
6,7,9,6,4,6,6,5,8,5,6,6,architect
7,8,3,9,4,6,5,7,8,7,4,4,lawyer
4,6,2,9,5,5,4,5,8,8,9,3,nurse
7,8,5,5,4,8,6,7,7,6,4,8,electrical_engineer
7,5,2,3,5,5,2,5,10,4,4,7,accountant
7,6,4,6,6,8,5,7,9,9,8,4,physician
5,5,9,9,8,7,8,4,5,7,8,3,marketing_manager
8,7,5,4,5,7,5,6,8,6,5,8,mechanical_engineer
6,6,9,6,5,7,6,5,9,5,6,6,architect
6,6,10,6,3,5,7,6,8,3,7,4,ui_designer
8,7,5,7,3,9,6,6,6,5,6,4,environmental_scientist
8,7,9,5,4,7,8,8,8,6,7,7,game_developer
6,5,6,8,7,7,6,5,6,6,7,3,product_manager
6,6,8,6,7,7,6,4,8,6,8,6,architect
9,7,2,4,4,5,4,6,8,5,4,8,financial_analyst
9,8,7,7,3,8,10,10,8,6,5,9,data_scientist
7,5,2,5,4,6,6,4,9,5,5,6,financial_analyst
7,8,4,5,5,9,7,6,9,6,6,3,devops_engineer
7,7,4,7,4,7,6,6,6,5,6,6,business_analyst
7,7,3,6,7,8,6,7,10,7,8,6,physician
8,10,4,5,3,7,7,6,7,7,5,5,backend_developer
10,9,7,5,5,9,9,7,9,5,5,8,research_scientist
8,9,5,3,3,8,8,8,7,6,5,6,backend_developer
9,7,5,8,7,9,4,5,9,9,7,5,physician
6,5,5,9,4,5,7,6,5,7,5,1,psychologist
6,8,5,6,5,8,5,5,7,6,7,8,civil_engineer
7,10,5,4,3,7,7,8,6,7,6,6,backend_developer
6,6,8,8,8,6,8,7,3,6,8,5,product_manager
8,7,3,4,4,7,4,6,9,6,4,6,database_administrator
8,7,6,6,4,5,8,7,6,6,6,6,environmental_scientist
7,7,4,6,5,5,4,4,8,7,5,8,civil_engineer
6,6,5,6,8,5,6,6,7,8,9,3,project_manager
4,5,4,9,7,5,5,5,5,7,7,2,hr_manager
5,7,6,7,5,8,5,3,7,6,6,7,industrial_engineer
5,6,9,6,4,7,7,7,7,5,6,4,frontend_developer
6,6,8,5,7,8,6,5,8,5,5,5,architect
5,7,6,7,9,6,7,5,6,8,6,4,product_manager
5,4,9,6,3,4,6,6,5,4,6,2,graphic_designer
4,5,7,8,7,6,6,6,5,7,6,4,teacher
4,6,6,10,7,6,5,4,5,8,7,5,teacher
6,7,8,5,3,8,6,8,7,5,6,5,frontend_developer
7,7,3,6,4,8,6,6,9,10,6,3,physician
9,10,7,6,4,10,9,8,8,5,6,8,software_engineer
5,6,8,9,6,5,6,5,6,6,8,3,marketing_manager
8,8,9,4,3,7,7,7,8,4,7,6,game_developer
7,8,6,3,3,8,7,8,8,5,6,6,backend_developer
7,5,6,6,3,4,8,7,7,4,8,6,environmental_scientist
6,6,5,6,5,7,4,6,8,6,6,7,civil_engineer
7,5,9,8,4,6,6,6,9,4,6,2,ux_designer
9,10,5,5,4,9,9,8,9,7,5,6,cybersecurity_analyst
6,6,8,7,5,7,5,5,8,6,6,7,architect
8,7,5,5,5,9,5,5,8,5,6,8,mechanical_engineer
7,8,8,5,3,7,8,8,7,4,6,3,frontend_developer
6,6,8,8,5,5,8,7,6,2,4,2,content_writer
9,9,5,6,4,9,8,9,6,7,5,6,software_engineer
7,10,7,4,5,7,7,6,9,5,7,7,mechanical_engineer
8,6,6,5,4,7,8,8,9,6,4,6,biotechnologist
7,6,10,6,4,8,7,7,7,5,7,6,game_developer
9,7,2,5,3,7,7,6,9,6,6,6,database_administrator
5,6,4,8,9,5,6,4,7,7,9,3,project_manager
5,4,9,4,1,3,6,4,8,3,5,4,graphic_designer
7,6,1,6,5,6,6,5,9,6,5,4,pharmacist
9,8,6,5,4,8,7,9,7,5,6,8,software_engineer
6,9,9,5,5,9,7,7,6,5,6,6,game_developer
7,6,5,5,5,6,4,4,6,5,6,7,industrial_engineer
7,5,8,6,4,8,5,4,8,5,6,6,architect
8,9,6,6,3,8,6,7,7,6,6,8,cloud_engineer
4,5,7,9,6,5,6,4,4,6,8,4,teacher
9,9,5,6,2,9,8,9,8,4,4,6,software_engineer
7,8,4,7,5,8,7,4,8,4,7,7,civil_engineer
4,3,8,7,9,8,7,8,4,9,5,5,entrepreneur
5,5,6,9,3,6,7,5,6,6,6,1,psychologist
4,6,8,9,2,5,7,3,6,5,4,4,content_writer
7,8,2,4,3,7,5,6,9,6,6,6,database_administrator
7,7,2,4,4,6,3,4,9,6,4,8,accountant
7,8,2,10,6,7,8,5,8,8,5,4,lawyer
7,6,5,5,6,6,5,6,9,6,6,9,civil_engineer
9,8,3,4,5,7,5,5,7,5,4,6,financial_analyst
7,8,4,5,5,6,4,6,8,6,6,9,financial_analyst
4,5,9,10,6,6,5,4,5,6,7,4,marketing_manager
7,7,5,5,5,8,5,6,9,7,4,9,electrical_engineer
6,7,7,7,3,7,7,6,7,5,7,3,ux_designer
4,3,4,9,7,4,5,5,6,7,7,3,hr_manager
6,6,3,7,5,5,6,5,10,8,4,5,pharmacist
8,7,10,5,5,9,9,8,6,5,5,7,game_developer
8,9,6,2,2,9,7,7,8,7,7,5,backend_developer
8,7,3,6,6,8,7,5,6,3,5,5,business_analyst
7,7,10,6,6,8,7,5,8,5,5,6,architect
7,7,8,4,3,8,6,6,6,5,8,2,frontend_developer
6,5,8,9,8,8,8,6,4,9,5,5,entrepreneur
7,6,9,5,4,8,8,6,6,5,5,4,frontend_developer
8,6,5,6,4,7,8,5,6,7,4,7,chemical_engineer
7,5,4,9,2,6,7,5,5,8,5,3,psychologist
7,8,6,5,4,8,7,6,9,7,7,5,devops_engineer
4,5,8,8,3,5,7,6,6,6,5,3,content_writer
8,6,6,8,5,7,6,6,7,3,6,7,business_analyst
7,9,6,5,5,8,8,7,8,7,6,5,devops_engineer
7,5,7,8,8,9,7,6,4,9,6,5,entrepreneur
8,7,6,4,5,7,7,8,9,5,5,6,biotechnologist
8,6,4,8,6,7,8,6,8,5,6,6,business_analyst
9,8,5,6,3,8,7,4,8,9,5,8,electrical_engineer
6,4,4,9,4,5,6,5,7,7,5,2,psychologist
4,4,9,6,2,6,5,6,9,4,6,3,ui_designer
7,9,6,7,2,8,8,8,8,6,6,8,data_scientist
6,4,8,9,6,6,6,4,4,7,8,3,teacher
9,8,7,6,4,8,8,9,9,6,6,8,data_scientist
7,8,5,4,5,9,7,6,9,8,5,8,electrical_engineer
7,9,5,10,5,7,7,7,7,9,4,2,lawyer
8,9,5,5,2,9,8,8,6,5,6,8,software_engineer
8,7,4,4,5,8,8,8,7,6,6,6,cloud_engineer
5,5,8,8,2,4,7,6,7,4,4,1,content_writer
9,8,7,3,4,9,10,8,5,5,6,7,software_engineer
5,6,5,10,4,6,7,4,5,7,6,3,psychologist
9,8,5,6,4,9,5,5,8,6,5,8,electrical_engineer
5,4,5,7,7,5,5,4,5,8,9,2,hr_manager
6,5,8,7,6,6,7,5,8,4,7,5,architect
8,10,3,4,3,9,7,7,8,6,5,9,embedded_systems_engineer
9,8,8,4,3,8,8,8,8,5,7,5,game_developer
9,8,6,4,5,8,6,5,7,7,5,8,mechanical_engineer
7,6,2,6,5,6,5,6,8,7,5,4,pharmacist
6,6,7,7,9,8,8,7,3,9,5,5,entrepreneur
7,7,5,6,6,8,5,6,7,5,6,6,industrial_engineer
5,7,5,10,5,5,6,5,6,7,5,2,psychologist
8,7,9,4,4,9,9,5,7,5,6,7,game_developer
7,5,5,6,5,6,5,5,8,7,6,7,industrial_engineer
8,9,5,3,4,7,8,9,8,6,6,5,backend_developer
9,7,3,4,3,8,5,7,9,6,5,5,database_administrator
4,4,7,7,5,5,7,3,3,7,7,4,teacher
10,8,6,5,3,8,10,8,8,6,7,8,data_scientist
8,8,6,6,4,7,5,10,6,6,7,6,cloud_engineer
8,6,8,7,3,8,8,6,8,5,6,6,game_developer
7,7,5,6,3,7,7,7,9,6,6,5,devops_engineer
5,5,8,8,9,9,8,8,4,10,6,5,entrepreneur
7,9,4,6,4,8,10,9,9,7,6,9,data_scientist
7,9,5,3,2,9,7,7,7,5,6,6,backend_developer
6,5,6,9,4,7,8,5,6,8,5,3,psychologist
5,5,5,7,10,6,6,4,7,8,9,4,project_manager
8,7,5,7,5,8,8,5,7,4,8,7,business_analyst
7,5,1,4,6,6,4,7,8,6,5,10,financial_analyst
8,7,5,6,2,6,8,6,7,5,5,6,environmental_scientist
8,8,6,4,5,9,9,9,8,5,6,9,data_scientist
9,9,5,4,2,9,7,7,7,7,5,8,backend_developer
6,6,6,5,4,8,7,5,8,3,6,4,ux_designer
3,5,9,9,2,5,7,5,6,4,5,3,content_writer
8,8,4,5,2,7,9,9,7,7,6,5,cloud_engineer
7,7,5,6,5,7,4,5,8,7,7,7,industrial_engineer
8,8,5,4,3,7,6,8,9,5,6,5,database_administrator
9,8,6,6,4,8,8,8,9,6,5,9,data_scientist
7,7,3,5,3,6,5,5,9,6,5,8,financial_analyst
4,5,6,9,7,5,7,4,5,8,7,6,teacher
8,9,4,5,2,9,7,7,7,5,5,7,embedded_systems_engineer
7,8,4,5,4,7,6,6,8,5,4,8,electrical_engineer
8,8,4,9,6,7,4,6,9,8,5,1,lawyer
5,4,6,8,7,4,6,5,5,6,7,4,teacher
5,5,7,8,3,5,7,4,7,4,5,2,content_writer
8,7,3,4,4,6,5,6,8,6,5,7,financial_analyst
4,4,7,6,4,5,6,6,6,5,6,3,ui_designer
7,6,6,5,6,7,5,6,7,6,9,8,industrial_engineer
7,8,4,4,3,7,4,7,7,6,6,6,database_administrator
7,7,5,7,6,6,5,6,6,4,5,5,business_analyst
7,8,1,4,3,5,2,4,9,5,4,7,accountant
8,6,3,6,4,6,5,4,10,6,5,5,pharmacist
6,6,7,6,4,7,6,5,8,4,5,5,architect
6,6,10,8,5,7,5,4,7,4,6,6,architect
10,7,6,7,4,8,9,7,8,7,6,10,data_scientist
8,7,9,5,4,10,8,7,6,7,7,9,game_developer
9,9,7,5,4,9,8,8,7,5,5,8,software_engineer
7,5,8,7,6,8,6,7,7,3,7,2,ux_designer
8,9,6,4,4,9,7,9,7,6,6,7,cloud_engineer
9,7,8,4,2,8,8,8,8,6,5,7,research_scientist
8,7,6,4,5,7,7,6,8,8,5,7,chemical_engineer
5,6,5,10,3,5,7,5,7,8,4,2,psychologist
8,7,5,5,4,7,8,7,7,6,7,7,biotechnologist
6,5,8,9,4,6,7,6,6,4,3,3,content_writer
8,7,6,6,5,6,3,4,7,6,6,7,civil_engineer
7,6,9,7,6,8,6,5,7,4,6,6,architect
7,6,8,8,3,6,6,6,7,5,5,1,ux_designer
5,7,9,10,6,6,5,5,4,5,8,5,marketing_manager
8,7,6,6,4,9,8,8,9,7,6,9,data_scientist
5,3,8,6,3,6,6,6,8,5,6,3,ui_designer
8,7,5,6,6,8,5,6,9,9,7,3,physician
8,6,6,7,4,6,8,5,6,5,6,5,environmental_scientist
9,8,8,6,4,9,10,9,9,7,4,7,research_scientist
7,7,10,6,5,9,8,7,7,4,7,6,game_developer
6,9,7,6,4,10,7,6,10,8,6,5,devops_engineer
5,9,3,9,6,6,6,6,7,7,4,2,lawyer
8,9,4,7,4,8,9,7,8,8,7,8,data_scientist
8,6,6,6,4,8,6,7,7,5,5,6,chemical_engineer
5,5,9,8,3,5,8,6,5,3,5,2,content_writer
6,7,8,7,5,7,6,7,6,6,6,5,environmental_scientist
9,8,6,4,4,7,6,7,9,6,4,8,electrical_engineer
4,6,10,5,3,6,6,7,9,5,8,3,ui_designer
5,5,7,9,2,5,7,6,6,5,4,3,content_writer
7,7,5,6,5,6,8,5,8,4,7,5,environmental_scientist
6,6,9,5,3,7,5,8,7,6,6,5,frontend_developer
7,7,7,6,4,7,6,5,8,4,7,6,architect
9,7,6,3,5,6,7,6,8,6,6,8,chemical_engineer
6,6,1,4,3,5,5,5,9,5,4,8,accountant
8,7,5,6,4,6,6,6,8,6,6,7,chemical_engineer
8,7,6,4,4,6,9,7,7,6,5,6,biotechnologist
5,6,4,9,8,7,5,6,7,9,8,4,project_manager
4,4,2,7,5,5,5,6,7,7,9,3,nurse
6,7,8,7,4,8,7,6,6,4,6,4,ux_designer
7,8,5,4,5,8,6,7,7,6,5,9,electrical_engineer
6,8,5,3,4,8,6,6,7,5,5,8,electrical_engineer
8,8,7,7,3,6,9,8,8,6,7,10,data_scientist
8,5,3,6,4,6,5,5,6,6,4,9,financial_analyst
6,5,9,9,8,8,8,7,4,10,5,6,entrepreneur
6,10,7,4,2,8,7,9,8,7,6,6,backend_developer
8,7,5,7,5,6,6,5,8,9,7,5,physician
7,7,5,5,5,4,7,8,8,5,6,4,environmental_scientist
7,8,4,5,5,8,4,5,7,7,8,7,civil_engineer
8,7,5,6,5,6,5,6,6,5,8,7,industrial_engineer
6,6,7,7,4,8,8,6,7,3,7,3,ux_designer
7,7,5,5,3,9,5,8,8,7,5,5,cloud_engineer
10,8,6,5,4,9,9,7,8,7,5,7,data_scientist
3,5,8,10,5,5,5,4,3,7,7,3,teacher
6,6,5,5,3,7,6,6,7,7,6,7,chemical_engineer
7,4,5,6,3,7,8,7,7,5,7,4,environmental_scientist
8,8,5,5,3,7,7,10,6,7,7,5,cloud_engineer
6,5,10,8,8,9,7,6,3,10,5,5,entrepreneur
7,10,7,5,3,8,10,9,5,5,7,10,ai_machine_learning_engineer
8,8,5,9,5,8,6,6,9,8,5,2,lawyer
8,7,7,5,4,7,9,9,7,6,6,7,research_scientist
6,7,6,5,4,7,5,6,8,5,5,7,mechanical_engineer
10,9,6,6,3,7,8,7,7,6,5,8,research_scientist
8,9,6,3,5,8,8,7,7,6,6,6,backend_developer
9,9,5,5,4,10,7,8,10,9,4,7,cybersecurity_analyst
4,5,7,10,7,6,6,5,5,6,6,3,marketing_manager
5,7,8,5,4,7,4,3,7,6,6,7,architect
5,5,9,8,6,5,5,4,5,6,8,2,marketing_manager
7,7,5,7,5,8,3,5,8,5,7,8,industrial_engineer
5,6,8,4,3,8,6,7,8,5,8,4,frontend_developer
6,7,4,7,4,8,5,5,7,7,6,6,civil_engineer
10,8,7,5,3,7,8,7,8,7,3,6,biotechnologist
9,9,5,4,2,9,7,6,8,6,6,8,embedded_systems_engineer
7,6,5,4,4,7,8,9,8,7,5,6,cloud_engineer
9,10,7,6,3,9,8,9,8,8,6,8,ai_machine_learning_engineer
7,7,3,5,4,7,5,6,9,6,3,5,database_administrator
6,6,1,7,5,5,5,6,9,6,5,5,pharmacist
8,9,6,5,2,10,8,9,6,6,9,6,software_engineer
8,7,5,5,3,9,8,7,8,6,6,6,cloud_engineer
8,7,2,4,3,5,4,5,8,6,4,9,financial_analyst
8,8,4,5,4,5,5,5,6,8,5,9,financial_analyst
6,5,1,9,5,6,5,5,9,9,9,3,nurse
9,7,4,4,4,8,5,6,6,5,5,8,electrical_engineer
4,6,4,8,8,6,5,4,6,8,8,5,project_manager
8,10,4,4,5,9,6,7,8,5,6,6,backend_developer
8,9,5,5,4,9,6,8,7,6,7,7,cloud_engineer
9,5,6,5,4,8,5,6,7,5,5,7,chemical_engineer
8,7,5,6,5,9,7,7,7,5,8,8,cloud_engineer
9,8,7,5,3,7,9,7,9,7,5,7,research_scientist
3,5,2,9,8,4,5,4,5,7,9,1,hr_manager
6,5,7,7,10,8,8,7,5,9,7,4,entrepreneur
4,3,4,8,7,5,5,4,6,8,8,2,hr_manager
6,7,4,5,3,6,6,7,8,5,7,8,chemical_engineer
6,8,8,8,5,7,8,6,7,5,5,2,ux_designer
6,6,8,6,4,8,6,4,8,6,4,6,architect
9,9,5,5,4,6,7,6,7,7,7,9,chemical_engineer
5,6,3,5,4,5,4,6,10,6,6,5,pharmacist
10,8,6,5,4,8,9,9,7,5,5,10,data_scientist
8,7,5,5,3,8,8,8,7,7,6,6,software_engineer
8,9,4,5,5,9,9,6,8,8,4,4,cybersecurity_analyst
6,6,8,7,4,5,8,5,5,4,3,1,content_writer
7,7,4,7,3,7,5,5,9,5,5,7,chemical_engineer
6,7,10,5,4,8,7,6,5,5,8,5,game_developer
5,2,10,5,1,4,7,5,8,4,4,2,graphic_designer
8,9,5,4,2,7,7,6,8,7,6,6,backend_developer
7,8,4,6,6,8,7,4,9,5,6,6,civil_engineer
4,5,9,5,1,6,4,3,8,5,4,2,graphic_designer
9,8,6,4,3,9,8,8,6,6,6,6,software_engineer
5,7,7,8,8,7,6,6,5,7,7,5,product_manager
8,8,4,8,5,8,5,6,7,8,4,3,lawyer
8,8,4,5,4,8,6,5,8,6,5,8,electrical_engineer
8,8,4,9,6,7,4,6,8,6,3,3,lawyer
8,9,3,4,3,9,8,7,7,7,6,6,backend_developer
5,4,5,9,5,6,8,5,5,7,5,1,psychologist
6,4,8,7,9,8,9,8,6,10,6,4,entrepreneur
9,10,7,5,4,9,9,8,6,7,7,6,software_engineer
6,6,9,7,5,7,7,7,8,6,6,3,ui_designer
4,5,10,6,4,5,6,5,8,4,6,3,ui_designer
3,5,9,7,4,7,7,5,8,2,7,4,ui_designer
7,6,4,6,8,7,6,6,9,8,7,5,physician
7,7,6,6,4,7,7,6,7,5,7,6,environmental_scientist
7,8,3,5,5,7,7,7,8,6,6,9,electrical_engineer
7,8,5,5,5,9,8,8,10,9,4,6,cybersecurity_analyst
9,6,6,5,4,7,5,6,9,8,6,7,chemical_engineer
8,8,6,6,5,9,7,6,9,6,5,4,devops_engineer
6,7,2,5,2,6,3,3,8,5,3,9,accountant
7,8,6,7,4,9,8,8,9,8,5,6,cybersecurity_analyst
9,7,8,6,4,7,10,8,9,6,6,8,data_scientist
4,7,5,6,7,6,5,5,6,8,8,4,project_manager
8,9,5,5,3,9,8,9,8,10,5,5,cybersecurity_analyst
7,8,6,6,3,9,10,10,8,5,8,9,data_scientist
5,4,5,10,6,6,4,4,6,7,7,1,hr_manager
5,4,9,9,6,7,5,5,5,5,7,3,marketing_manager
10,8,4,5,2,6,4,8,8,7,5,7,financial_analyst
8,9,3,4,3,6,4,6,8,6,5,6,database_administrator
8,8,6,5,4,8,9,8,5,6,6,8,data_scientist
5,5,10,6,4,6,6,6,8,4,5,3,ui_designer
4,4,8,9,4,5,8,6,4,5,4,4,content_writer
5,5,6,8,8,6,6,4,4,6,8,5,teacher
5,7,4,8,8,8,7,7,4,8,6,4,product_manager
10,8,6,7,5,7,9,7,8,6,6,9,data_scientist
5,5,8,9,8,7,9,7,5,10,6,3,entrepreneur
7,8,10,5,3,8,9,7,6,5,8,6,game_developer
8,7,5,5,6,9,5,7,8,9,7,6,physician
8,6,5,5,4,9,8,7,8,5,6,7,biotechnologist
5,6,4,3,2,5,3,4,10,5,4,9,accountant
8,9,5,6,4,8,9,10,5,7,6,7,software_engineer
7,5,3,3,1,5,3,4,9,5,4,9,accountant
6,7,8,6,4,7,7,6,7,5,6,3,ux_designer
6,6,9,7,4,7,7,7,7,3,6,3,ux_designer
7,6,10,5,5,8,8,6,7,4,6,5,game_developer
7,5,4,10,4,4,8,4,6,8,4,3,psychologist
8,9,3,5,2,6,4,8,8,7,6,7,database_administrator
9,9,5,5,3,9,7,7,8,8,5,7,cybersecurity_analyst
5,4,2,8,5,6,5,3,8,8,7,4,nurse
7,7,3,7,4,6,4,4,8,6,6,9,financial_analyst
8,6,7,5,5,7,9,7,8,6,6,6,biotechnologist
7,8,4,5,3,7,5,6,8,6,5,6,database_administrator
7,7,8,7,9,8,10,6,4,10,5,5,entrepreneur
7,7,9,5,4,6,7,6,7,5,9,6,game_developer
8,7,5,3,4,7,8,9,7,5,7,7,cloud_engineer
7,8,5,4,4,9,8,7,9,9,6,6,cybersecurity_analyst
9,7,5,5,4,6,5,6,7,4,7,7,chemical_engineer
6,6,8,8,10,8,9,7,5,10,7,5,entrepreneur
8,7,5,4,5,7,5,6,9,6,6,7,chemical_engineer
5,5,4,8,5,6,5,4,9,8,8,4,nurse
8,10,5,4,5,7,8,7,7,6,7,6,software_engineer
9,7,6,6,3,6,5,6,8,7,6,8,chemical_engineer
8,6,9,5,3,9,8,7,7,6,7,7,game_developer
5,5,7,7,6,6,8,4,8,4,6,2,ux_designer
6,7,5,9,5,8,7,5,7,7,6,2,psychologist
7,6,8,5,3,7,7,6,7,5,7,4,frontend_developer
9,6,5,7,7,8,5,5,9,10,7,4,physician
7,7,5,3,4,9,7,8,6,6,7,6,cloud_engineer
8,8,7,6,3,8,4,7,8,6,6,7,mechanical_engineer
6,7,4,5,4,7,6,5,7,6,8,7,industrial_engineer
5,6,8,6,6,7,6,6,8,6,7,5,architect
7,8,4,5,4,8,7,6,7,5,6,5,devops_engineer
8,9,6,6,2,8,7,8,7,5,7,6,cloud_engineer
9,10,5,5,4,10,7,8,9,9,4,8,cybersecurity_analyst
6,7,4,4,4,10,6,4,8,5,5,8,electrical_engineer
7,6,2,5,4,5,2,4,9,6,5,7,accountant
7,5,4,7,5,5,8,6,6,5,5,4,environmental_scientist
6,5,8,7,2,6,7,7,8,4,7,3,ui_designer
5,6,6,10,5,6,6,5,6,7,6,3,teacher
6,7,7,5,3,8,6,7,6,6,6,5,frontend_developer
9,7,8,4,3,8,9,9,7,5,4,8,research_scientist
9,8,5,5,4,9,9,9,8,8,6,7,cybersecurity_analyst
9,9,6,5,3,9,8,10,7,7,5,10,ai_machine_learning_engineer
8,8,4,4,3,8,7,7,9,6,4,8,embedded_systems_engineer
6,6,5,8,8,6,4,4,5,8,8,5,project_manager
4,5,5,8,8,7,6,4,4,8,9,4,project_manager
8,7,4,6,6,6,3,5,6,5,7,6,industrial_engineer
8,8,4,5,3,7,5,7,9,7,7,9,chemical_engineer
7,7,6,6,4,8,5,6,8,7,5,6,chemical_engineer
4,6,9,8,5,6,6,5,6,6,8,3,marketing_manager
9,8,6,6,4,8,8,8,9,4,5,8,data_scientist
6,6,5,7,5,7,7,4,5,6,5,1,psychologist
6,7,7,6,4,7,6,4,8,6,6,4,architect
8,6,6,5,4,8,8,7,9,8,4,7,biotechnologist
6,7,10,5,4,8,6,9,7,5,6,5,frontend_developer
6,6,5,5,5,7,4,6,8,6,6,7,civil_engineer
9,7,4,6,6,7,6,6,9,8,8,3,physician
5,6,9,7,3,5,6,6,8,5,6,5,ui_designer
7,7,4,5,4,8,7,8,6,6,6,7,cloud_engineer
7,7,9,5,3,7,7,6,7,6,7,6,game_developer
6,8,4,5,3,7,8,6,6,6,6,5,environmental_scientist
3,2,6,5,2,6,5,4,9,4,5,3,graphic_designer
8,8,9,5,3,9,7,7,7,4,8,8,game_developer
5,6,8,6,3,7,6,7,7,6,6,4,frontend_developer
8,9,5,4,4,7,6,6,8,6,5,9,electrical_engineer
7,7,3,6,4,5,4,4,7,7,5,5,pharmacist
4,4,9,5,0,5,5,5,6,5,5,2,graphic_designer
5,6,6,7,8,5,6,6,5,7,9,4,product_manager
7,10,6,4,2,7,8,6,8,6,6,7,backend_developer
8,8,6,5,3,7,6,9,8,5,7,6,cloud_engineer
7,6,5,7,4,6,9,6,6,5,7,5,environmental_scientist
6,5,4,8,3,5,8,3,5,7,5,2,psychologist
9,7,5,4,5,8,6,9,7,6,5,7,cloud_engineer
9,8,7,6,3,6,9,8,8,5,5,8,research_scientist
5,7,2,5,3,4,2,5,9,4,3,9,accountant
4,4,9,5,1,5,6,5,8,4,5,2,graphic_designer
10,7,5,4,4,7,6,5,8,7,5,8,chemical_engineer
9,9,7,5,2,8,8,9,7,5,6,9,ai_machine_learning_engineer
6,5,9,5,4,7,5,6,8,4,6,3,ui_designer
4,5,4,9,6,5,5,3,6,7,8,1,hr_manager
8,7,8,5,5,9,9,6,7,6,7,6,game_developer
7,7,4,7,6,8,7,7,10,9,7,6,physician
9,8,6,5,5,9,7,8,5,7,7,7,cloud_engineer
5,8,7,10,8,7,7,5,5,8,9,3,product_manager
8,7,4,6,4,7,6,4,8,6,6,9,financial_analyst
8,9,6,5,3,9,8,5,8,8,5,8,embedded_systems_engineer
5,5,9,6,5,6,6,7,8,3,6,3,ui_designer
8,6,5,6,6,7,5,5,9,6,5,7,civil_engineer
6,5,8,8,8,8,7,7,5,8,7,5,entrepreneur
6,6,6,9,4,6,7,5,4,7,3,2,psychologist
5,4,9,6,3,6,6,6,8,5,7,3,ui_designer
5,5,9,5,2,6,6,6,7,4,4,3,ui_designer
8,7,4,5,3,6,8,6,9,4,6,6,biotechnologist
8,7,5,7,4,7,6,6,6,5,6,7,business_analyst
8,7,4,7,4,7,5,6,10,9,7,5,physician
4,5,9,10,4,6,5,5,6,5,8,3,marketing_manager
9,7,8,5,4,7,9,8,8,7,5,6,biotechnologist
9,6,8,8,8,8,8,6,4,8,7,5,entrepreneur
4,5,4,9,7,5,6,5,7,8,6,3,hr_manager
9,8,6,6,5,7,9,6,8,8,5,8,data_scientist
5,6,8,7,6,6,7,5,6,3,7,4,ux_designer
8,9,5,5,3,9,7,7,9,6,6,5,embedded_systems_engineer
7,9,4,5,4,6,8,7,8,6,5,4,devops_engineer
9,9,5,5,6,10,6,8,8,6,5,8,software_engineer
7,8,5,7,5,9,6,7,5,5,6,6,business_analyst
7,7,5,7,6,8,6,6,7,6,6,6,industrial_engineer
7,4,5,9,5,7,7,5,7,7,4,2,psychologist
5,5,4,8,5,7,5,5,8,7,8,3,nurse
9,6,3,7,6,6,5,7,8,4,6,5,business_analyst
4,3,4,9,7,3,5,5,6,7,6,2,hr_manager
8,8,4,5,3,7,7,5,9,5,4,9,electrical_engineer
10,7,7,5,4,8,7,6,9,7,5,5,biotechnologist
7,6,6,7,8,8,7,6,4,8,7,5,product_manager
8,6,6,6,3,7,9,8,7,7,4,5,biotechnologist
9,7,3,7,6,10,6,6,8,9,7,5,physician
3,4,4,10,8,6,5,4,7,8,8,2,hr_manager
7,9,8,5,3,7,6,8,8,4,6,4,frontend_developer
10,9,7,4,4,10,9,8,6,6,5,10,ai_machine_learning_engineer
8,7,5,4,2,8,10,8,8,7,5,6,biotechnologist
8,9,4,4,2,8,5,7,9,6,5,4,database_administrator
7,7,2,4,3,4,2,3,9,6,4,8,accountant
5,5,8,8,10,8,9,7,4,9,6,4,entrepreneur
6,7,8,5,4,7,6,7,9,6,7,3,frontend_developer
6,6,3,8,5,5,5,6,6,7,8,3,nurse
8,8,7,4,4,10,9,9,8,6,7,9,ai_machine_learning_engineer
7,7,10,4,4,9,7,8,7,5,7,6,game_developer
7,6,3,6,5,5,5,6,8,7,4,8,financial_analyst
6,6,8,9,10,8,9,7,4,9,4,4,entrepreneur
5,5,2,9,5,7,4,6,8,9,7,4,nurse
10,8,7,5,4,8,9,7,8,7,5,7,research_scientist
7,6,2,6,5,5,3,7,9,7,6,6,pharmacist
7,6,5,7,4,6,5,4,7,7,6,7,civil_engineer
7,6,2,3,5,4,2,5,9,6,5,8,accountant
6,6,6,7,10,9,6,7,4,8,9,4,product_manager
9,9,7,4,4,8,8,9,7,7,5,9,ai_machine_learning_engineer
8,9,5,6,5,9,8,7,8,8,6,6,cybersecurity_analyst
8,7,3,4,3,7,5,6,9,7,4,7,database_administrator
7,9,4,5,3,7,8,8,10,8,5,6,cybersecurity_analyst
8,9,6,4,4,9,9,9,8,6,5,6,software_engineer
9,8,5,5,4,9,9,8,9,8,7,5,cybersecurity_analyst
7,4,10,6,3,5,7,5,6,4,3,1,content_writer
9,7,5,4,4,7,5,5,9,6,4,7,chemical_engineer
5,4,7,10,6,6,7,5,4,8,8,4,teacher
6,6,8,8,6,8,7,5,7,4,7,3,ux_designer
9,9,5,5,4,8,8,7,7,6,6,7,software_engineer
6,5,8,8,4,6,7,5,6,4,4,2,content_writer
8,8,5,5,5,6,6,6,8,5,6,6,chemical_engineer
6,7,9,4,2,7,6,5,6,6,6,4,frontend_developer
9,9,7,6,5,8,10,9,7,5,6,9,data_scientist
4,3,4,8,7,5,5,3,5,8,8,3,hr_manager
6,8,5,6,4,10,7,7,7,4,5,5,cloud_engineer
8,9,4,4,2,8,6,6,9,6,4,6,embedded_systems_engineer
4,4,8,4,3,5,5,5,8,4,5,2,graphic_designer
5,2,8,5,2,5,5,4,7,5,5,2,graphic_designer
4,5,9,9,3,5,7,6,5,5,4,2,content_writer
7,6,3,8,6,7,7,5,9,9,7,6,physician
4,5,5,10,6,5,7,6,4,6,8,5,teacher
4,4,9,9,4,5,7,5,4,5,6,2,marketing_manager
7,9,6,6,3,7,9,6,8,6,4,6,biotechnologist
6,6,8,6,3,8,7,6,7,4,4,3,ux_designer
4,5,6,10,4,4,7,5,5,7,8,4,teacher
7,7,3,5,6,8,6,6,9,9,7,5,physician
7,9,6,4,3,6,6,6,8,5,6,7,backend_developer
7,5,9,7,10,8,8,9,5,10,6,5,entrepreneur
5,6,6,8,6,5,8,5,4,8,8,3,teacher
8,8,5,4,5,9,6,7,8,7,5,6,devops_engineer
5,6,5,9,4,5,6,5,7,7,4,1,psychologist
4,4,4,8,7,5,5,5,7,7,7,3,hr_manager
8,9,7,5,2,9,10,8,7,7,4,6,research_scientist
4,5,4,8,8,5,5,3,8,9,7,1,hr_manager
7,6,8,7,9,7,8,7,5,8,6,6,entrepreneur
4,3,3,9,8,4,5,4,5,8,7,2,hr_manager
5,3,9,7,1,4,5,5,8,4,5,2,graphic_designer
6,5,3,7,7,7,5,6,9,7,9,2,nurse
8,9,6,4,3,10,8,8,10,7,6,6,cybersecurity_analyst
7,9,5,8,6,7,7,6,7,9,5,3,lawyer
7,6,8,7,4,7,6,5,8,5,6,7,architect
8,8,4,6,4,10,7,8,9,6,6,5,devops_engineer
9,9,7,5,5,8,9,6,7,7,5,10,data_scientist
7,8,5,5,4,8,5,6,9,6,5,10,electrical_engineer
3,5,8,7,5,5,7,5,4,6,8,3,marketing_manager
5,4,7,5,5,6,6,5,7,5,7,7,architect
9,8,4,4,5,8,7,7,6,7,6,7,cloud_engineer
6,9,5,7,5,6,4,5,7,7,6,10,civil_engineer
9,7,3,8,5,8,6,5,5,5,6,6,business_analyst
7,7,7,5,3,7,8,8,8,4,5,4,frontend_developer
4,7,1,4,4,5,4,5,7,5,4,8,accountant
9,9,6,6,3,8,10,10,7,7,7,9,ai_machine_learning_engineer
10,7,6,6,4,8,9,9,8,8,5,8,data_scientist
8,8,3,5,4,9,6,6,7,6,5,9,electrical_engineer
8,7,3,5,4,6,6,4,7,7,4,7,financial_analyst
5,4,8,8,9,9,7,7,4,10,5,3,entrepreneur
7,9,5,8,4,8,5,6,9,8,5,2,lawyer
7,9,6,5,2,8,6,7,8,6,4,7,embedded_systems_engineer
3,3,8,4,2,6,7,4,6,4,5,1,graphic_designer
7,9,4,5,3,9,6,7,7,6,2,7,embedded_systems_engineer
9,7,3,5,4,5,6,5,7,7,4,7,financial_analyst
7,9,2,4,2,6,6,6,9,7,4,6,database_administrator
8,7,6,7,4,8,6,8,8,6,7,7,cloud_engineer
6,4,3,9,5,6,8,5,9,7,8,3,nurse
6,5,4,8,7,6,6,4,6,7,7,1,hr_manager
7,6,5,7,6,8,5,6,8,7,6,6,civil_engineer
7,6,4,6,4,4,8,7,7,4,4,4,environmental_scientist
8,9,2,5,2,6,5,7,9,5,6,6,database_administrator
6,6,4,8,6,5,7,3,5,6,6,1,psychologist
7,7,3,6,6,7,5,5,7,3,6,6,business_analyst
5,5,7,9,6,6,6,6,5,7,7,4,teacher
7,8,4,9,6,6,6,6,8,8,4,3,lawyer
8,8,4,7,6,9,6,7,8,10,7,5,physician
7,8,6,9,8,7,7,5,5,6,7,4,product_manager
5,5,9,6,4,6,6,6,8,4,6,1,ui_designer
9,9,4,5,2,10,9,7,8,9,6,6,cybersecurity_analyst
7,6,8,6,10,8,7,9,2,9,6,4,entrepreneur
4,4,8,10,6,6,6,6,5,8,7,2,marketing_manager
7,5,3,5,5,4,4,4,10,6,4,5,pharmacist
4,5,9,6,2,6,6,5,6,4,6,3,graphic_designer
9,7,6,5,5,9,6,7,9,6,5,7,mechanical_engineer
5,4,9,6,1,5,6,7,7,2,4,3,graphic_designer
7,8,5,4,5,7,7,6,9,6,7,6,backend_developer
6,5,8,9,6,7,7,4,6,6,5,3,marketing_manager
9,8,2,5,1,7,4,6,9,6,4,6,database_administrator
9,8,6,7,2,9,9,8,7,7,5,9,data_scientist
6,8,7,6,4,6,5,6,7,3,6,4,frontend_developer
9,10,8,6,5,10,8,8,6,6,6,9,ai_machine_learning_engineer
4,7,4,9,8,8,6,5,7,8,8,4,project_manager
10,9,6,5,4,9,7,10,8,5,6,8,ai_machine_learning_engineer
7,6,6,6,5,8,9,7,7,6,5,6,biotechnologist
8,8,5,5,5,9,7,10,8,7,6,4,cloud_engineer
8,8,7,5,4,7,9,7,8,5,6,8,biotechnologist
4,5,7,10,5,5,5,4,3,5,6,2,marketing_manager
9,9,5,4,3,9,8,9,7,7,7,8,software_engineer
5,5,8,8,10,7,9,8,5,8,6,5,entrepreneur
7,7,4,5,4,7,6,7,9,7,5,4,devops_engineer
6,5,5,9,4,7,8,5,6,8,5,1,psychologist
5,4,4,8,7,5,4,5,5,7,7,2,hr_manager
2,4,8,5,3,5,6,5,6,3,6,3,graphic_designer
5,5,3,9,5,6,4,5,7,8,7,3,nurse
9,7,9,7,4,9,9,8,9,4,6,7,research_scientist
6,6,7,6,8,7,8,6,5,6,8,5,product_manager
7,5,9,8,10,8,10,7,5,9,6,5,entrepreneur
6,6,4,9,3,7,6,5,5,8,4,2,psychologist
10,9,7,5,3,8,10,10,6,6,6,9,ai_machine_learning_engineer
7,6,2,6,5,5,6,5,8,5,4,4,pharmacist
9,8,2,4,2,8,5,7,9,7,5,5,database_administrator
9,8,6,4,4,6,8,9,9,6,5,8,research_scientist
8,8,5,4,5,9,8,8,9,7,5,6,cybersecurity_analyst
8,8,8,5,5,8,9,8,7,5,7,7,research_scientist
8,7,2,6,4,6,5,5,8,8,5,7,financial_analyst
6,5,8,8,9,8,8,7,3,8,5,5,entrepreneur
6,7,9,7,5,8,8,5,7,6,7,4,game_developer
5,5,6,9,5,5,6,5,5,8,8,5,teacher
7,5,1,6,3,6,4,5,9,7,5,4,pharmacist
7,7,3,10,5,8,6,6,9,9,5,2,lawyer
5,5,6,9,5,6,6,4,5,10,5,2,psychologist
8,7,5,5,6,7,8,6,9,6,5,6,biotechnologist
9,7,6,4,4,10,6,7,7,7,6,8,chemical_engineer
8,7,8,4,4,5,7,7,8,4,6,4,frontend_developer
3,5,9,8,4,5,6,5,6,3,5,2,content_writer
7,7,6,6,3,7,6,7,8,6,5,7,biotechnologist
8,8,2,3,2,8,4,6,9,6,5,7,database_administrator
8,9,5,6,5,8,6,6,7,7,5,8,electrical_engineer
6,5,8,5,6,7,6,5,9,5,6,5,architect
9,7,3,7,6,6,5,7,7,4,5,5,business_analyst
8,7,3,5,3,4,4,6,8,6,5,9,financial_analyst
8,6,4,7,5,8,6,7,10,10,8,4,physician
10,8,5,4,4,9,8,7,8,7,7,8,software_engineer
6,5,8,5,5,8,5,6,8,4,7,6,architect
7,6,6,6,5,7,5,3,8,7,7,7,civil_engineer
7,5,9,8,8,8,8,6,6,9,5,6,entrepreneur
8,6,4,7,7,8,6,6,8,9,7,5,physician
6,6,8,6,5,7,6,4,8,5,7,7,architect
8,8,5,6,5,8,9,9,8,7,6,9,data_scientist
7,8,4,5,3,3,4,3,10,5,5,7,accountant
8,6,5,5,4,6,9,7,7,6,4,6,biotechnologist
9,10,5,4,3,9,6,8,7,6,6,7,embedded_systems_engineer
6,6,4,5,5,7,6,5,9,9,7,4,physician
6,4,9,6,3,6,8,8,9,5,5,2,ui_designer
4,5,2,8,5,6,5,6,8,6,10,2,nurse
7,5,7,6,5,8,6,5,8,4,7,7,architect
4,5,8,6,2,5,7,5,7,4,6,2,graphic_designer
5,6,2,9,6,7,4,6,8,8,7,1,nurse
7,9,3,3,3,8,3,6,9,8,4,6,database_administrator
6,9,4,9,6,8,7,7,7,8,4,3,lawyer
8,5,4,6,4,6,6,7,8,6,5,7,chemical_engineer
7,7,8,4,3,6,8,8,8,5,6,4,frontend_developer
7,6,4,5,8,7,6,5,7,6,6,7,industrial_engineer
5,6,2,4,4,6,2,4,9,6,4,8,accountant
8,8,4,5,4,7,6,7,7,6,7,7,cloud_engineer
9,7,6,7,4,5,8,7,8,4,7,4,environmental_scientist
7,8,8,5,6,8,7,7,7,6,8,8,game_developer
6,5,3,2,2,3,4,4,10,5,3,8,accountant
6,3,10,5,2,4,7,5,7,4,4,2,graphic_designer
6,6,5,6,5,6,6,5,7,4,6,6,environmental_scientist
9,7,3,5,5,6,3,6,7,7,4,9,financial_analyst
8,8,6,6,4,7,9,7,8,6,6,7,biotechnologist
5,4,4,9,8,6,4,3,6,7,8,3,hr_manager
9,6,6,5,3,7,7,7,7,7,6,5,biotechnologist
6,8,3,4,4,6,3,2,8,5,6,6,accountant
8,6,2,6,4,6,6,4,9,6,4,3,pharmacist
9,8,8,6,3,9,9,10,7,6,5,10,ai_machine_learning_engineer
5,5,5,10,4,6,6,5,6,7,5,2,psychologist
6,6,5,6,5,5,8,6,8,5,6,6,environmental_scientist
8,8,6,5,4,8,7,7,8,6,5,6,embedded_systems_engineer
8,5,3,4,4,6,4,4,8,5,5,7,accountant
8,8,5,4,4,7,8,8,8,9,6,5,devops_engineer
3,4,8,4,4,4,6,4,7,4,5,2,graphic_designer
8,7,5,7,6,7,6,7,9,8,8,5,physician
8,7,6,6,3,9,8,8,7,7,5,6,biotechnologist
4,5,3,9,5,5,3,5,7,8,7,2,nurse
6,7,4,7,5,9,5,5,8,7,7,7,civil_engineer
7,6,0,4,2,5,3,6,8,5,4,10,accountant
5,4,8,7,3,6,6,6,8,4,6,4,ui_designer
8,9,4,4,2,8,8,6,8,7,5,8,backend_developer
6,6,9,9,10,7,9,6,3,9,6,4,entrepreneur
5,4,4,9,8,7,4,4,6,6,8,4,hr_manager
8,8,6,5,5,7,6,8,7,6,5,4,cloud_engineer
4,6,8,6,5,8,6,6,8,2,7,2,ui_designer
8,8,5,10,6,8,5,6,8,7,4,4,lawyer
6,6,5,7,7,6,5,5,6,8,9,3,project_manager
7,7,6,6,3,8,7,9,6,7,6,6,cloud_engineer
5,5,4,9,7,6,6,5,7,7,7,4,project_manager
6,5,7,10,5,5,6,5,4,7,5,2,psychologist
5,9,3,9,5,7,6,4,8,8,5,2,lawyer
7,9,5,4,2,10,7,7,7,5,6,6,backend_developer
9,9,7,5,4,9,8,9,6,5,5,9,ai_machine_learning_engineer
9,7,5,5,7,6,4,4,7,6,8,8,industrial_engineer
6,5,3,7,4,6,4,5,10,6,5,6,pharmacist
4,5,3,9,4,6,5,5,7,8,6,2,nurse
9,8,8,6,4,8,10,9,7,6,6,7,research_scientist
9,7,5,8,5,8,6,5,8,7,6,6,civil_engineer
8,7,5,9,5,9,6,7,8,7,4,3,lawyer
7,7,4,8,7,5,6,6,6,9,9,5,project_manager
9,8,2,4,4,6,7,4,9,7,4,6,database_administrator
9,9,7,5,4,9,8,9,8,6,6,10,ai_machine_learning_engineer
6,5,7,8,8,8,7,5,6,7,8,4,product_manager
8,8,8,5,4,7,7,6,6,5,6,7,game_developer
6,6,9,7,5,9,8,4,9,4,6,6,architect
5,8,9,5,2,7,7,7,7,5,6,4,frontend_developer
4,6,8,8,6,5,5,5,6,6,6,3,marketing_manager
5,6,8,5,4,8,7,7,5,5,5,4,frontend_developer
6,6,5,5,6,7,6,4,8,5,5,7,civil_engineer
7,6,5,7,8,7,4,5,6,8,7,4,project_manager
6,7,6,6,5,7,6,6,8,6,7,8,industrial_engineer
7,8,5,5,2,7,6,7,7,6,6,6,cloud_engineer
9,8,5,5,3,7,5,8,7,6,5,8,embedded_systems_engineer
7,10,4,4,2,8,7,7,7,6,5,7,embedded_systems_engineer
7,7,10,6,6,8,8,6,7,4,7,6,game_developer
8,10,5,3,3,7,7,5,8,5,5,6,electrical_engineer
6,6,4,9,7,8,5,6,6,9,8,4,project_manager
8,6,7,4,3,8,8,7,9,6,5,6,biotechnologist
6,8,6,5,6,8,5,6,8,5,6,7,civil_engineer
5,5,6,8,8,8,6,5,7,9,9,4,project_manager
7,5,7,6,3,7,8,5,6,5,6,5,environmental_scientist
8,8,6,4,3,8,5,5,8,5,5,7,mechanical_engineer
8,9,7,5,3,10,10,10,6,6,7,10,ai_machine_learning_engineer
9,9,6,6,4,8,8,8,7,6,6,8,software_engineer
5,5,9,6,4,7,5,5,8,6,4,6,architect
9,8,6,7,5,8,9,8,8,6,5,8,research_scientist
8,9,4,5,3,9,6,6,7,6,6,7,backend_developer
9,9,7,5,3,9,8,8,8,6,5,7,software_engineer
5,7,4,9,8,6,5,5,5,8,8,5,project_manager
8,7,5,5,4,7,7,7,8,8,6,5,biotechnologist
5,5,7,7,8,7,6,7,5,7,9,3,product_manager
10,9,8,5,5,9,8,7,7,7,7,8,software_engineer
5,5,4,6,4,5,9,6,8,6,7,6,environmental_scientist
9,8,5,5,5,8,10,7,9,7,5,7,research_scientist
5,6,9,6,5,6,7,6,6,4,6,3,frontend_developer
4,3,10,5,3,5,5,5,6,3,4,2,graphic_designer
9,8,6,5,4,7,8,10,7,6,5,6,research_scientist
6,7,4,7,7,6,6,5,8,8,4,4,lawyer
7,9,5,4,3,9,7,7,8,7,4,6,embedded_systems_engineer
5,6,5,9,7,6,6,5,5,8,9,5,product_manager
9,9,7,5,4,9,10,9,8,6,6,9,ai_machine_learning_engineer
10,9,4,5,3,9,8,7,6,7,6,6,software_engineer
8,8,4,5,2,8,5,4,9,5,5,8,database_administrator
7,6,5,6,5,8,3,3,8,6,6,5,civil_engineer
5,5,8,4,3,8,7,7,7,5,4,4,frontend_developer
6,5,6,9,6,5,8,4,7,7,6,4,teacher
7,8,2,2,4,8,5,5,9,7,4,5,database_administrator
7,8,5,5,3,6,7,8,9,8,5,4,devops_engineer
8,9,6,6,4,8,7,9,7,7,5,6,cybersecurity_analyst
4,4,4,8,7,5,5,2,6,8,9,2,hr_manager
10,9,7,6,4,7,8,8,9,5,4,7,research_scientist
6,5,8,8,5,5,7,5,4,8,7,5,teacher
4,3,3,9,6,4,5,4,6,8,9,3,hr_manager
4,4,10,4,2,4,5,6,7,4,5,2,graphic_designer
8,10,4,5,4,7,5,6,8,5,5,6,database_administrator
8,6,9,6,4,7,8,6,7,5,7,6,game_developer
6,4,4,8,5,7,4,4,7,8,8,4,nurse
8,9,4,4,4,8,7,7,8,6,6,7,backend_developer
5,5,7,7,1,5,6,5,7,4,3,1,content_writer
6,6,1,7,4,5,5,5,10,6,5,5,pharmacist
4,4,4,8,7,5,5,5,8,8,9,1,hr_manager
5,5,9,8,9,7,9,8,4,8,5,5,entrepreneur
8,9,5,5,4,10,8,8,8,5,6,7,software_engineer
6,5,7,6,9,8,8,8,5,10,6,5,entrepreneur
9,7,5,6,4,7,10,9,6,4,5,9,data_scientist
7,8,4,5,4,9,7,9,6,5,6,6,cloud_engineer
5,6,6,10,6,4,8,5,6,9,7,3,teacher
5,3,7,7,5,6,6,5,5,4,5,2,content_writer
10,9,6,5,3,7,8,8,7,7,4,8,data_scientist
7,8,5,6,6,7,5,6,9,6,6,8,civil_engineer
4,6,8,6,4,8,8,6,7,3,7,2,ux_designer
6,5,8,6,4,8,7,5,8,6,7,6,architect
7,6,5,6,5,7,3,4,9,7,6,8,civil_engineer
4,7,8,5,3,8,7,7,7,5,6,4,frontend_developer
6,5,9,8,4,6,6,4,8,4,4,3,content_writer
5,4,10,6,3,8,5,7,8,3,6,4,ui_designer
6,6,2,5,2,5,4,4,8,5,2,6,accountant
6,3,8,5,1,5,5,5,6,4,5,2,graphic_designer
8,8,5,5,4,7,6,7,7,6,5,5,cloud_engineer
5,7,8,5,3,6,7,6,7,5,6,5,frontend_developer
3,4,4,10,8,4,5,3,6,8,8,1,hr_manager
7,9,5,4,3,9,8,10,9,7,5,7,cybersecurity_analyst
6,5,5,9,4,6,6,5,6,7,4,2,psychologist
7,8,3,5,4,6,4,6,7,6,6,8,financial_analyst
8,9,5,6,5,8,8,7,9,7,7,5,devops_engineer
7,7,5,5,3,6,7,6,8,5,6,4,environmental_scientist
6,6,4,7,4,7,7,5,7,7,7,8,civil_engineer
9,9,5,6,5,9,5,6,8,4,5,9,electrical_engineer
6,6,9,6,4,8,8,6,7,4,5,3,ux_designer
5,4,8,5,2,3,6,4,7,5,5,2,graphic_designer
7,8,6,5,3,9,6,6,8,6,7,6,chemical_engineer
7,6,9,6,4,7,8,5,7,3,6,3,ux_designer
5,7,10,6,3,6,7,7,7,5,7,4,frontend_developer
7,8,4,10,6,6,6,6,8,9,5,3,lawyer
4,6,4,9,8,7,5,5,7,8,7,4,project_manager
6,8,7,4,4,7,9,7,9,7,4,6,biotechnologist
7,6,9,6,3,7,6,6,7,4,7,3,ux_designer
5,4,5,9,5,5,4,4,5,7,7,2,teacher
4,3,7,6,2,5,7,5,7,3,5,2,graphic_designer
7,4,9,8,10,7,8,7,3,9,6,4,entrepreneur
5,4,4,8,7,5,4,5,6,7,9,2,hr_manager
4,4,4,10,7,5,5,4,6,6,6,2,hr_manager
8,8,5,9,6,8,5,6,9,7,5,4,lawyer
8,6,4,5,3,8,7,8,7,6,7,6,cloud_engineer
8,10,6,4,3,7,7,7,7,5,7,5,backend_developer
6,9,3,10,7,6,6,8,8,6,4,3,lawyer
8,6,7,5,4,8,10,9,8,7,5,7,research_scientist
7,8,5,6,4,8,4,5,8,6,6,8,civil_engineer
7,7,4,5,5,7,5,5,7,6,6,8,business_analyst
5,6,5,8,8,6,4,5,4,8,8,3,project_manager
5,4,9,5,4,5,6,6,9,4,5,3,ui_designer
7,8,3,6,3,5,5,4,8,6,6,7,financial_analyst
7,6,7,7,4,7,6,5,7,6,5,6,architect
5,5,9,7,2,7,6,6,9,5,6,2,ui_designer
7,3,8,9,9,7,8,8,4,9,6,5,entrepreneur
4,5,5,10,5,4,6,5,5,7,7,4,teacher
8,9,6,5,3,9,5,5,7,6,6,9,mechanical_engineer
8,9,4,4,4,7,7,6,6,5,6,6,cloud_engineer
8,8,7,6,4,9,6,6,8,7,7,8,mechanical_engineer
6,7,3,9,6,7,5,6,8,8,3,3,lawyer
8,8,5,6,6,7,6,5,9,6,6,8,civil_engineer
5,5,9,4,3,8,5,5,7,5,6,3,graphic_designer
5,5,4,8,5,5,6,3,8,7,8,3,nurse
9,10,6,5,5,10,10,10,6,7,6,10,ai_machine_learning_engineer
6,6,3,7,9,6,5,3,5,9,9,4,project_manager
9,7,2,7,5,8,7,6,6,5,5,8,business_analyst
9,10,7,6,3,9,8,8,7,6,6,8,ai_machine_learning_engineer
10,9,7,5,5,8,9,9,7,7,5,10,ai_machine_learning_engineer
9,8,7,4,3,10,8,9,8,6,5,8,software_engineer
7,6,2,5,2,5,2,6,8,5,4,9,accountant
7,7,5,6,4,8,8,6,7,9,5,5,devops_engineer
8,8,7,6,5,10,4,6,8,5,4,7,electrical_engineer
4,5,7,8,6,4,6,5,5,5,7,3,marketing_manager
7,6,5,8,4,6,6,5,6,7,5,0,psychologist
8,7,4,6,4,6,7,5,8,5,5,4,environmental_scientist
8,6,3,6,3,7,6,6,6,7,5,8,financial_analyst
6,6,7,8,3,5,7,6,7,3,4,2,content_writer
6,6,7,6,4,6,5,4,8,5,6,6,architect
5,5,9,8,7,9,9,8,5,9,6,5,entrepreneur
8,7,6,4,5,8,7,8,9,6,6,5,devops_engineer
6,6,6,6,5,8,4,6,7,6,6,6,civil_engineer
7,5,9,5,5,8,8,5,6,3,7,7,game_developer
6,5,8,7,9,6,8,8,5,9,6,5,entrepreneur
8,9,5,6,5,9,7,8,5,7,5,7,cloud_engineer
7,8,8,6,4,8,8,7,6,5,7,6,game_developer
7,7,5,4,5,7,7,7,7,6,6,7,chemical_engineer
8,9,7,5,4,9,9,9,7,6,6,9,ai_machine_learning_engineer
8,7,6,4,3,8,7,5,8,7,7,8,mechanical_engineer
9,8,6,6,5,7,7,9,8,8,6,5,cybersecurity_analyst
9,9,8,4,4,9,8,9,7,6,6,10,ai_machine_learning_engineer
8,5,8,6,5,6,6,5,6,4,7,6,architect
5,5,6,9,5,6,7,5,6,6,4,3,psychologist
9,9,7,5,5,9,7,7,7,7,7,6,software_engineer
5,5,10,6,2,6,5,6,8,4,5,3,ui_designer
6,6,4,5,3,9,8,7,8,6,6,4,devops_engineer
8,6,4,4,3,6,4,7,9,5,4,7,database_administrator
6,7,8,9,7,7,8,6,3,7,7,4,product_manager
6,5,5,9,6,4,5,5,6,7,6,5,teacher
9,7,6,5,5,7,9,7,8,7,5,7,research_scientist
10,7,6,5,4,7,10,9,8,6,5,9,data_scientist
6,5,8,6,4,7,6,6,7,5,7,6,architect
5,6,4,7,9,7,5,5,6,7,9,4,project_manager
8,7,6,6,4,8,5,7,10,7,2,7,electrical_engineer
5,6,4,8,7,7,4,4,7,7,6,4,project_manager
7,6,8,8,5,7,7,6,7,4,6,4,ux_designer
6,5,8,9,7,5,7,5,5,6,7,2,marketing_manager
6,8,3,7,6,7,5,7,7,9,5,3,lawyer
8,10,4,4,4,9,6,9,10,7,6,5,cybersecurity_analyst
7,6,8,8,4,8,9,6,8,3,6,4,ux_designer
8,6,6,5,5,7,5,7,8,5,6,6,chemical_engineer
6,6,2,7,3,5,5,5,9,7,4,5,pharmacist
8,6,2,6,2,6,5,3,10,7,4,7,accountant
9,7,5,5,4,8,9,6,8,6,3,6,biotechnologist
6,9,4,9,6,7,6,5,8,8,4,3,lawyer
7,6,3,5,4,7,5,5,7,8,6,5,civil_engineer
8,6,6,7,4,6,10,6,9,7,5,6,biotechnologist
7,8,8,5,4,7,7,6,7,5,7,4,frontend_developer
6,5,9,6,4,6,5,6,7,3,7,3,ui_designer
7,7,2,4,2,6,2,4,9,4,4,7,accountant
9,10,6,4,4,9,9,8,5,7,6,9,ai_machine_learning_engineer
6,5,2,6,5,4,5,5,10,6,5,5,pharmacist
7,7,5,4,4,7,9,7,9,6,6,7,biotechnologist
8,8,5,5,5,8,10,8,10,6,5,8,data_scientist
10,9,6,6,4,7,9,8,8,5,6,9,data_scientist
5,4,9,4,2,5,7,5,6,4,4,2,graphic_designer
6,7,10,6,4,7,10,7,8,5,7,5,game_developer
5,6,8,9,10,10,9,8,5,10,7,7,entrepreneur
8,5,9,7,8,8,8,8,5,8,7,7,entrepreneur
9,8,5,5,4,6,9,10,8,7,7,10,data_scientist
5,3,9,5,3,6,6,6,8,3,5,3,graphic_designer
6,6,1,4,3,6,4,3,8,5,4,9,accountant
6,5,8,10,7,5,6,4,5,7,7,2,marketing_manager
7,7,5,6,6,7,5,4,6,5,7,8,industrial_engineer
6,5,3,7,4,5,4,3,9,6,7,5,pharmacist
4,6,10,8,5,8,7,6,6,5,6,2,ux_designer
5,7,9,4,3,8,8,6,6,4,6,6,game_developer
7,6,6,7,3,6,10,6,7,5,5,6,environmental_scientist
6,7,5,10,4,7,6,5,8,6,4,0,psychologist
9,8,7,4,3,9,10,9,7,7,5,7,research_scientist
7,8,5,4,4,7,5,9,7,7,6,6,cloud_engineer
8,8,4,9,5,9,5,7,10,9,7,6,physician
4,3,3,10,6,4,4,4,6,8,9,1,hr_manager
10,9,8,4,4,10,9,9,7,7,6,9,ai_machine_learning_engineer
8,6,1,6,4,5,4,6,9,7,5,4,pharmacist
9,9,7,4,5,10,10,10,8,4,6,8,ai_machine_learning_engineer
4,4,8,10,7,6,7,5,6,5,7,2,marketing_manager
3,4,10,5,2,4,7,7,8,3,6,3,graphic_designer
5,6,5,9,4,7,7,7,6,7,4,3,psychologist
7,7,5,6,5,7,5,5,7,6,7,8,industrial_engineer
7,5,2,6,3,5,5,5,10,6,5,6,pharmacist
5,6,5,9,5,5,7,5,6,7,5,2,psychologist
8,7,3,8,6,5,6,5,7,7,6,4,lawyer
7,6,3,8,4,6,4,4,7,8,7,3,nurse
6,6,8,7,4,7,6,5,6,4,6,3,ux_designer
8,8,5,6,4,9,8,7,9,8,6,7,cybersecurity_analyst
7,8,6,4,3,7,8,7,8,7,6,7,biotechnologist
6,8,1,8,5,6,6,7,9,8,5,3,lawyer
8,7,6,4,3,8,6,5,8,4,5,9,mechanical_engineer
7,6,2,3,3,5,4,3,9,7,4,8,accountant
8,8,6,5,3,8,5,7,7,8,6,7,electrical_engineer
6,3,8,10,8,9,8,7,4,10,6,5,entrepreneur
9,7,2,6,4,6,4,6,7,7,4,7,financial_analyst
5,7,2,7,6,4,5,6,9,6,7,6,pharmacist
6,5,4,6,3,5,8,5,8,6,6,6,environmental_scientist
8,7,4,8,8,8,7,6,9,10,7,4,physician
3,6,5,8,9,5,4,5,5,8,8,3,project_manager
5,4,6,10,6,5,5,4,6,8,8,1,hr_manager
7,9,7,4,3,9,9,9,6,5,8,8,ai_machine_learning_engineer
9,9,6,5,5,8,6,7,8,6,6,8,mechanical_engineer
9,7,3,5,4,6,5,5,8,6,4,8,financial_analyst
9,8,8,6,3,10,8,8,7,6,5,9,ai_machine_learning_engineer
5,6,3,8,5,3,4,4,8,6,10,4,nurse
8,9,4,5,4,9,6,6,9,6,4,7,electrical_engineer
6,5,4,8,9,6,5,6,6,9,8,5,project_manager
9,8,6,5,4,9,9,8,7,6,5,9,data_scientist
10,7,6,5,4,10,9,8,7,6,6,6,software_engineer
7,7,5,7,7,9,7,6,6,6,6,8,business_analyst
6,5,6,6,5,6,7,6,8,4,5,3,ux_designer
4,6,3,7,4,6,5,7,7,8,8,2,nurse
7,8,5,6,5,8,8,7,9,9,6,4,physician
6,6,2,4,4,4,4,5,8,4,5,8,accountant
5,6,2,5,3,4,2,2,9,4,3,7,accountant
6,5,5,9,5,5,7,4,5,6,5,1,psychologist
5,5,8,7,4,7,6,6,7,5,5,2,ui_designer
7,9,5,6,3,7,7,6,8,6,7,9,mechanical_engineer
5,6,7,9,3,4,8,5,5,3,4,2,content_writer
4,5,8,9,6,6,6,4,5,6,6,4,marketing_manager
8,10,6,4,3,8,7,7,10,4,6,8,embedded_systems_engineer
5,5,9,6,2,6,5,6,8,5,6,4,ui_designer
6,6,6,7,5,8,5,5,9,5,8,7,industrial_engineer
7,6,5,7,4,7,9,6,7,4,5,5,environmental_scientist
8,7,5,5,5,7,5,6,9,7,6,8,civil_engineer
5,5,7,8,9,8,6,6,5,7,7,5,product_manager
8,8,6,4,4,9,4,5,8,5,7,8,mechanical_engineer
7,9,6,6,4,8,7,8,8,7,5,5,devops_engineer
8,8,7,6,4,9,9,9,8,6,6,9,data_scientist
7,7,5,8,8,6,8,6,5,7,7,3,product_manager
7,9,5,2,2,9,8,9,6,4,7,5,backend_developer
5,6,4,6,5,5,5,5,9,8,9,3,nurse
10,9,7,7,3,8,9,7,8,6,6,9,data_scientist
7,9,4,7,7,7,7,8,9,8,6,4,physician
9,9,5,5,4,8,7,7,9,9,5,5,cybersecurity_analyst
10,7,6,7,3,8,8,9,7,6,5,9,data_scientist
7,6,3,8,6,5,4,6,8,8,8,4,nurse
8,6,2,4,4,6,3,4,9,6,3,8,accountant
8,8,5,6,3,7,10,10,8,6,7,8,data_scientist
7,6,4,6,4,8,6,6,8,6,7,7,civil_engineer
9,10,4,5,3,7,7,9,9,9,6,5,cybersecurity_analyst
5,5,10,6,1,4,7,6,7,4,6,3,graphic_designer
5,5,8,8,4,5,8,6,6,5,5,2,content_writer
3,5,8,5,4,6,5,6,7,4,5,3,ui_designer
6,4,4,7,6,7,3,7,9,9,7,3,nurse
6,3,8,9,6,7,6,5,3,5,6,2,marketing_manager
3,4,8,4,3,5,5,5,6,5,5,2,graphic_designer
9,7,5,4,7,7,4,5,7,7,6,8,industrial_engineer
5,7,9,6,1,7,6,5,8,5,7,5,frontend_developer
7,10,3,4,3,10,8,8,8,8,4,6,cybersecurity_analyst
7,8,5,7,5,8,7,5,6,6,7,5,business_analyst
7,8,4,6,5,9,7,7,8,7,6,5,devops_engineer
8,9,7,5,3,9,9,9,7,7,5,10,ai_machine_learning_engineer
7,7,5,5,4,6,6,5,8,5,8,7,chemical_engineer
6,5,4,10,5,6,5,5,8,10,6,3,nurse
10,8,7,5,4,9,8,8,8,5,6,7,software_engineer
8,9,5,5,4,8,8,7,7,6,6,7,software_engineer
8,9,4,5,3,7,6,9,7,6,7,4,cloud_engineer
6,6,9,4,3,7,6,8,7,5,5,4,frontend_developer
7,7,2,6,4,6,6,4,9,6,4,9,financial_analyst
6,6,0,4,5,5,3,5,8,5,5,8,accountant
8,8,3,4,2,6,6,7,9,6,6,5,database_administrator
6,4,9,6,5,7,7,6,5,4,5,5,ux_designer
9,7,5,8,6,8,6,5,9,10,7,4,physician
5,6,9,8,3,5,7,6,5,4,5,2,content_writer
7,6,6,6,4,6,7,6,7,4,6,6,environmental_scientist
5,6,3,9,6,7,5,5,9,8,7,2,nurse
7,8,9,6,4,8,6,7,7,3,7,6,game_developer
9,9,5,5,3,8,8,7,7,5,5,5,embedded_systems_engineer
10,8,4,7,4,6,5,5,6,4,7,6,business_analyst
6,6,2,5,3,4,3,4,8,7,4,8,accountant
7,5,6,6,5,7,9,7,7,6,5,5,environmental_scientist
9,9,6,6,5,9,7,9,7,7,6,6,cloud_engineer
7,6,8,8,9,10,8,7,5,10,5,5,entrepreneur
8,6,5,8,4,6,8,6,6,4,7,6,environmental_scientist
7,6,1,5,4,4,5,6,9,8,6,5,pharmacist
7,10,3,9,5,8,8,6,7,9,7,2,lawyer
3,4,9,6,2,4,6,4,7,4,4,3,graphic_designer
9,9,8,5,4,9,9,8,7,7,5,7,research_scientist
5,7,5,8,6,5,6,5,5,10,7,5,project_manager
6,6,1,7,5,6,4,5,9,5,5,4,pharmacist
8,8,5,5,5,7,5,5,9,4,5,8,electrical_engineer
7,8,4,5,5,10,6,8,8,8,5,6,cybersecurity_analyst
5,6,8,8,9,7,8,7,4,8,6,5,entrepreneur
5,6,3,7,6,6,6,6,8,7,7,2,nurse
5,6,8,9,5,5,5,5,6,6,8,2,marketing_manager
10,9,5,5,4,10,8,7,6,4,6,6,software_engineer
5,5,6,8,5,7,7,4,5,9,4,3,psychologist
8,6,7,8,7,8,8,4,7,8,9,4,product_manager
8,6,4,5,4,5,8,6,7,6,6,6,environmental_scientist
6,5,7,9,6,6,7,6,4,5,9,2,marketing_manager
9,9,5,7,4,8,8,9,8,6,5,9,data_scientist
4,6,10,4,4,5,7,5,8,4,6,3,ui_designer
7,6,2,6,5,5,5,4,9,6,5,6,pharmacist
8,7,8,6,4,7,8,8,7,6,5,8,data_scientist
9,7,7,5,3,9,9,8,8,7,5,5,research_scientist
7,7,5,6,4,7,7,5,8,5,7,7,chemical_engineer
7,6,3,6,3,5,5,6,9,6,4,6,pharmacist
8,10,3,6,4,10,8,9,9,10,5,5,cybersecurity_analyst
7,5,3,7,8,5,5,4,6,7,8,4,project_manager
4,3,8,8,3,4,6,4,5,5,4,2,content_writer
5,7,3,6,4,4,5,5,9,6,7,5,pharmacist
8,9,4,5,4,8,8,8,10,7,5,6,cybersecurity_analyst
4,3,4,8,8,5,6,3,6,7,8,2,hr_manager
6,5,10,6,3,5,6,5,8,6,5,4,ui_designer
9,7,6,5,4,7,9,7,10,5,5,6,biotechnologist
3,6,3,7,8,5,4,4,7,7,8,2,hr_manager
3,4,4,10,7,5,5,3,7,8,8,2,hr_manager
8,9,7,6,5,9,10,9,8,6,5,9,ai_machine_learning_engineer
7,7,8,6,4,7,8,7,7,3,6,3,ux_designer
8,9,8,6,4,10,9,8,8,5,6,9,ai_machine_learning_engineer
7,10,6,3,3,8,9,8,8,6,6,6,embedded_systems_engineer
6,6,4,6,6,7,5,5,8,6,5,9,civil_engineer
8,10,6,4,4,8,6,5,8,5,5,8,mechanical_engineer
8,8,4,10,7,7,6,6,8,8,6,2,lawyer
4,6,9,5,2,4,7,5,5,4,4,2,graphic_designer
9,5,4,5,3,7,6,7,7,6,7,6,chemical_engineer
5,3,2,8,6,6,6,4,8,9,10,2,nurse
8,8,4,10,6,8,5,5,9,7,5,3,lawyer
1,5,9,6,1,5,5,5,7,5,5,1,graphic_designer
4,5,3,6,5,5,4,5,10,9,7,4,nurse
8,9,6,5,4,7,6,7,7,7,6,7,mechanical_engineer
9,9,5,4,1,9,7,9,8,6,7,5,backend_developer
8,7,6,4,5,7,4,6,9,6,5,8,chemical_engineer
7,4,4,7,4,7,5,7,9,8,8,1,nurse
9,9,5,5,5,7,6,7,8,7,6,7,mechanical_engineer
6,4,9,7,3,6,7,6,8,3,6,4,ux_designer
5,5,9,5,5,7,6,3,9,6,6,5,architect
7,5,2,7,2,5,4,4,9,6,6,4,pharmacist
10,9,6,5,4,9,9,9,6,5,7,9,ai_machine_learning_engineer
7,6,5,7,4,5,8,5,6,4,5,5,environmental_scientist
3,7,8,9,7,5,7,4,5,6,5,4,marketing_manager
6,6,4,6,5,6,6,5,7,5,5,7,civil_engineer
6,6,8,5,5,8,7,5,8,3,6,6,architect
9,6,5,9,7,8,5,6,9,8,6,5,physician
6,6,2,5,4,7,3,3,8,6,3,9,accountant
3,2,4,10,8,6,5,3,6,7,8,2,hr_manager
5,5,7,8,3,5,7,6,6,4,5,2,content_writer
8,8,6,5,4,9,7,7,6,6,7,4,cloud_engineer
8,7,3,6,6,8,6,6,7,9,7,5,physician
7,8,8,6,4,7,6,6,8,4,7,5,architect
4,6,6,9,7,6,4,3,6,7,8,2,hr_manager
7,6,4,6,4,7,9,6,8,4,6,6,environmental_scientist
6,4,3,8,8,4,6,2,7,7,7,2,hr_manager
8,8,5,4,5,9,7,7,8,8,5,6,devops_engineer
7,10,4,6,4,7,8,6,6,7,7,6,backend_developer
5,6,5,9,5,4,5,5,4,6,7,3,teacher
7,7,3,6,3,6,6,6,9,5,5,9,financial_analyst
7,7,2,6,5,4,4,6,10,5,5,5,pharmacist
5,5,8,8,3,6,6,5,6,3,5,2,content_writer
6,6,7,8,7,4,8,6,5,8,7,4,product_manager
9,7,4,5,4,6,5,6,5,6,7,6,business_analyst
7,7,3,5,3,5,4,6,8,6,5,9,financial_analyst
2,3,9,5,1,4,6,5,7,3,5,1,graphic_designer
8,9,6,5,4,8,6,8,7,6,6,6,cloud_engineer
10,10,7,4,5,9,9,8,5,6,5,7,software_engineer
8,7,8,7,4,8,8,8,9,6,6,8,data_scientist
8,10,5,4,2,8,8,8,9,7,6,6,cybersecurity_analyst
8,8,7,5,5,7,8,7,7,6,6,7,biotechnologist
9,9,8,6,4,9,8,9,6,4,6,9,ai_machine_learning_engineer
8,8,7,4,5,8,5,7,8,7,6,8,mechanical_engineer
7,9,3,5,3,9,4,6,10,7,5,5,database_administrator
5,6,9,8,4,8,6,7,7,4,6,2,ux_designer
7,8,7,4,4,8,7,8,8,7,5,5,backend_developer
7,7,7,9,9,8,6,7,4,7,5,4,entrepreneur
5,5,8,6,7,7,5,5,9,4,6,6,architect
8,9,6,6,5,8,9,8,9,6,5,9,data_scientist
6,8,6,4,4,7,6,7,8,7,7,4,devops_engineer
9,10,5,5,3,9,6,7,8,6,6,6,backend_developer
5,2,3,8,4,5,5,6,7,8,8,3,nurse
7,5,6,6,4,7,9,7,7,6,5,5,environmental_scientist
6,7,7,9,8,7,8,5,4,6,8,3,product_manager
9,7,6,5,4,6,6,9,7,6,5,6,cloud_engineer
9,8,6,6,4,7,9,7,9,7,5,6,biotechnologist
6,8,4,5,5,7,6,4,8,7,6,7,industrial_engineer
8,9,7,5,5,9,7,8,7,7,6,6,cloud_engineer
6,7,9,5,3,6,7,7,8,5,6,5,frontend_developer
6,6,3,5,4,6,4,4,9,6,5,4,pharmacist
5,5,7,9,6,4,5,5,4,7,4,3,teacher
8,9,5,4,5,7,6,5,8,5,7,8,mechanical_engineer
7,7,4,7,4,8,4,5,7,6,6,8,civil_engineer
8,8,3,4,4,6,5,6,7,7,4,8,financial_analyst
4,6,9,7,3,8,7,5,7,4,7,2,ux_designer
9,10,6,3,3,10,8,7,8,5,5,6,embedded_systems_engineer
5,4,3,10,7,3,7,4,7,8,8,2,hr_manager
10,7,6,6,4,9,10,8,7,6,6,9,ai_machine_learning_engineer
6,9,3,9,7,7,6,6,9,9,5,2,lawyer
9,7,4,6,5,6,6,6,8,5,6,6,business_analyst
8,7,6,6,7,7,6,5,7,6,6,7,industrial_engineer
7,5,8,7,4,8,7,7,8,5,5,2,ux_designer
4,6,8,9,6,7,5,4,5,6,9,2,marketing_manager
4,5,3,9,4,6,3,5,7,7,9,5,nurse
6,4,7,8,8,8,8,8,4,7,7,5,entrepreneur
8,8,6,3,3,9,8,6,8,7,5,6,embedded_systems_engineer
8,8,5,4,5,6,6,5,8,7,5,8,electrical_engineer
6,7,9,5,3,7,7,7,8,5,5,5,frontend_developer
6,5,7,10,7,7,7,5,4,7,7,3,product_manager
7,6,10,5,3,9,9,8,8,5,7,6,game_developer
8,7,6,5,5,6,8,5,10,5,6,6,chemical_engineer
5,6,8,7,2,6,5,6,7,5,7,4,ui_designer
6,5,7,8,8,8,8,7,3,10,6,5,entrepreneur
7,7,10,6,4,8,8,7,7,5,7,7,game_developer
9,7,5,5,5,5,7,5,9,6,5,7,chemical_engineer
8,7,3,8,6,7,5,7,8,6,6,3,lawyer
6,6,6,7,9,6,7,6,6,6,10,5,product_manager
8,7,7,6,4,7,8,8,7,7,5,9,data_scientist
9,9,6,4,5,9,8,8,8,6,6,8,software_engineer
5,6,4,7,8,7,6,4,7,8,7,4,project_manager
10,9,5,7,3,10,8,8,9,8,6,7,cybersecurity_analyst
8,8,5,4,3,7,6,6,8,7,4,7,electrical_engineer
7,6,4,5,5,6,5,4,8,5,7,6,industrial_engineer
8,8,7,4,4,8,8,9,8,5,4,7,research_scientist
5,7,8,7,4,7,7,6,7,4,6,4,ux_designer
6,7,2,3,3,5,4,3,10,5,5,9,accountant
5,4,7,9,5,6,6,4,5,6,7,5,marketing_manager
3,5,8,9,2,6,6,5,5,3,5,3,content_writer
7,6,5,7,4,6,7,5,7,6,6,6,environmental_scientist
9,7,6,5,3,7,7,7,7,4,7,6,chemical_engineer
7,7,5,5,5,7,7,8,9,6,5,5,devops_engineer
7,8,4,7,5,7,7,6,8,5,7,5,business_analyst
7,5,4,5,7,7,5,4,9,6,7,7,civil_engineer
6,7,7,7,3,7,7,7,7,6,7,4,frontend_developer
9,7,3,4,4,8,4,7,9,6,4,8,financial_analyst
4,4,6,9,6,6,6,5,5,6,7,4,teacher
6,5,6,8,4,6,7,5,6,5,2,2,content_writer
5,5,4,8,3,5,4,5,8,8,9,3,nurse
7,6,1,8,4,5,5,4,9,7,5,4,pharmacist
8,7,6,6,4,9,8,6,9,6,4,6,biotechnologist
5,5,3,9,5,6,5,5,7,8,10,3,nurse
8,8,7,6,4,8,8,8,7,5,6,6,software_engineer
8,8,5,4,3,6,7,8,7,5,7,5,cloud_engineer
8,7,7,5,5,8,6,6,7,5,5,9,electrical_engineer
7,8,6,7,5,8,7,6,9,5,5,8,mechanical_engineer
8,7,7,5,4,7,8,6,9,6,4,6,biotechnologist
8,8,7,5,3,9,8,9,8,5,6,8,data_scientist
4,5,5,8,7,4,6,4,7,7,9,2,hr_manager
8,6,5,7,4,6,8,8,9,6,6,9,data_scientist
6,8,6,4,4,9,7,7,8,6,6,6,devops_engineer
7,6,2,5,4,5,6,4,8,6,5,5,pharmacist
6,5,8,8,5,5,6,5,5,6,7,3,marketing_manager
4,3,8,7,4,6,7,5,6,5,5,2,content_writer
7,9,10,5,4,8,8,7,7,4,7,5,game_developer
6,9,5,4,4,8,6,4,10,7,5,9,mechanical_engineer
7,4,5,9,4,8,7,5,7,7,5,2,psychologist
10,8,6,4,5,9,9,7,9,6,6,8,data_scientist
7,6,8,9,10,8,9,7,6,9,5,4,entrepreneur
8,8,4,3,3,6,6,6,9,7,4,6,database_administrator
7,5,8,6,3,8,8,7,6,6,6,3,frontend_developer
8,8,10,5,3,9,8,5,9,6,8,5,game_developer
6,5,0,3,3,5,1,4,8,4,5,9,accountant
7,6,4,5,4,5,9,7,7,6,7,5,environmental_scientist
8,8,6,5,3,9,9,9,9,9,5,7,cybersecurity_analyst
7,9,5,4,3,7,7,6,8,7,8,5,devops_engineer
5,7,3,8,7,6,4,5,6,9,8,4,project_manager
7,6,1,7,4,6,5,5,10,8,6,5,pharmacist
10,9,5,7,3,8,8,7,7,6,6,9,software_engineer
8,9,5,3,3,9,7,8,7,6,6,7,backend_developer
8,9,4,4,5,8,8,9,10,9,5,6,cybersecurity_analyst
9,7,4,3,3,7,6,5,8,7,5,6,database_administrator
7,5,4,10,4,5,7,4,5,7,5,2,psychologist
7,5,7,4,4,7,8,5,8,6,6,5,environmental_scientist
8,8,5,6,4,7,6,5,9,6,5,7,electrical_engineer
6,7,2,5,3,5,3,5,10,4,4,8,accountant
6,6,1,6,5,5,6,4,9,6,5,4,pharmacist
5,4,5,8,7,4,8,6,5,8,7,4,teacher
8,8,1,5,4,6,6,5,9,7,5,8,financial_analyst
7,7,5,6,6,7,6,5,9,6,6,7,civil_engineer
8,5,8,6,5,7,5,6,7,6,5,7,architect
8,8,6,6,5,8,9,8,8,4,5,9,data_scientist
8,7,7,5,4,6,8,7,9,6,5,5,biotechnologist
6,7,8,6,4,7,9,8,7,6,7,5,game_developer
5,5,9,6,4,8,7,5,6,3,5,3,ux_designer
7,7,5,5,5,7,6,7,10,6,7,9,mechanical_engineer
6,6,6,6,4,6,8,6,7,5,5,6,environmental_scientist
7,10,5,5,5,9,8,6,9,8,4,6,cybersecurity_analyst
6,6,9,7,4,7,4,5,7,4,6,5,architect
7,9,4,5,4,8,6,6,10,6,5,7,database_administrator
10,9,7,5,4,8,9,8,9,7,7,10,data_scientist
6,6,2,7,6,7,5,6,9,9,9,3,nurse
8,9,4,3,4,8,8,7,6,5,6,8,embedded_systems_engineer
8,8,4,5,3,9,7,7,9,9,7,6,devops_engineer
8,7,5,8,6,7,4,5,10,10,6,5,physician
8,7,5,8,5,7,6,6,6,6,6,7,business_analyst
5,5,6,10,4,5,7,6,7,7,5,1,psychologist
8,8,4,4,3,7,8,6,7,7,4,6,backend_developer
6,7,3,9,6,7,7,6,7,8,6,4,lawyer
8,8,7,6,4,8,6,8,7,6,5,6,cloud_engineer
6,6,2,4,3,4,3,4,9,5,5,8,accountant
5,5,2,7,4,6,6,6,9,10,8,3,nurse
6,6,5,8,4,6,6,5,5,7,6,2,psychologist
4,4,5,10,7,4,5,3,6,8,9,3,hr_manager
8,7,8,5,4,6,10,8,9,7,5,7,research_scientist
7,6,8,6,6,7,5,5,7,6,6,7,architect
5,6,3,8,6,7,4,5,7,7,8,4,nurse
5,5,8,8,10,9,8,8,3,8,5,2,entrepreneur
9,9,4,3,3,7,7,7,7,7,4,6,backend_developer
9,9,6,3,4,8,6,7,8,6,5,9,embedded_systems_engineer
7,7,6,3,5,7,6,7,9,5,6,7,chemical_engineer
8,7,4,4,6,7,4,4,7,5,5,7,industrial_engineer
9,8,6,5,3,9,8,8,7,7,5,7,software_engineer
6,4,7,9,6,6,5,6,5,6,6,4,teacher
7,8,5,7,3,7,5,5,8,7,5,8,mechanical_engineer
9,8,6,6,3,9,10,10,7,5,6,9,ai_machine_learning_engineer
5,5,3,8,5,6,5,3,7,8,8,3,nurse
7,5,7,6,5,8,6,5,8,5,6,6,architect
6,8,8,5,2,6,9,7,6,4,6,3,frontend_developer
6,4,3,5,2,6,3,4,10,5,4,8,accountant
8,10,5,6,1,8,5,6,7,6,5,7,embedded_systems_engineer
9,8,6,5,5,8,5,7,7,8,7,7,mechanical_engineer
7,7,6,5,3,7,5,6,9,7,7,6,civil_engineer
8,8,4,4,2,7,5,6,9,6,6,7,database_administrator
6,9,4,6,3,7,7,8,8,8,6,5,devops_engineer
8,8,6,6,4,9,9,8,7,6,6,9,data_scientist
7,8,4,4,4,8,7,6,9,6,5,6,devops_engineer
6,5,9,10,5,6,6,5,5,7,7,3,marketing_manager
6,6,8,6,5,7,4,6,7,5,5,5,architect
8,7,6,6,6,8,3,5,7,7,7,7,industrial_engineer
9,8,5,4,4,7,7,7,7,7,4,5,biotechnologist
6,5,4,9,3,6,7,6,6,7,5,3,psychologist
5,5,2,8,3,8,5,6,8,8,8,3,nurse
5,8,8,4,4,6,8,6,7,6,5,4,frontend_developer
9,8,3,7,5,7,5,6,8,5,5,7,business_analyst
8,7,5,6,4,8,6,4,9,6,6,7,chemical_engineer
5,7,4,7,8,7,5,4,6,8,8,3,project_manager
6,7,5,6,5,7,5,4,7,6,5,7,civil_engineer
6,6,2,6,4,6,5,5,7,5,3,5,pharmacist
7,8,3,2,2,6,6,6,8,5,5,5,database_administrator
9,8,7,3,5,9,9,7,10,7,3,7,research_scientist
4,5,7,8,3,6,7,5,6,4,4,1,content_writer
7,8,4,4,3,9,8,6,7,8,6,5,devops_engineer
9,9,7,4,4,9,9,9,8,6,5,7,research_scientist
8,8,3,4,3,7,4,5,9,7,5,7,database_administrator
4,4,10,6,2,6,8,5,6,3,6,2,graphic_designer
5,6,9,9,6,5,4,6,6,6,6,2,marketing_manager
4,4,3,8,4,5,5,5,9,9,8,4,nurse
6,6,3,8,9,7,5,5,7,9,8,3,project_manager
8,7,3,6,4,7,6,5,8,4,6,8,financial_analyst
7,8,5,5,4,8,7,7,8,7,5,8,electrical_engineer
5,7,7,7,4,7,6,7,7,4,6,3,ux_designer
4,6,9,9,5,6,7,5,7,6,5,3,ux_designer
7,6,8,7,4,6,5,4,9,5,7,6,architect
8,9,8,5,5,10,9,9,7,5,5,9,ai_machine_learning_engineer
7,8,5,8,6,7,7,4,7,9,5,4,lawyer
5,7,8,6,4,8,6,7,6,7,6,5,frontend_developer
4,6,4,9,7,6,4,5,7,7,8,3,hr_manager
8,8,4,7,4,10,7,6,9,10,6,6,physician
8,8,5,5,4,8,6,4,8,7,6,7,mechanical_engineer
6,4,8,5,3,5,6,4,6,3,6,3,graphic_designer
6,8,5,9,7,7,6,5,7,8,5,3,lawyer
6,4,8,10,6,6,6,5,4,8,7,2,marketing_manager
4,5,3,10,8,4,5,3,5,7,10,2,hr_manager
6,6,7,6,4,7,6,9,8,6,7,4,frontend_developer
3,3,8,5,2,6,6,5,7,4,5,3,graphic_designer
7,6,4,7,6,8,6,6,9,7,6,5,physician
7,9,6,6,3,8,7,8,8,6,6,7,backend_developer
6,5,7,8,7,6,7,6,5,7,7,3,product_manager
8,10,5,5,4,9,9,9,9,8,6,6,cybersecurity_analyst
8,6,7,5,3,9,9,8,9,6,7,8,data_scientist
9,8,3,3,2,6,5,7,9,5,5,6,database_administrator
5,5,9,7,3,7,5,6,7,4,7,2,ui_designer
7,6,8,5,4,6,6,3,8,6,7,5,architect
7,7,7,5,5,6,5,6,9,6,6,5,civil_engineer
9,7,4,5,3,9,6,9,7,4,5,6,cloud_engineer
8,9,5,5,4,9,10,8,7,7,5,5,cybersecurity_analyst
8,9,5,4,3,9,6,8,7,6,7,7,software_engineer
6,4,4,9,4,6,7,5,7,7,6,2,psychologist
7,8,3,9,5,8,8,6,8,7,3,3,lawyer
9,9,7,6,3,9,8,7,8,7,6,7,software_engineer
8,8,2,6,3,6,4,5,8,5,4,8,financial_analyst
7,8,3,5,3,7,5,6,10,6,5,6,database_administrator
9,10,6,5,3,8,7,7,10,6,5,6,embedded_systems_engineer
8,9,5,3,2,9,8,7,7,6,5,6,backend_developer
5,5,8,6,4,8,7,5,8,4,6,4,ui_designer
8,8,6,5,4,7,6,6,8,7,6,8,mechanical_engineer
7,7,2,6,4,5,5,4,9,5,5,5,pharmacist
7,7,3,7,5,6,6,7,7,6,7,6,business_analyst
8,9,3,4,4,8,4,7,9,7,4,6,database_administrator
6,5,5,9,5,4,5,5,5,7,6,3,teacher
5,4,10,8,3,6,8,4,7,4,5,3,ui_designer
6,7,1,6,2,5,4,4,9,7,5,5,pharmacist
5,4,9,8,7,6,7,4,5,7,7,1,marketing_manager
7,7,8,5,4,7,8,7,8,4,7,6,game_developer
9,8,7,4,6,8,8,7,6,5,6,5,research_scientist
7,6,5,6,6,6,6,5,6,4,8,8,industrial_engineer
6,5,2,8,4,5,5,5,8,9,9,3,nurse
9,9,6,3,3,10,9,10,8,4,7,5,software_engineer
8,5,5,5,2,5,9,6,7,5,5,5,environmental_scientist
8,9,6,6,4,8,8,7,5,5,5,7,software_engineer
6,7,8,4,4,6,7,7,7,6,6,5,frontend_developer
7,7,3,7,4,8,6,5,9,4,6,7,chemical_engineer
8,7,6,9,5,8,7,5,8,6,6,7,business_analyst
6,5,4,7,7,6,5,4,8,8,7,4,nurse
6,6,10,7,5,7,6,5,8,4,5,3,ux_designer
7,8,6,5,3,9,8,9,7,7,6,6,cloud_engineer
9,9,8,3,4,9,8,9,7,5,6,9,ai_machine_learning_engineer
8,9,4,5,2,6,5,6,9,6,6,6,database_administrator
7,7,7,5,5,7,7,7,6,5,6,6,environmental_scientist
4,6,3,8,8,5,5,6,7,8,8,4,project_manager
4,4,10,5,2,6,6,5,8,4,5,1,graphic_designer
4,6,8,6,2,7,5,6,7,4,7,2,ui_designer
8,8,4,8,6,8,6,6,7,6,7,5,business_analyst
6,6,5,5,4,7,8,7,9,7,7,5,devops_engineer
4,4,10,7,2,7,6,6,9,3,7,3,ui_designer
8,9,5,4,3,8,7,8,7,7,6,5,backend_developer
7,7,3,5,3,7,4,5,9,7,6,7,database_administrator
6,5,5,9,4,6,7,5,6,6,5,3,psychologist
7,9,3,9,6,7,6,6,7,7,5,3,lawyer
7,7,4,7,4,7,6,5,8,6,6,7,civil_engineer
8,8,4,7,7,8,6,5,9,8,7,7,physician
6,5,8,7,9,9,8,9,4,9,6,5,entrepreneur
6,5,10,8,4,6,8,5,6,4,3,1,content_writer
8,7,3,5,4,5,6,7,9,5,5,9,financial_analyst
5,6,7,8,3,5,7,6,6,4,3,2,content_writer
8,8,6,4,3,9,6,6,8,5,6,8,electrical_engineer
7,4,2,4,4,5,5,4,9,5,3,8,accountant
7,8,5,6,6,7,6,6,10,6,7,5,civil_engineer
5,5,7,9,7,5,5,6,4,7,7,3,marketing_manager
9,8,3,4,4,6,5,6,9,6,5,6,database_administrator
5,5,6,8,5,7,7,6,5,8,5,2,psychologist
6,6,7,7,3,6,8,7,8,5,6,3,ux_designer
4,4,9,7,2,6,5,5,8,4,4,1,graphic_designer
8,7,6,6,3,6,9,7,8,8,4,6,biotechnologist
4,4,9,5,1,4,7,4,6,2,5,2,graphic_designer
9,9,7,6,4,8,9,10,7,6,5,8,ai_machine_learning_engineer
4,5,2,7,4,6,4,5,7,8,8,2,nurse
4,4,6,9,7,6,7,5,4,7,7,3,teacher
9,8,6,3,4,9,7,8,7,6,7,6,cloud_engineer
6,7,9,6,3,7,6,7,8,5,7,7,game_developer
8,9,4,4,4,9,8,6,8,5,5,6,embedded_systems_engineer
6,5,9,9,4,4,8,6,6,4,5,3,content_writer
8,7,4,5,3,5,6,5,9,6,4,8,financial_analyst
8,7,4,6,5,7,5,6,10,9,7,6,physician
9,6,4,8,5,8,6,7,9,5,7,6,business_analyst
9,9,2,5,3,7,5,4,9,6,6,6,database_administrator
5,4,7,10,7,6,4,5,6,6,5,4,marketing_manager
9,9,3,3,4,7,7,6,9,5,7,6,database_administrator
5,5,4,7,5,5,4,6,8,8,6,2,nurse
4,3,10,5,2,5,5,5,6,2,6,2,graphic_designer
8,7,5,6,5,8,7,7,7,4,6,7,business_analyst
6,6,8,5,5,6,7,6,10,6,6,6,architect
8,8,4,5,4,6,8,6,7,5,6,5,environmental_scientist
4,3,9,5,2,5,6,4,7,4,5,2,graphic_designer
7,6,4,6,7,7,5,5,9,6,7,8,civil_engineer
7,5,10,9,9,9,8,8,3,9,5,6,entrepreneur
8,10,6,5,4,9,9,9,9,9,5,7,cybersecurity_analyst
4,4,9,5,2,5,6,5,6,5,5,1,graphic_designer
6,6,3,4,2,5,3,5,9,5,3,8,accountant
6,9,5,5,6,8,5,4,7,5,6,9,industrial_engineer
6,5,9,9,9,9,7,7,3,9,6,4,entrepreneur
9,7,6,4,3,7,7,8,8,6,5,5,biotechnologist
10,9,7,5,4,10,7,7,8,6,4,7,software_engineer
8,7,8,6,4,9,10,8,6,6,6,9,ai_machine_learning_engineer
10,9,8,6,4,7,9,8,7,7,6,8,ai_machine_learning_engineer
9,6,3,4,3,6,6,7,7,6,5,8,financial_analyst
9,7,3,5,5,6,5,4,9,6,6,10,financial_analyst
5,3,4,10,6,5,5,3,6,6,8,1,hr_manager
8,9,6,4,1,9,8,5,8,6,5,8,embedded_systems_engineer
7,6,5,9,8,6,6,7,5,5,7,5,product_manager
9,7,5,7,4,7,6,7,9,8,8,4,physician
8,10,5,5,5,10,9,6,9,8,5,5,cybersecurity_analyst
4,5,9,6,3,5,7,7,8,4,6,4,ui_designer
9,9,7,5,3,8,9,9,9,6,6,7,research_scientist
4,5,10,4,1,5,6,4,7,4,8,1,graphic_designer
4,4,9,5,1,4,7,5,5,4,5,2,graphic_designer
6,7,8,6,5,7,7,6,8,4,7,7,architect
4,4,8,6,2,4,7,4,5,5,6,1,graphic_designer
9,10,7,7,4,9,10,9,7,3,6,9,ai_machine_learning_engineer
9,8,6,5,4,9,7,9,9,8,5,5,cybersecurity_analyst
7,7,5,5,3,8,6,6,9,7,7,4,devops_engineer
6,7,9,5,2,8,7,7,5,4,7,4,frontend_developer
5,5,5,10,5,5,7,4,6,6,6,2,psychologist
8,9,6,2,3,7,7,7,8,8,7,6,backend_developer
8,10,5,4,3,9,7,9,6,5,6,6,backend_developer
8,6,4,3,4,7,7,6,8,6,7,7,chemical_engineer
7,9,5,4,5,8,6,6,8,7,6,7,electrical_engineer
9,8,7,5,4,9,10,9,7,6,4,10,ai_machine_learning_engineer
9,10,5,5,3,7,7,10,7,6,6,6,cloud_engineer
8,9,6,2,4,9,7,7,7,5,6,6,backend_developer
7,7,6,5,4,4,9,6,8,6,5,4,biotechnologist
6,7,9,6,6,9,9,5,7,5,7,7,game_developer
5,3,4,9,8,5,6,5,8,8,8,2,hr_manager
7,7,2,9,7,8,7,5,9,9,5,3,lawyer
8,10,4,4,2,8,6,7,8,5,5,4,embedded_systems_engineer
6,5,2,4,3,6,2,5,10,5,4,9,accountant
4,3,9,6,1,6,7,5,7,4,5,4,graphic_designer
8,7,9,6,4,8,7,9,7,5,6,5,game_developer
7,7,5,6,5,6,5,4,9,6,6,8,civil_engineer
4,6,1,2,3,5,3,4,10,4,4,7,accountant
6,5,5,9,3,7,7,5,6,6,5,1,psychologist
8,6,3,4,3,8,3,6,10,6,6,4,database_administrator
5,5,5,10,6,5,6,4,4,8,8,4,teacher
8,7,5,6,4,7,6,7,8,5,6,6,chemical_engineer
5,5,4,8,8,5,3,4,6,8,9,5,project_manager
6,6,5,9,6,4,7,6,4,8,9,5,teacher
7,8,5,6,4,9,8,8,8,6,7,5,devops_engineer
4,3,10,4,3,4,5,4,6,5,5,3,graphic_designer
8,7,5,7,5,8,4,6,7,6,7,7,civil_engineer
8,6,5,5,5,7,5,5,7,7,5,8,industrial_engineer
9,9,4,5,4,8,5,4,10,6,5,7,electrical_engineer
8,8,5,7,7,7,5,7,6,4,5,7,business_analyst
5,4,8,8,3,7,7,7,9,5,8,4,ui_designer
8,5,1,7,5,5,6,6,9,6,4,7,pharmacist
5,6,6,9,4,6,6,4,6,6,6,1,psychologist
8,9,4,4,3,8,7,7,7,6,6,7,embedded_systems_engineer
6,7,3,6,6,4,5,5,10,5,4,5,pharmacist
8,8,7,5,4,9,8,8,8,6,7,8,software_engineer
2,4,9,4,1,5,4,5,6,5,5,4,graphic_designer
7,7,5,6,6,7,6,5,6,7,6,9,industrial_engineer
7,6,8,5,3,7,7,6,6,5,7,4,frontend_developer
9,9,7,4,5,9,10,8,8,7,5,8,software_engineer
5,5,5,10,5,6,6,6,4,8,8,3,teacher
6,7,8,7,3,8,5,4,8,6,6,5,architect
8,8,6,6,4,6,8,6,9,6,4,4,biotechnologist
6,5,9,7,2,6,6,7,8,4,6,3,ui_designer
7,6,3,4,4,7,7,8,8,7,7,7,cloud_engineer
6,7,2,5,2,4,3,3,9,4,4,7,accountant
9,7,6,6,5,8,8,7,7,7,5,8,data_scientist
8,8,7,4,3,7,7,9,7,6,6,8,cloud_engineer
5,5,7,8,9,8,7,6,4,9,7,6,entrepreneur
5,5,8,7,2,8,6,7,7,5,6,3,ux_designer
5,5,7,8,5,7,7,5,5,6,7,3,marketing_manager
5,5,4,8,8,5,4,5,6,7,6,3,project_manager
4,8,4,8,8,6,5,5,6,9,7,3,project_manager
7,6,3,5,3,6,5,6,9,6,5,5,pharmacist
9,8,4,7,5,7,6,7,7,5,6,7,business_analyst
9,10,4,3,3,9,7,7,8,6,6,6,backend_developer
9,7,3,4,5,7,5,4,8,7,5,9,financial_analyst
8,10,3,4,3,8,7,8,7,5,5,6,backend_developer
5,5,6,8,6,6,8,5,4,7,8,3,product_manager
8,7,4,7,5,10,6,6,10,8,7,5,physician
8,10,5,5,3,8,6,7,7,5,4,7,backend_developer
8,9,3,3,3,8,8,7,7,5,5,7,backend_developer
5,8,5,5,4,8,6,5,8,5,6,6,civil_engineer
7,7,5,7,6,6,6,4,8,7,6,7,civil_engineer
6,8,5,6,4,8,7,6,9,7,6,6,devops_engineer
7,8,5,6,3,7,7,7,8,8,6,4,devops_engineer
4,6,9,4,1,5,5,5,8,5,6,3,graphic_designer
9,6,4,6,5,8,6,6,7,5,7,6,business_analyst
9,7,4,9,6,9,7,6,9,9,6,5,physician
8,8,7,4,5,6,6,8,8,6,5,7,biotechnologist
6,5,5,7,9,6,5,6,6,8,7,5,project_manager
5,7,9,6,1,5,8,5,8,4,6,2,ui_designer
7,6,5,7,6,7,8,5,7,6,6,5,environmental_scientist
7,8,5,7,6,9,6,7,7,6,5,8,civil_engineer
6,6,9,5,4,8,9,6,7,4,6,6,game_developer
4,6,3,7,5,6,5,4,7,9,7,3,nurse
9,8,7,7,4,9,9,8,10,7,5,8,data_scientist
8,8,6,5,5,8,6,5,7,6,6,9,mechanical_engineer
8,8,5,5,4,7,9,8,7,6,6,10,data_scientist
7,9,5,6,3,8,6,8,8,7,6,6,devops_engineer
8,6,3,8,4,7,6,6,5,6,6,6,business_analyst
6,6,6,8,8,7,6,7,3,6,8,5,product_manager
8,9,4,10,6,7,5,5,8,8,6,2,lawyer
7,8,3,7,5,7,6,7,9,8,7,5,physician
9,8,6,4,2,10,7,8,6,5,6,7,software_engineer
5,7,1,8,3,6,5,5,8,7,8,3,nurse
7,9,6,3,2,7,8,7,9,7,5,7,embedded_systems_engineer
8,7,4,5,3,9,8,9,6,6,6,6,cloud_engineer
7,8,3,8,5,7,7,7,7,6,6,6,business_analyst
9,10,7,5,5,6,9,8,7,5,5,6,research_scientist
8,9,6,4,4,9,7,8,7,7,6,8,software_engineer
7,8,5,5,3,7,7,8,7,6,6,7,embedded_systems_engineer
8,6,8,8,8,7,9,7,4,10,7,4,entrepreneur
7,9,6,4,5,7,7,7,9,8,6,5,devops_engineer
5,5,5,9,8,4,7,6,6,7,6,3,teacher
7,6,3,5,2,5,4,4,10,4,5,6,accountant
9,8,5,5,4,7,7,6,9,5,5,8,mechanical_engineer
8,9,5,3,3,8,7,7,8,5,5,7,embedded_systems_engineer
6,5,7,7,8,7,8,7,4,9,7,5,entrepreneur
9,9,3,5,3,7,5,6,9,6,4,6,database_administrator
4,4,3,8,5,6,6,6,9,8,8,3,nurse
7,7,5,6,5,8,5,5,8,7,7,6,civil_engineer
8,8,5,6,4,8,5,6,8,7,7,7,civil_engineer
7,9,4,3,1,9,7,6,8,6,6,5,backend_developer
8,7,7,6,4,6,7,7,9,6,6,7,mechanical_engineer
7,6,5,6,5,7,6,5,8,5,8,6,industrial_engineer
9,8,6,5,3,8,9,8,6,5,6,9,data_scientist
8,8,4,4,3,7,4,7,9,6,5,6,database_administrator
7,5,5,8,8,8,8,6,6,6,8,4,product_manager
8,10,5,4,5,10,8,8,9,9,5,7,cybersecurity_analyst
7,7,4,6,4,9,6,5,8,6,7,7,chemical_engineer
7,8,8,5,2,7,9,6,7,6,6,3,frontend_developer
9,9,5,4,4,9,8,8,7,6,7,7,software_engineer
7,7,4,4,5,8,8,6,10,7,7,5,devops_engineer
4,5,7,8,5,7,5,4,4,8,6,3,teacher
8,6,4,7,6,6,6,7,10,9,8,5,physician
7,7,6,5,4,8,7,5,8,6,5,10,mechanical_engineer
5,4,10,4,4,5,6,5,8,4,7,2,ui_designer
7,7,5,7,6,6,6,6,7,3,7,7,industrial_engineer
5,5,8,9,9,7,9,7,5,10,5,4,entrepreneur
4,6,9,10,4,7,7,5,5,8,8,3,marketing_manager
8,6,6,5,3,6,5,6,8,5,6,7,chemical_engineer
5,7,7,5,4,6,7,6,6,4,6,4,frontend_developer
6,6,8,6,5,7,7,6,7,3,7,2,ux_designer
6,8,4,6,8,7,6,5,5,8,9,4,project_manager
9,7,7,7,3,9,9,9,9,7,6,8,data_scientist
5,5,3,7,4,6,6,5,8,9,9,3,nurse
8,8,5,4,3,9,9,8,8,6,5,7,cloud_engineer
6,7,5,10,6,6,6,4,9,8,4,3,lawyer
7,9,4,5,4,8,8,8,9,7,7,5,devops_engineer
9,8,4,4,3,9,7,8,7,5,5,6,cloud_engineer
4,5,7,8,6,7,7,5,6,8,7,3,teacher
10,7,4,5,4,7,8,8,9,6,5,5,cloud_engineer
6,6,6,6,3,7,8,4,7,6,6,3,environmental_scientist
9,8,6,4,5,7,6,6,8,6,7,7,chemical_engineer
4,4,8,7,7,5,6,4,5,7,8,3,marketing_manager
7,5,7,7,9,8,7,7,6,7,8,4,entrepreneur
5,5,9,8,2,5,8,6,6,6,4,2,content_writer
6,5,7,9,8,9,6,6,5,7,7,4,product_manager
8,9,5,3,2,7,6,7,7,6,6,6,backend_developer
4,5,3,8,4,7,5,6,10,7,9,1,nurse
7,8,4,6,5,6,5,5,7,6,7,7,civil_engineer
7,6,2,6,3,6,6,6,9,6,4,5,pharmacist
7,8,5,4,4,7,6,5,7,7,4,6,devops_engineer
8,10,5,3,1,9,7,6,8,5,6,7,embedded_systems_engineer
8,8,6,6,4,10,8,8,7,6,5,9,ai_machine_learning_engineer
9,8,5,6,4,8,7,8,9,8,5,6,cybersecurity_analyst
10,7,3,5,1,8,8,6,10,5,5,8,embedded_systems_engineer
6,7,5,7,4,8,4,5,8,5,7,5,civil_engineer
5,5,10,5,3,6,7,6,7,4,6,4,ui_designer
7,9,5,3,2,7,6,7,8,5,5,7,embedded_systems_engineer
9,7,5,6,2,9,8,9,8,5,6,10,data_scientist
7,5,7,9,8,7,7,6,5,7,9,3,product_manager
4,5,9,8,4,6,6,7,7,5,5,2,ui_designer
7,9,3,9,6,7,6,6,8,8,5,3,lawyer
8,6,1,4,2,4,4,5,9,4,4,7,accountant
6,4,4,7,7,7,5,6,6,7,7,3,project_manager
7,5,8,8,4,7,7,7,6,4,6,4,ux_designer
7,10,5,3,3,8,6,7,8,6,5,7,embedded_systems_engineer
2,4,5,10,7,6,4,4,6,8,7,2,hr_manager
5,5,3,8,7,6,6,6,8,8,7,3,nurse
7,6,5,6,5,8,6,5,7,5,7,7,business_analyst
7,5,8,7,9,8,10,7,5,8,5,6,entrepreneur
7,8,6,4,4,9,8,8,9,6,5,6,cybersecurity_analyst
8,7,6,5,4,7,5,7,7,5,7,7,chemical_engineer
4,4,9,5,1,5,7,5,7,5,5,2,graphic_designer
5,5,7,9,2,4,6,6,6,6,4,2,content_writer
8,6,4,8,5,6,7,7,8,5,6,6,environmental_scientist
6,5,5,8,5,6,3,6,6,7,9,3,nurse
4,5,2,9,6,7,3,5,8,7,9,2,nurse
6,5,4,8,4,6,6,5,6,7,4,2,psychologist
5,5,10,6,2,6,7,6,8,4,6,2,ui_designer
8,4,7,7,5,7,9,5,7,4,6,5,environmental_scientist
8,5,2,6,4,5,5,6,9,5,5,5,pharmacist
6,5,6,6,4,7,8,6,7,5,5,5,environmental_scientist
8,8,6,5,4,8,5,5,6,5,4,9,electrical_engineer
7,5,9,3,4,9,8,7,7,6,7,7,game_developer
9,6,3,4,5,8,5,5,8,5,4,8,financial_analyst
7,8,6,5,4,9,6,6,7,6,4,8,electrical_engineer
6,6,5,7,8,6,7,5,5,7,8,4,product_manager
8,7,4,7,5,8,7,6,7,6,6,6,chemical_engineer
5,4,8,9,5,6,4,5,5,6,8,2,marketing_manager
5,6,2,3,3,4,5,3,8,6,3,7,accountant
7,10,4,5,3,9,7,8,9,8,5,6,cybersecurity_analyst
5,6,8,10,6,5,5,4,5,7,7,3,marketing_manager
6,6,3,4,3,5,2,4,8,5,5,7,accountant
8,8,5,5,4,7,8,9,7,6,5,4,cloud_engineer
6,5,9,6,6,6,4,6,7,6,5,7,architect
6,4,4,8,8,7,4,4,7,7,9,4,project_manager
6,5,7,9,7,8,7,6,6,7,8,4,product_manager
7,6,8,8,8,7,7,5,4,10,6,6,entrepreneur
4,4,9,4,2,6,5,6,7,5,5,4,graphic_designer
7,9,3,9,6,8,6,6,8,8,5,4,lawyer
9,9,4,5,3,10,6,5,8,5,7,8,mechanical_engineer
8,7,5,6,6,7,5,6,7,5,8,5,industrial_engineer
6,4,4,8,3,6,8,5,7,7,5,3,psychologist
8,8,5,5,4,7,6,7,8,6,6,9,mechanical_engineer
6,7,5,10,7,6,6,6,9,9,5,2,lawyer
4,4,9,6,2,5,4,5,7,4,4,2,graphic_designer
7,6,4,7,3,9,5,6,8,5,7,6,chemical_engineer
5,5,7,9,9,9,7,7,4,10,5,5,entrepreneur
10,9,5,6,3,9,8,7,8,6,5,9,data_scientist
7,8,5,6,5,7,7,6,8,6,6,8,chemical_engineer
7,7,2,6,4,6,4,6,7,6,6,9,financial_analyst
5,5,7,8,2,5,6,4,6,4,2,2,content_writer
6,5,6,5,3,7,7,7,6,4,7,6,environmental_scientist
7,6,6,4,3,7,8,8,8,6,6,7,biotechnologist
7,10,5,9,7,7,4,6,8,9,6,4,lawyer
5,5,8,6,5,5,6,6,9,4,4,3,ui_designer
5,5,2,7,6,6,6,4,8,7,8,2,nurse
7,7,5,6,6,5,5,6,6,6,8,8,industrial_engineer
7,7,5,6,6,8,5,5,7,6,6,6,industrial_engineer
5,5,3,9,3,5,7,5,6,9,4,3,psychologist
5,5,9,7,5,4,6,6,5,4,4,1,content_writer
10,7,8,4,3,8,10,9,7,5,7,9,ai_machine_learning_engineer
7,6,7,5,5,7,5,5,9,5,6,6,architect
7,4,8,7,9,7,9,7,4,9,5,4,entrepreneur
8,7,3,5,3,5,6,5,7,6,4,8,financial_analyst
8,9,4,10,5,6,6,6,7,7,6,3,lawyer
4,7,6,8,8,6,5,4,8,9,8,3,project_manager
5,5,6,9,6,6,5,5,5,8,8,6,teacher
6,6,5,10,8,6,4,6,7,8,8,6,project_manager
8,5,4,6,6,7,4,7,7,5,7,6,civil_engineer
8,9,6,6,4,9,7,9,7,6,6,7,software_engineer
5,7,5,8,8,7,5,5,7,7,8,4,project_manager
7,8,3,5,5,7,5,6,8,6,5,8,financial_analyst
5,7,2,7,5,7,6,7,8,7,9,4,nurse
6,5,9,10,5,6,7,5,5,7,8,4,marketing_manager
8,7,4,4,3,8,5,5,8,7,6,6,mechanical_engineer
9,5,4,4,4,7,5,6,8,8,6,9,financial_analyst
10,8,7,7,4,8,9,9,10,7,5,7,research_scientist
6,8,7,8,8,8,9,7,4,10,6,6,entrepreneur
7,7,5,6,5,7,6,5,8,6,7,7,industrial_engineer
9,8,5,5,4,10,9,7,7,7,6,7,backend_developer
5,4,3,9,5,6,5,4,8,8,9,2,nurse
9,10,5,5,3,8,6,6,8,6,5,8,embedded_systems_engineer
8,7,5,7,5,7,6,6,6,6,7,5,business_analyst
6,4,8,8,10,8,8,7,4,8,4,5,entrepreneur
7,3,4,9,4,6,6,4,5,7,5,2,psychologist
4,6,5,8,9,6,5,6,6,7,9,5,project_manager
8,10,5,3,4,8,7,7,8,6,4,7,embedded_systems_engineer
4,5,6,10,7,4,6,5,6,8,8,4,teacher
8,8,8,6,4,7,8,8,8,8,6,7,research_scientist
3,7,8,6,3,5,6,5,6,4,5,3,graphic_designer
4,4,8,9,7,6,7,4,5,5,7,3,marketing_manager
5,5,8,6,2,5,6,3,6,3,6,1,graphic_designer
6,7,8,6,3,7,6,3,8,6,8,6,architect
6,5,9,8,2,5,7,5,7,3,3,2,content_writer
5,5,6,8,8,7,7,7,5,5,8,5,product_manager
9,8,6,5,3,8,9,7,10,8,4,6,research_scientist
9,8,4,4,3,6,7,7,10,7,4,6,embedded_systems_engineer
9,6,3,7,5,6,5,4,9,7,6,8,financial_analyst
5,6,6,8,9,9,7,6,4,8,8,5,product_manager
4,4,6,9,6,6,5,4,5,7,7,3,teacher
6,6,3,6,8,7,7,7,5,6,8,4,product_manager
5,7,9,6,4,9,8,7,7,4,7,7,game_developer
5,6,5,9,7,6,4,4,6,8,8,4,project_manager
8,6,6,5,5,8,9,7,8,6,4,7,biotechnologist
7,6,7,5,3,6,6,7,8,4,8,4,frontend_developer
6,8,3,8,8,7,6,5,6,8,8,2,project_manager
4,6,6,5,4,8,5,6,9,5,6,7,architect
8,9,8,5,4,8,8,8,9,6,5,6,research_scientist
3,4,5,9,8,6,5,4,6,7,9,0,hr_manager
10,8,7,7,4,10,8,8,6,6,6,5,software_engineer
7,8,5,3,3,8,7,7,7,4,7,5,backend_developer
8,7,4,4,4,9,8,6,8,7,6,5,devops_engineer
6,6,8,10,4,4,7,5,7,4,4,1,content_writer
5,5,9,5,5,7,6,5,7,5,6,5,architect
4,5,8,9,6,6,5,6,5,6,7,3,marketing_manager
3,5,10,5,2,4,6,5,7,4,6,1,graphic_designer
7,7,5,5,4,8,7,6,9,6,7,5,devops_engineer
8,10,7,5,4,9,8,10,6,6,7,7,software_engineer
4,4,9,4,3,6,5,7,7,3,7,2,ui_designer
5,5,4,9,8,5,6,5,5,8,10,3,hr_manager
7,6,3,7,7,8,8,6,9,9,7,5,physician
9,8,6,5,5,9,9,7,8,6,6,8,data_scientist
6,8,5,3,3,7,9,8,5,4,6,5,backend_developer
9,9,6,5,5,9,10,9,8,6,6,8,ai_machine_learning_engineer
9,7,5,3,3,6,4,6,9,5,5,5,database_administrator
7,9,5,4,2,9,6,6,7,7,8,6,backend_developer
8,7,5,9,5,8,6,6,9,10,7,4,physician
9,7,5,5,5,7,8,8,9,6,5,6,biotechnologist
7,6,3,6,4,4,5,7,9,6,5,5,pharmacist
5,6,10,5,4,8,9,8,6,6,7,5,game_developer
5,5,7,8,6,6,5,6,5,6,7,5,marketing_manager
8,8,4,4,4,7,4,7,7,6,4,8,electrical_engineer
8,9,5,5,4,8,6,7,8,7,6,4,devops_engineer
6,5,1,4,4,4,3,4,7,5,4,9,accountant
5,5,7,9,9,8,8,7,4,9,6,5,entrepreneur
7,5,4,10,4,5,7,4,5,7,4,3,psychologist
8,8,5,5,4,9,6,5,9,6,6,5,devops_engineer
6,5,5,7,8,6,7,5,5,8,8,3,product_manager
8,7,6,4,3,8,7,7,7,5,5,6,biotechnologist
8,8,5,5,3,9,7,8,8,6,5,7,embedded_systems_engineer
7,7,8,6,4,7,6,6,8,5,6,5,architect
8,8,3,5,4,5,4,6,8,5,5,8,financial_analyst
9,9,6,5,3,10,9,9,6,6,7,9,ai_machine_learning_engineer
3,5,5,8,7,5,6,4,7,9,8,1,hr_manager
7,7,2,5,6,5,4,5,9,6,4,8,financial_analyst
7,7,4,9,7,8,5,4,7,8,6,4,lawyer
4,6,4,8,6,6,5,5,7,9,9,2,nurse
10,8,5,5,5,8,9,9,7,6,6,8,ai_machine_learning_engineer
7,8,6,5,3,9,6,5,9,7,7,9,mechanical_engineer
5,5,9,7,3,6,7,5,6,4,4,1,content_writer
8,8,4,5,4,8,6,5,9,6,5,8,electrical_engineer
7,7,6,4,7,8,5,6,6,6,8,8,industrial_engineer
6,6,2,5,6,7,6,4,9,5,3,5,pharmacist
6,7,8,4,3,7,6,6,8,4,7,3,frontend_developer
4,4,9,8,4,5,6,6,6,3,5,2,content_writer
4,6,9,7,2,7,6,4,8,5,7,2,ui_designer
5,4,3,7,3,7,3,5,8,8,8,3,nurse
7,7,4,7,3,4,5,4,10,6,3,6,pharmacist
6,6,7,8,8,9,8,7,3,10,5,6,entrepreneur
9,8,5,4,5,8,7,6,8,7,7,7,chemical_engineer
6,6,7,8,6,7,6,7,7,3,6,4,ux_designer
3,4,10,6,2,5,5,5,7,3,5,1,graphic_designer
8,6,3,5,4,7,8,6,7,5,5,9,chemical_engineer
7,5,4,7,5,7,6,5,7,6,7,7,industrial_engineer
8,8,5,5,7,7,5,4,8,6,7,6,industrial_engineer
6,6,2,3,2,5,3,3,8,4,5,9,accountant
7,10,6,4,3,10,8,7,9,8,6,7,cybersecurity_analyst
8,7,4,6,5,8,6,7,9,6,6,7,chemical_engineer
6,5,4,8,8,7,5,4,4,8,8,5,project_manager
8,6,7,5,4,7,5,7,8,4,5,7,chemical_engineer
6,5,8,7,7,8,8,8,3,9,7,6,entrepreneur
7,5,7,7,3,6,7,6,5,5,5,2,content_writer
7,7,9,3,5,9,7,9,7,5,7,7,game_developer
4,4,7,9,6,6,4,4,6,7,5,4,teacher
5,5,3,6,5,6,5,4,8,9,9,3,nurse
6,4,4,8,4,5,8,5,5,7,5,1,psychologist
6,6,8,8,5,7,7,6,5,5,7,4,ux_designer
6,5,3,9,4,8,3,7,8,7,9,2,nurse
8,9,7,5,3,6,6,5,7,7,7,7,mechanical_engineer
7,7,6,5,5,7,7,7,7,8,6,6,devops_engineer
5,5,5,8,4,7,7,6,5,6,5,3,psychologist
10,8,7,5,4,8,8,7,8,7,4,6,research_scientist
8,9,5,6,6,5,5,6,5,7,6,7,industrial_engineer
8,8,5,4,3,8,7,8,7,7,5,6,backend_developer
8,8,2,5,5,9,6,6,8,9,8,5,physician
9,9,5,4,2,9,9,8,8,7,5,5,cloud_engineer
9,9,5,4,2,7,8,6,8,8,5,8,embedded_systems_engineer
5,5,4,9,5,6,6,3,6,7,7,2,hr_manager
4,5,9,7,2,5,6,5,6,3,6,2,graphic_designer
6,8,7,5,4,6,6,7,6,6,5,4,frontend_developer
6,5,7,8,9,8,8,8,3,9,7,5,entrepreneur
8,8,3,7,3,5,5,6,8,6,5,8,financial_analyst
7,9,4,9,5,7,5,7,8,8,5,2,lawyer
9,10,5,4,4,9,7,7,9,6,6,6,embedded_systems_engineer
7,6,9,7,5,7,6,6,5,3,5,3,ux_designer
5,4,8,6,2,7,4,7,7,4,7,2,ui_designer
10,7,6,7,4,9,10,8,9,7,5,9,data_scientist
6,5,6,8,6,5,7,5,6,7,6,7,teacher
9,8,5,4,2,8,9,8,7,5,6,9,data_scientist
8,8,6,5,3,9,7,7,8,7,7,5,devops_engineer
10,10,6,4,3,10,7,8,7,7,5,8,software_engineer
7,9,4,4,4,9,7,7,6,6,7,5,cloud_engineer
7,8,4,7,5,5,5,5,6,7,8,5,industrial_engineer
4,5,7,6,2,5,8,5,8,2,6,3,ui_designer
8,6,6,4,3,7,6,6,7,4,6,9,mechanical_engineer
5,6,7,5,3,7,6,8,8,4,4,4,frontend_developer
7,8,5,5,2,7,7,6,7,6,6,8,chemical_engineer
9,9,5,3,3,8,7,7,8,6,6,8,embedded_systems_engineer
7,7,10,5,5,7,7,7,7,4,7,5,game_developer
8,8,6,6,4,10,9,7,7,5,5,9,data_scientist
5,5,2,9,7,6,5,6,10,9,9,2,nurse
3,6,4,10,7,6,5,5,7,7,8,4,hr_manager
8,7,3,6,4,7,5,3,9,5,6,9,financial_analyst
8,7,6,5,5,9,9,8,9,8,6,6,cybersecurity_analyst
5,6,4,9,5,6,6,5,8,8,7,2,nurse
5,4,7,6,3,5,9,4,5,4,4,2,content_writer
8,8,4,4,5,6,6,8,8,4,5,5,cloud_engineer
5,4,3,8,6,6,4,2,6,6,8,3,hr_manager
7,7,5,5,4,8,9,7,7,5,6,7,cloud_engineer
6,6,9,7,4,7,6,8,7,5,6,4,ux_designer
5,5,4,7,7,6,6,5,6,6,7,2,hr_manager
5,4,10,5,2,5,6,4,7,4,4,2,graphic_designer
8,5,6,7,4,6,7,6,7,6,7,9,chemical_engineer
8,8,4,6,4,5,8,6,7,4,7,3,environmental_scientist
10,9,5,6,4,8,9,7,7,5,5,6,software_engineer
7,7,8,6,5,7,8,7,6,5,8,6,game_developer
6,6,2,6,4,4,5,6,9,6,4,5,pharmacist
6,7,7,5,4,8,7,8,9,7,6,5,devops_engineer
7,4,8,7,9,9,8,7,5,10,6,6,entrepreneur
6,4,7,8,8,8,7,8,3,8,5,6,entrepreneur
5,6,10,8,6,6,5,5,5,8,6,3,marketing_manager
8,8,3,4,5,7,6,5,10,6,6,6,database_administrator
9,9,6,4,4,10,10,10,7,8,5,9,ai_machine_learning_engineer
6,4,10,8,2,5,8,6,5,4,4,2,content_writer
7,6,4,6,2,6,8,6,7,5,7,4,environmental_scientist
6,7,4,5,5,7,5,5,7,5,8,8,industrial_engineer
8,9,5,3,4,8,7,7,8,7,6,6,embedded_systems_engineer
8,8,5,5,4,9,9,9,10,8,5,5,cybersecurity_analyst
9,9,6,5,6,9,6,8,9,7,4,6,cybersecurity_analyst
5,7,1,5,4,6,3,4,10,5,4,8,accountant
6,6,2,4,3,4,5,3,9,4,3,8,accountant
6,5,8,8,9,8,8,8,3,9,6,5,entrepreneur
9,10,9,6,3,8,8,9,6,7,6,10,ai_machine_learning_engineer
6,9,6,4,5,7,6,8,8,8,7,5,devops_engineer
4,6,4,8,7,6,5,5,5,8,8,4,project_manager
7,7,6,7,7,7,8,5,5,9,8,4,product_manager
5,3,3,9,6,6,5,6,7,8,8,1,hr_manager
8,9,6,3,3,9,7,7,7,5,4,7,embedded_systems_engineer
6,4,6,8,7,5,6,6,4,7,8,3,teacher
7,7,10,4,5,8,9,8,6,5,7,4,game_developer
9,8,3,7,6,6,6,7,7,4,6,6,business_analyst
4,6,5,8,10,7,7,7,6,7,7,5,product_manager
6,4,8,8,4,5,6,7,7,5,3,1,content_writer
8,9,6,5,3,8,6,7,7,8,6,8,mechanical_engineer
8,8,4,4,3,8,7,7,9,6,5,6,embedded_systems_engineer
6,6,4,5,7,7,6,6,8,7,6,6,industrial_engineer
10,9,8,4,4,8,9,9,8,5,5,5,software_engineer
4,6,7,9,6,4,5,5,5,7,6,3,teacher
8,8,3,5,4,6,5,5,7,5,4,7,financial_analyst
4,4,9,9,3,6,8,5,6,5,4,2,content_writer
5,7,6,6,6,8,7,6,9,7,6,5,devops_engineer
7,7,9,6,4,9,8,6,8,4,7,7,game_developer
5,7,4,8,6,6,4,4,6,8,8,4,project_manager
8,8,5,7,4,8,8,5,10,9,7,5,physician
6,8,4,5,4,6,5,7,9,6,3,6,financial_analyst
7,8,5,8,6,7,6,6,8,7,5,3,lawyer
9,8,6,4,4,8,7,3,8,5,6,8,mechanical_engineer
6,6,5,9,6,7,8,6,5,7,6,2,psychologist
7,7,9,6,4,6,8,7,7,5,7,6,game_developer
6,6,9,5,3,6,6,8,7,4,6,5,frontend_developer
9,7,6,4,4,8,8,7,9,6,5,7,research_scientist
7,7,8,6,6,7,5,6,9,4,6,6,architect
6,6,9,6,5,8,6,5,8,5,7,6,architect
7,7,9,6,3,8,8,7,8,5,7,6,game_developer
5,6,8,5,3,4,5,5,6,4,6,3,ui_designer
8,7,3,4,2,8,7,6,10,6,5,6,database_administrator
6,7,3,4,4,5,2,3,9,5,4,8,accountant
5,3,8,5,3,5,4,5,7,4,5,4,graphic_designer
6,7,9,5,4,8,9,7,7,6,7,6,game_developer
8,9,5,4,3,9,7,8,8,6,5,7,backend_developer
8,7,2,5,5,6,5,5,8,5,5,8,financial_analyst
5,5,8,7,3,5,7,5,6,4,4,2,content_writer
8,6,5,5,4,7,6,6,9,6,6,8,chemical_engineer
10,10,5,5,3,8,8,8,7,8,7,7,backend_developer
6,7,6,7,8,6,8,7,7,6,8,4,product_manager
7,9,4,5,4,8,7,5,8,6,5,8,electrical_engineer
7,8,4,5,3,9,5,7,8,5,4,8,electrical_engineer
4,4,7,9,3,6,8,6,6,5,4,0,content_writer
6,8,2,5,3,7,6,7,10,7,6,7,database_administrator
5,5,9,7,5,6,7,7,8,5,6,4,ux_designer
10,8,8,6,3,8,8,7,7,4,6,8,software_engineer
9,7,7,5,3,7,8,8,9,7,4,8,research_scientist
6,8,5,5,4,9,8,6,8,6,5,6,devops_engineer
8,8,6,7,6,7,5,5,7,7,7,7,industrial_engineer
9,8,6,6,4,8,9,8,7,6,6,10,data_scientist
8,9,4,5,4,7,5,5,8,6,5,8,electrical_engineer
8,7,9,6,4,6,7,8,7,4,8,8,game_developer
7,10,4,4,3,7,7,7,6,7,5,5,backend_developer
5,8,4,7,8,6,3,5,6,9,7,4,project_manager
8,5,2,4,4,5,5,5,8,7,6,9,financial_analyst
6,5,4,5,5,6,6,5,9,5,6,7,civil_engineer
7,10,6,5,4,9,6,8,10,8,4,7,cybersecurity_analyst
8,6,4,8,4,5,7,6,7,4,6,6,environmental_scientist
7,4,8,6,9,8,8,7,4,9,7,6,entrepreneur
8,8,4,4,4,8,6,8,7,7,4,4,devops_engineer
2,5,8,6,3,3,7,5,6,4,5,2,graphic_designer
7,6,7,8,5,4,6,6,5,8,8,4,teacher
5,5,9,9,10,9,8,8,4,9,5,4,entrepreneur
6,7,4,10,6,7,7,6,8,9,6,3,lawyer
7,6,7,5,5,8,7,6,9,5,5,6,architect
6,6,9,7,6,7,5,5,7,4,5,6,architect
7,6,8,5,2,6,4,8,7,5,7,5,frontend_developer
7,9,6,5,4,9,7,8,9,7,5,6,cybersecurity_analyst
6,7,3,9,5,7,6,5,9,8,5,3,lawyer
7,7,3,7,5,8,6,6,9,9,5,4,physician
9,9,4,4,3,7,6,5,9,7,6,8,electrical_engineer
7,9,7,5,4,7,5,7,9,5,6,10,mechanical_engineer
3,4,9,6,2,6,8,5,7,3,6,3,graphic_designer
6,5,3,7,8,5,6,5,6,9,8,4,project_manager
8,8,4,5,6,5,5,5,8,6,7,7,industrial_engineer
6,10,3,5,3,8,7,7,8,5,7,5,devops_engineer
7,6,6,5,4,8,7,6,8,5,5,6,biotechnologist
9,8,2,4,3,7,6,5,10,7,5,6,database_administrator
8,7,4,5,3,6,5,5,9,6,6,5,database_administrator
7,8,6,8,7,7,5,6,6,7,8,8,industrial_engineer
5,4,8,10,7,8,6,5,4,6,7,2,marketing_manager
6,5,8,9,10,8,9,7,5,9,6,4,entrepreneur
6,5,4,7,7,5,6,5,4,8,8,5,project_manager
9,8,6,7,4,7,10,9,8,8,5,8,data_scientist
9,9,6,5,4,7,6,5,7,6,5,8,electrical_engineer
9,7,3,6,4,7,6,6,5,6,6,6,business_analyst
4,4,2,8,6,6,5,6,7,8,9,3,nurse
5,5,3,7,4,8,4,4,8,7,8,2,nurse
8,8,7,6,4,7,7,7,10,7,6,6,biotechnologist
9,8,5,4,3,10,8,9,9,6,5,7,software_engineer
8,9,3,4,3,7,6,5,8,5,6,6,database_administrator
6,6,9,5,5,8,7,6,8,5,6,7,architect
6,5,8,7,9,9,8,8,6,8,5,5,entrepreneur
8,8,9,7,6,9,6,4,9,6,7,7,architect
8,7,3,4,3,4,4,7,9,6,5,9,financial_analyst
4,5,9,5,3,6,6,4,7,5,6,0,graphic_designer
4,3,10,5,2,5,7,5,7,4,5,3,graphic_designer
7,7,7,5,5,5,8,8,9,6,5,6,biotechnologist
9,9,6,6,4,9,9,9,9,8,7,6,cybersecurity_analyst
6,3,9,7,3,7,7,6,6,4,7,4,ux_designer
8,6,5,7,5,6,5,5,7,7,7,7,industrial_engineer
7,7,7,5,3,6,8,7,7,6,7,4,frontend_developer
8,10,5,4,3,6,7,7,8,5,5,7,backend_developer
6,6,8,6,5,8,7,5,8,5,6,6,architect
8,9,5,5,2,9,7,6,7,6,7,7,backend_developer
4,4,3,9,6,4,5,4,5,7,9,2,hr_manager
9,10,6,6,5,9,8,8,8,7,7,8,software_engineer
6,4,5,8,4,6,9,5,6,7,5,3,psychologist
7,6,8,8,8,8,10,6,4,9,7,6,entrepreneur
8,8,5,4,4,8,8,8,8,7,5,8,embedded_systems_engineer
7,7,5,5,5,6,6,4,8,6,7,7,industrial_engineer
8,5,6,5,7,9,7,6,9,9,5,5,physician
6,6,7,6,4,7,8,6,7,4,6,4,ux_designer
5,7,9,6,6,7,7,5,8,5,7,3,architect
7,9,3,5,3,6,6,5,8,5,6,6,database_administrator
8,6,3,6,3,6,6,4,9,5,4,7,financial_analyst
6,7,8,7,5,7,6,4,7,6,6,6,architect
7,8,4,5,3,10,8,8,10,8,4,6,cybersecurity_analyst
5,4,4,9,7,5,5,5,7,8,8,3,hr_manager
8,6,5,5,5,8,10,8,7,5,6,7,biotechnologist
5,4,7,7,6,6,6,5,9,5,5,6,architect
5,4,6,8,5,7,8,5,6,7,5,1,psychologist
7,5,5,10,5,6,8,6,6,8,5,2,psychologist
9,8,3,4,3,6,5,6,7,6,6,5,database_administrator
5,5,8,8,3,4,6,5,6,3,3,1,content_writer
7,7,7,4,3,7,6,6,6,5,6,3,frontend_developer
5,5,8,8,4,5,8,6,7,4,4,2,content_writer
6,6,8,5,4,8,6,5,7,4,5,6,architect
4,4,3,9,6,5,5,4,6,7,6,3,hr_manager
6,6,7,7,3,7,5,6,7,4,4,3,ui_designer
8,7,6,6,5,6,6,7,9,7,6,9,chemical_engineer
6,7,4,6,4,9,4,6,9,6,6,6,civil_engineer
7,6,8,5,4,7,7,5,7,5,7,6,game_developer
9,7,4,7,5,7,5,5,10,9,7,5,physician
5,5,6,9,6,4,6,4,5,6,7,6,teacher
9,8,5,6,4,8,6,5,10,6,4,9,electrical_engineer
7,7,5,5,4,7,5,6,8,5,5,6,civil_engineer
10,9,5,5,4,6,10,6,7,6,5,6,biotechnologist
4,3,9,5,3,6,6,5,8,3,6,2,graphic_designer
5,5,8,8,9,9,9,9,3,8,6,5,entrepreneur
7,5,8,8,4,8,6,6,9,5,5,4,ux_designer
6,6,9,5,5,6,4,5,7,7,6,6,architect
5,5,8,6,4,7,6,6,7,5,5,3,ui_designer
6,6,5,6,5,7,8,6,10,6,6,7,chemical_engineer
9,8,5,5,3,10,9,8,6,5,5,6,software_engineer
9,9,6,3,3,8,7,8,8,5,5,6,embedded_systems_engineer
8,8,6,5,4,7,8,5,9,5,5,6,biotechnologist
7,8,5,5,5,8,6,5,9,6,6,5,chemical_engineer
8,7,7,6,4,8,7,8,8,5,6,6,devops_engineer
8,8,4,5,4,8,6,6,8,5,5,9,electrical_engineer
8,8,7,5,3,8,8,8,9,6,4,6,biotechnologist
9,4,3,5,5,5,6,5,8,7,5,8,financial_analyst
7,7,7,4,4,7,7,6,9,5,6,6,biotechnologist
6,5,1,5,4,4,5,5,9,7,6,4,pharmacist
4,4,4,9,7,5,6,4,5,7,8,3,hr_manager
5,4,6,9,8,7,7,6,5,7,7,4,product_manager
6,7,9,4,5,8,8,7,6,6,7,6,game_developer
6,9,4,4,2,9,7,7,8,6,6,6,backend_developer
7,7,6,6,5,6,8,6,8,6,5,6,environmental_scientist
8,8,5,6,3,9,7,6,8,6,5,7,embedded_systems_engineer
8,7,6,7,5,7,5,4,7,8,8,7,civil_engineer
7,8,4,5,4,8,8,8,9,9,5,6,cybersecurity_analyst
6,6,2,4,2,6,3,3,9,5,5,8,accountant
7,6,1,6,4,5,6,5,9,5,6,5,pharmacist
8,9,6,4,4,7,7,7,8,5,6,6,backend_developer
10,9,6,5,4,9,10,10,7,6,6,9,ai_machine_learning_engineer
6,6,9,5,3,5,8,8,7,5,7,3,frontend_developer
9,6,4,4,3,7,7,5,9,6,6,7,chemical_engineer
3,5,8,9,7,6,6,5,4,6,6,3,marketing_manager
9,9,6,4,3,8,7,6,8,7,5,8,embedded_systems_engineer
7,8,5,5,3,9,7,8,7,6,5,5,backend_developer
7,5,4,7,3,7,8,6,9,5,7,4,environmental_scientist
9,7,3,7,5,8,6,7,8,8,8,5,physician
9,9,5,5,4,10,9,8,6,6,6,7,software_engineer
5,8,9,4,4,8,7,5,6,4,7,5,frontend_developer
5,4,4,9,5,7,7,7,5,6,6,3,psychologist
9,7,5,5,4,7,6,8,8,7,4,6,chemical_engineer
7,10,4,5,3,8,7,7,9,7,5,8,embedded_systems_engineer
6,3,8,8,9,8,8,7,4,9,6,4,entrepreneur
7,7,5,5,4,8,7,8,8,8,6,6,devops_engineer
9,9,6,6,4,9,8,8,9,6,5,7,cybersecurity_analyst
4,4,3,9,6,4,5,3,7,7,9,2,hr_manager
4,6,5,9,6,5,7,4,4,7,6,3,teacher
6,5,6,9,7,8,6,6,4,7,8,4,product_manager
6,6,1,5,3,4,6,5,10,6,6,5,pharmacist
8,7,5,7,4,8,7,7,7,5,6,7,business_analyst
8,10,5,4,5,9,8,8,9,7,5,7,cybersecurity_analyst
7,6,6,6,6,7,5,6,8,6,6,8,civil_engineer
5,6,5,8,4,6,6,5,5,7,5,2,psychologist
6,6,7,10,6,5,6,6,5,6,8,2,marketing_manager
7,4,1,7,5,4,3,6,10,6,5,5,pharmacist
8,6,6,6,6,8,4,5,6,5,8,7,industrial_engineer
4,5,4,9,6,6,5,4,8,5,9,2,hr_manager
3,4,9,5,2,7,4,6,7,3,5,1,graphic_designer
6,6,4,5,5,7,7,6,7,6,7,6,environmental_scientist
8,9,5,4,3,8,7,6,7,5,4,6,embedded_systems_engineer
6,5,9,6,5,6,7,7,8,6,6,5,architect
8,10,6,4,3,8,7,8,8,6,5,7,embedded_systems_engineer
6,7,5,7,6,7,5,6,7,6,7,8,industrial_engineer
6,6,8,8,2,5,8,5,5,6,4,2,content_writer
9,8,7,5,5,9,9,8,9,6,6,9,data_scientist
8,8,4,4,4,9,7,9,8,8,8,6,cloud_engineer
7,8,3,5,4,6,6,5,7,5,5,7,financial_analyst
9,6,3,6,5,8,6,4,7,5,5,6,business_analyst
8,6,4,3,2,6,6,6,10,6,6,8,financial_analyst
6,5,6,8,8,5,8,6,4,7,6,4,product_manager
8,8,10,6,4,8,9,7,9,6,6,4,game_developer
8,6,0,4,4,7,4,4,9,5,3,7,accountant
4,5,5,8,8,6,5,6,6,8,8,5,project_manager
8,10,7,4,4,9,9,9,7,6,5,10,ai_machine_learning_engineer
6,7,10,5,6,8,8,6,8,4,7,7,game_developer
4,5,9,7,2,5,6,6,9,4,6,3,ui_designer
9,6,3,6,5,5,4,6,8,6,5,5,pharmacist
5,4,6,8,7,5,5,5,5,8,8,3,hr_manager
9,9,7,6,4,7,8,9,8,7,4,7,research_scientist
5,5,8,8,7,5,6,4,5,5,7,3,marketing_manager
8,5,5,6,3,7,8,5,7,4,5,4,environmental_scientist
5,5,7,8,7,7,6,3,5,5,8,2,marketing_manager
7,7,9,4,3,9,7,6,7,5,7,7,game_developer
5,4,7,9,6,5,6,6,4,6,7,4,teacher
7,8,6,6,5,8,7,7,10,6,7,5,devops_engineer
7,6,4,6,5,6,6,6,6,5,6,6,business_analyst
7,6,3,8,7,6,6,4,6,9,8,4,project_manager
7,7,3,7,5,8,6,6,10,10,8,4,physician
4,8,3,8,9,6,5,6,6,8,7,4,project_manager
6,4,8,9,10,9,8,8,3,8,4,5,entrepreneur
8,9,3,4,4,8,7,6,8,6,5,5,electrical_engineer
6,6,7,8,9,8,9,7,5,9,7,5,entrepreneur
4,6,7,7,5,7,8,5,7,3,5,3,ux_designer
5,7,5,8,8,6,5,5,6,8,7,4,project_manager
9,9,5,3,4,7,6,6,7,5,7,6,embedded_systems_engineer
7,7,3,5,4,6,3,4,9,5,4,8,accountant
8,7,5,5,4,7,7,8,7,7,6,7,cloud_engineer
5,5,6,7,5,5,6,5,7,9,6,2,psychologist
5,6,9,10,5,7,7,4,5,6,5,3,marketing_manager
4,4,4,8,6,5,6,4,4,7,9,4,hr_manager
7,8,3,8,5,6,6,8,8,8,5,3,lawyer
8,8,6,5,4,7,5,6,10,7,6,6,mechanical_engineer
5,5,9,5,2,6,8,7,9,4,7,3,ui_designer
7,8,5,5,5,9,6,7,8,6,6,5,devops_engineer
6,6,9,5,2,7,5,7,9,4,5,3,ui_designer
7,7,5,5,3,8,7,7,8,6,7,6,devops_engineer
9,9,5,5,5,7,6,5,9,6,6,9,electrical_engineer
6,9,2,4,4,8,5,5,8,7,4,6,database_administrator
5,9,3,9,6,9,5,6,7,6,4,3,lawyer
9,10,7,4,5,10,8,7,7,5,6,7,software_engineer
5,6,2,7,4,6,5,5,9,9,8,4,nurse
8,8,6,5,6,6,4,5,9,6,6,7,civil_engineer
5,4,2,7,7,7,5,7,9,8,10,2,nurse
8,8,6,7,5,7,6,6,6,5,7,6,business_analyst
7,8,5,7,7,7,5,5,8,7,8,7,civil_engineer
6,6,5,9,5,5,6,6,5,6,7,5,teacher
10,7,6,6,3,8,9,9,9,7,7,9,data_scientist
8,8,5,9,5,8,5,6,8,8,6,4,lawyer
4,4,8,5,2,4,7,6,7,4,6,2,graphic_designer
7,7,5,5,5,7,7,6,9,7,5,7,chemical_engineer
10,8,6,3,3,7,8,7,6,5,4,7,embedded_systems_engineer
7,6,4,7,5,7,6,6,6,5,7,6,business_analyst
7,6,8,6,5,8,7,6,7,4,8,2,ux_designer
3,6,9,9,6,5,7,6,5,4,7,3,marketing_manager
7,6,4,9,7,6,6,6,8,8,4,4,lawyer
8,9,7,5,5,9,8,9,8,6,5,9,ai_machine_learning_engineer
6,6,6,9,4,7,8,4,7,6,7,3,psychologist
5,6,4,9,4,7,7,5,7,8,7,2,nurse
4,5,3,9,5,6,3,3,6,8,8,2,hr_manager
7,8,6,7,4,7,4,5,9,6,6,7,civil_engineer
6,6,5,4,6,6,5,5,8,6,6,8,industrial_engineer
6,5,2,4,4,5,3,4,9,3,3,8,accountant
6,7,8,5,4,6,7,7,6,5,7,4,frontend_developer
6,5,7,7,3,5,6,5,7,4,4,2,content_writer
8,8,8,6,3,8,8,9,9,6,6,8,ai_machine_learning_engineer
8,7,4,6,3,6,5,5,8,3,5,9,financial_analyst
6,6,3,9,5,5,6,5,8,8,8,3,nurse
9,9,6,4,4,9,10,8,7,5,5,7,research_scientist
9,9,6,4,5,7,10,8,8,5,5,7,research_scientist
6,5,6,9,6,6,4,4,4,6,8,4,teacher
6,6,6,7,8,6,7,5,6,6,9,3,product_manager
7,6,5,5,4,8,7,8,8,7,6,7,biotechnologist
10,9,7,6,5,8,9,9,6,5,6,9,ai_machine_learning_engineer
9,10,5,5,3,8,7,7,6,5,5,6,software_engineer
8,7,4,9,7,7,6,7,9,8,5,3,lawyer
8,7,8,8,5,6,7,5,6,4,3,3,content_writer
10,8,5,6,6,8,6,6,6,5,5,6,business_analyst
7,7,9,8,5,7,8,6,7,5,7,3,ux_designer
7,9,5,6,3,10,6,7,8,5,6,8,mechanical_engineer
4,5,6,9,7,4,5,6,7,8,8,4,teacher
9,7,5,5,5,7,5,7,9,7,6,5,chemical_engineer
4,5,9,7,3,6,7,5,7,5,7,2,ui_designer
10,9,7,4,3,8,8,8,9,8,6,7,research_scientist
8,7,9,6,4,7,8,7,8,5,6,5,game_developer
6,10,4,4,6,10,6,9,9,9,4,6,cybersecurity_analyst
7,6,7,6,5,8,6,6,8,5,6,5,architect
6,7,10,5,2,5,8,6,7,4,6,5,frontend_developer
8,9,6,4,3,8,5,7,7,6,5,7,embedded_systems_engineer
8,6,6,6,6,6,6,4,8,4,7,7,industrial_engineer
6,7,1,5,4,6,4,4,10,7,5,5,pharmacist
5,4,3,9,7,5,5,4,6,7,8,2,hr_manager
8,5,6,9,4,6,6,6,6,5,6,4,psychologist
9,9,7,4,4,10,9,10,7,5,6,9,ai_machine_learning_engineer
9,8,5,5,4,7,5,7,8,5,5,9,electrical_engineer
6,7,3,6,5,5,7,4,8,5,6,6,pharmacist
5,5,8,8,9,9,8,8,3,8,6,5,entrepreneur
8,9,5,2,3,7,7,7,7,5,6,6,backend_developer
5,7,8,10,5,6,6,6,4,7,8,2,marketing_manager
4,5,5,8,9,6,6,3,6,6,8,3,hr_manager
7,8,5,5,4,8,7,6,8,6,6,6,devops_engineer
9,7,8,4,6,8,9,7,8,6,6,8,research_scientist
8,7,10,6,6,8,7,7,7,5,7,5,game_developer
5,7,9,7,3,7,7,6,9,4,6,3,ui_designer
5,3,7,9,5,7,6,5,5,6,6,1,marketing_manager
4,5,9,8,2,5,7,5,5,5,2,4,content_writer
7,7,4,5,6,8,6,5,8,6,6,6,industrial_engineer
9,8,5,3,4,9,7,6,7,7,4,10,embedded_systems_engineer
7,8,6,5,4,8,7,6,9,6,6,6,biotechnologist
7,8,4,6,6,7,5,7,9,10,6,4,physician
9,5,5,5,3,6,7,6,8,6,7,6,environmental_scientist
5,3,3,9,6,4,5,5,5,9,10,1,hr_manager
6,5,2,4,4,5,3,5,10,5,3,7,accountant
7,4,2,7,5,5,5,4,9,6,6,5,pharmacist
7,6,7,9,7,8,8,6,8,7,8,4,product_manager
4,6,8,8,5,6,7,7,7,5,5,3,ux_designer
8,10,4,5,4,8,8,8,8,9,5,4,cybersecurity_analyst
9,9,7,4,5,8,8,9,10,9,6,6,cybersecurity_analyst
5,3,8,5,2,5,5,6,8,4,6,3,graphic_designer
5,5,9,7,3,5,6,5,8,3,6,2,ui_designer
6,5,1,7,3,5,5,6,6,6,6,4,pharmacist
6,7,5,6,6,6,5,4,8,5,7,7,civil_engineer
7,6,6,6,6,7,8,6,9,6,6,6,biotechnologist
7,7,5,6,3,9,8,8,8,8,7,5,devops_engineer
7,7,7,6,4,7,6,5,9,6,6,5,architect
8,8,3,6,4,8,5,6,7,7,5,8,electrical_engineer
3,5,9,6,1,5,6,6,6,4,5,2,graphic_designer
9,9,5,3,4,8,7,7,6,6,5,7,embedded_systems_engineer
7,7,8,6,5,9,6,5,7,4,5,6,architect
8,9,7,6,3,8,10,9,8,5,5,7,research_scientist
6,5,2,4,4,5,6,6,9,8,6,5,pharmacist
4,5,4,9,5,6,5,3,8,7,8,4,nurse
8,9,5,10,6,8,6,7,9,8,5,5,lawyer
7,8,3,6,4,7,5,4,8,5,6,6,civil_engineer
8,8,5,4,4,7,7,7,8,7,4,5,biotechnologist
7,7,5,7,6,8,5,6,9,9,7,4,physician
4,4,5,10,7,5,7,5,4,6,7,5,teacher
5,5,3,8,5,7,6,6,10,9,9,3,nurse
6,7,9,5,4,8,7,7,7,5,7,6,game_developer
8,7,6,5,3,7,6,8,9,6,5,6,chemical_engineer
8,10,4,4,4,8,6,7,8,6,6,4,backend_developer
7,9,4,5,3,8,7,8,8,6,7,6,backend_developer
7,6,7,6,9,8,9,7,5,10,6,7,entrepreneur
8,6,2,6,4,8,5,4,7,4,4,8,financial_analyst
10,8,5,6,4,6,5,5,8,7,6,8,financial_analyst
4,5,9,10,3,6,9,6,5,4,5,3,content_writer
9,9,8,4,3,10,9,7,7,6,7,9,ai_machine_learning_engineer
6,9,4,4,5,9,7,7,8,7,5,5,devops_engineer
10,8,7,6,5,7,8,8,8,7,6,8,data_scientist
9,7,5,6,6,6,5,4,6,6,8,6,industrial_engineer
9,9,7,5,5,9,7,7,6,5,7,7,software_engineer
8,9,5,5,5,9,7,7,7,6,6,6,devops_engineer
6,5,8,8,3,5,7,6,7,3,5,1,content_writer
8,7,5,6,3,8,6,7,8,5,6,7,chemical_engineer
6,5,4,9,3,6,8,5,5,6,5,2,psychologist
8,8,2,4,3,7,4,7,10,6,5,6,database_administrator
5,5,9,6,2,5,7,8,8,3,7,3,ui_designer
8,6,1,6,3,5,6,5,9,6,5,6,pharmacist
7,6,6,6,6,5,9,6,7,5,7,4,environmental_scientist
8,7,4,5,7,8,5,6,10,8,7,6,physician
6,8,8,7,2,9,8,7,6,5,6,4,frontend_developer
7,10,4,6,3,9,8,8,8,9,6,7,cybersecurity_analyst
7,6,5,5,3,8,5,6,8,5,6,9,electrical_engineer
7,10,6,5,4,8,7,8,7,7,6,5,cloud_engineer
9,10,5,4,4,9,7,7,9,9,5,5,cybersecurity_analyst
4,6,8,7,9,8,9,6,4,8,7,5,entrepreneur
6,7,5,7,5,6,8,6,7,5,7,7,environmental_scientist
6,5,6,6,4,6,8,7,7,4,7,6,environmental_scientist
5,5,3,8,4,6,5,4,8,8,8,3,nurse
8,9,5,4,2,8,8,7,8,6,6,8,backend_developer
7,6,5,6,3,5,7,5,8,4,6,5,environmental_scientist
8,10,4,7,6,6,4,5,7,7,8,8,industrial_engineer
6,5,2,6,4,5,5,4,8,4,4,7,accountant
9,9,6,6,6,9,7,8,7,6,6,6,cloud_engineer
7,5,5,10,4,7,8,5,7,6,5,1,psychologist
5,6,6,8,6,4,6,5,6,7,6,4,teacher
8,7,5,7,3,7,7,7,7,5,6,5,environmental_scientist
4,7,5,8,9,5,4,4,7,8,8,3,project_manager
6,6,7,9,7,8,8,6,6,7,9,5,product_manager
6,6,5,8,9,5,5,5,6,9,8,3,project_manager
8,8,5,5,5,7,7,6,7,5,5,7,chemical_engineer
4,3,4,8,7,5,5,5,6,7,8,2,hr_manager
7,8,2,5,4,7,4,7,9,7,4,5,database_administrator
8,7,5,5,4,9,6,6,9,7,5,9,electrical_engineer
7,6,9,4,3,7,7,7,7,4,7,6,game_developer
5,6,8,6,6,7,7,5,8,5,6,7,architect
7,7,4,8,4,6,6,6,7,4,6,7,business_analyst
9,8,2,3,3,8,4,5,9,7,5,7,database_administrator
10,7,6,8,4,8,9,7,7,6,6,8,data_scientist
6,5,7,5,4,7,5,5,9,6,6,7,architect
4,5,5,9,4,6,7,5,7,7,5,1,psychologist
7,7,4,7,4,5,6,7,8,5,6,7,business_analyst
10,7,6,6,5,10,8,9,8,7,7,8,software_engineer
4,6,4,7,9,6,5,5,7,8,8,4,project_manager
8,8,4,4,4,7,7,7,8,5,6,7,mechanical_engineer
8,9,6,6,6,9,8,8,9,7,5,5,cybersecurity_analyst
10,9,4,5,5,8,5,6,7,6,5,7,electrical_engineer
6,5,8,6,4,6,5,5,7,6,5,7,architect
8,8,4,5,3,8,6,6,8,5,4,9,electrical_engineer
7,6,7,8,8,8,7,6,5,6,8,4,product_manager
5,7,7,7,4,6,7,5,7,3,5,3,ux_designer
7,7,3,9,7,7,7,6,8,10,6,4,lawyer
6,7,8,7,3,6,7,7,8,5,6,3,ux_designer
6,5,7,9,9,9,8,7,5,8,6,4,entrepreneur
8,9,7,3,2,8,7,7,9,7,4,6,embedded_systems_engineer
4,6,5,9,9,5,6,4,6,8,7,4,project_manager
6,7,5,7,3,6,8,8,8,5,6,5,environmental_scientist
8,8,6,5,6,7,6,6,7,6,7,6,industrial_engineer
8,9,6,5,3,8,8,7,8,7,7,5,devops_engineer
9,7,5,5,5,8,7,7,8,6,6,8,mechanical_engineer
6,5,3,2,2,6,3,4,9,5,5,9,accountant
6,5,5,7,4,7,8,5,8,6,6,5,environmental_scientist
8,9,5,5,4,8,7,8,8,6,7,5,backend_developer
9,8,5,6,4,8,9,8,7,5,7,8,data_scientist
5,5,3,9,6,5,6,4,6,6,9,1,hr_manager
5,5,5,7,8,6,5,6,6,8,9,4,product_manager
7,7,4,9,7,6,7,6,7,7,5,3,lawyer
4,5,7,8,5,5,7,5,6,6,7,3,teacher
8,7,4,4,5,8,6,6,8,7,7,5,devops_engineer
9,9,5,3,4,8,7,6,8,6,4,6,embedded_systems_engineer
6,7,8,5,4,7,6,7,10,5,5,6,architect
6,6,6,10,4,6,7,5,6,7,4,2,psychologist
8,9,5,3,4,9,8,9,8,6,5,7,embedded_systems_engineer
8,8,7,6,5,8,10,7,7,4,6,8,research_scientist
8,6,9,5,4,8,9,6,7,4,7,6,game_developer
6,4,3,5,4,5,5,7,8,5,4,6,pharmacist
7,8,4,8,4,7,5,5,7,5,7,5,business_analyst
8,9,3,5,5,7,6,5,7,5,4,9,financial_analyst
5,8,6,7,3,7,6,6,7,4,6,4,frontend_developer
7,7,5,6,6,8,5,4,7,7,8,7,industrial_engineer
8,9,5,5,4,8,7,7,9,5,8,6,mechanical_engineer
5,5,6,9,6,6,7,7,5,7,6,4,teacher
7,4,6,10,6,6,7,5,5,8,7,5,teacher
9,5,8,5,6,7,6,5,8,5,6,7,architect
8,10,5,4,3,8,7,8,8,6,4,6,embedded_systems_engineer
5,4,2,8,4,6,4,6,8,6,10,1,nurse
6,7,6,7,6,7,4,4,8,8,5,7,civil_engineer
8,6,10,5,4,9,8,9,8,5,7,7,game_developer
5,5,4,8,4,5,7,6,6,7,4,3,psychologist
5,6,3,9,8,4,4,3,5,7,7,3,hr_manager
9,8,6,7,3,8,8,8,8,6,6,9,data_scientist
8,7,4,8,4,7,5,6,6,6,7,6,business_analyst
9,9,7,5,3,10,9,7,6,6,5,8,software_engineer
5,4,6,8,6,5,7,5,5,7,6,5,teacher
5,6,8,5,3,8,7,7,7,4,5,4,frontend_developer
9,8,5,5,3,7,7,6,9,6,5,6,chemical_engineer
8,8,4,4,5,6,5,4,9,5,6,8,financial_analyst
6,6,6,4,4,7,5,5,7,6,5,6,chemical_engineer
8,7,5,6,5,9,9,9,7,7,6,7,ai_machine_learning_engineer
8,5,7,8,4,8,6,5,7,4,5,4,ux_designer
9,7,5,4,4,8,8,6,9,7,6,5,devops_engineer
8,10,5,4,5,8,7,8,7,5,6,7,software_engineer
6,7,7,7,8,7,7,5,5,6,9,5,product_manager
6,6,8,8,9,7,8,7,3,9,6,4,entrepreneur
7,7,5,5,8,8,5,6,7,6,7,8,industrial_engineer
8,6,5,5,4,6,5,7,8,8,6,7,chemical_engineer
9,10,5,4,2,7,8,7,7,6,6,6,backend_developer
5,6,9,6,4,5,6,6,8,3,7,4,ui_designer
10,7,5,4,4,9,7,8,6,6,6,5,cloud_engineer
9,8,4,7,4,8,7,7,8,5,6,6,business_analyst
6,5,10,6,1,7,6,7,8,5,6,2,ui_designer
9,9,7,5,4,10,9,9,7,6,7,10,ai_machine_learning_engineer
9,7,6,3,3,9,8,8,7,6,7,8,software_engineer
8,7,6,4,3,8,6,6,9,7,6,8,chemical_engineer
5,6,6,8,7,7,7,7,5,7,7,4,product_manager
7,6,2,3,2,5,1,5,8,5,4,7,accountant
4,6,5,8,8,6,5,5,5,8,9,4,project_manager
6,6,2,6,4,5,6,5,9,6,5,4,pharmacist
7,7,4,4,4,8,6,6,7,6,5,7,chemical_engineer
6,7,4,6,4,6,5,5,7,8,5,8,financial_analyst
6,4,8,5,4,6,6,4,8,4,6,3,ui_designer
6,6,9,5,5,7,8,8,7,4,6,4,frontend_developer
8,7,4,7,6,8,6,6,7,5,6,7,business_analyst
5,5,6,9,3,6,7,4,5,7,5,2,psychologist
7,8,5,5,4,6,6,7,7,7,5,9,electrical_engineer
6,5,7,8,9,8,9,6,6,9,7,5,entrepreneur
9,8,7,4,4,9,10,8,8,6,5,6,research_scientist
5,5,2,8,5,6,5,4,8,8,8,3,nurse
8,9,6,5,4,9,7,8,7,5,7,6,cloud_engineer
9,7,6,6,4,7,5,5,7,7,7,7,civil_engineer
6,5,9,7,3,6,6,6,8,4,7,3,ui_designer
9,8,4,6,4,8,9,8,7,6,6,9,data_scientist
5,7,7,8,3,7,8,5,8,4,5,3,ux_designer
6,5,4,8,5,5,7,5,7,7,5,1,psychologist
9,8,5,4,3,8,6,7,8,5,5,6,embedded_systems_engineer
7,9,4,10,7,8,7,6,7,8,5,3,lawyer
6,7,8,7,4,8,6,5,8,6,6,5,architect
5,5,7,8,9,8,8,7,5,9,8,6,entrepreneur
7,7,3,6,5,6,4,4,9,5,4,7,financial_analyst
8,5,6,8,7,7,7,7,4,6,8,2,product_manager
5,5,7,10,6,6,7,4,4,7,7,4,teacher
9,9,8,5,2,8,10,10,7,5,6,7,research_scientist
5,6,8,7,4,6,8,6,7,4,5,4,ux_designer
7,10,4,5,5,9,8,8,10,8,4,5,cybersecurity_analyst
9,7,6,6,4,8,9,7,7,5,5,8,data_scientist
8,6,4,6,5,8,4,6,8,6,5,7,civil_engineer
7,9,4,10,5,7,6,7,8,8,5,2,lawyer
8,9,4,6,3,9,9,8,8,8,5,6,cybersecurity_analyst
8,10,6,5,3,9,9,7,10,7,6,5,cybersecurity_analyst
9,8,7,6,4,9,8,8,7,6,6,9,ai_machine_learning_engineer
8,9,4,5,5,8,9,9,10,7,5,5,cybersecurity_analyst
5,6,9,7,5,7,7,6,9,5,8,6,architect
5,4,4,7,8,5,5,4,6,8,8,2,hr_manager
6,5,8,9,6,7,7,4,5,6,8,3,marketing_manager
6,5,8,9,6,5,5,4,5,5,6,4,marketing_manager
5,4,7,8,6,6,5,5,4,6,6,3,marketing_manager
7,5,2,4,4,6,3,3,10,4,4,9,accountant
9,8,6,6,5,8,9,9,8,5,6,9,data_scientist
6,6,9,9,6,6,6,6,5,5,7,5,marketing_manager
7,7,8,6,3,6,7,7,7,5,6,4,frontend_developer
9,7,2,4,3,8,5,8,8,6,5,5,database_administrator
6,7,10,4,5,8,7,7,7,4,6,7,game_developer
4,6,4,8,8,4,5,6,6,6,8,4,project_manager
6,7,5,9,7,7,6,5,8,8,4,4,lawyer
6,6,5,6,6,6,6,5,6,6,7,5,industrial_engineer
7,8,9,6,4,8,7,7,7,5,9,6,game_developer
7,6,3,7,4,6,8,8,7,5,5,6,environmental_scientist
5,6,9,9,6,5,5,3,5,7,6,3,marketing_manager
7,7,2,6,3,5,5,5,10,5,7,5,pharmacist
9,10,4,5,3,9,8,7,8,7,5,8,embedded_systems_engineer
5,5,4,7,6,6,4,6,7,6,9,2,nurse
8,7,5,5,4,6,8,7,9,6,6,7,biotechnologist
5,6,3,8,8,6,5,5,7,9,9,4,project_manager
9,8,7,7,4,9,6,5,7,5,6,7,mechanical_engineer
8,6,5,6,4,6,8,7,6,6,5,6,business_analyst
9,9,7,5,4,10,8,8,7,5,6,6,software_engineer
9,10,5,7,3,9,6,7,8,6,4,9,electrical_engineer
7,6,4,7,5,6,5,4,8,7,7,7,industrial_engineer
4,4,9,5,4,5,6,4,6,4,4,2,graphic_designer
8,7,2,6,6,6,6,5,8,6,4,9,financial_analyst
8,6,5,8,4,8,6,5,8,6,7,7,civil_engineer
7,8,5,8,8,8,6,6,5,5,8,5,product_manager
6,8,8,5,3,8,8,5,8,5,5,5,frontend_developer
6,4,7,6,4,6,7,6,7,5,6,3,ui_designer
8,7,5,5,4,8,7,6,9,7,4,7,embedded_systems_engineer
6,6,9,8,8,9,9,8,4,9,7,6,entrepreneur
9,7,5,5,4,7,6,6,8,7,5,7,chemical_engineer
8,7,5,5,4,7,5,6,8,6,7,7,mechanical_engineer
5,4,4,9,8,4,5,4,6,8,8,3,hr_manager
8,7,6,5,5,8,8,5,9,6,5,5,biotechnologist
4,5,7,7,3,5,6,5,6,4,5,2,content_writer
7,7,5,5,4,8,7,8,8,8,5,4,devops_engineer
8,9,6,4,3,7,6,6,7,6,6,8,mechanical_engineer
7,10,6,6,4,10,8,7,10,7,7,6,cybersecurity_analyst
6,5,4,9,7,4,5,4,6,8,7,4,teacher
8,7,5,6,3,8,9,8,9,5,5,9,data_scientist
7,6,3,10,4,5,7,6,5,7,4,2,psychologist
9,7,3,4,3,7,6,6,8,5,4,6,database_administrator
8,7,6,5,2,7,6,6,8,8,5,4,devops_engineer
6,6,9,8,4,7,7,5,7,4,5,4,ux_designer
4,4,4,8,6,5,4,3,7,6,7,2,hr_manager
9,8,6,5,3,6,7,8,9,7,5,9,mechanical_engineer
7,5,1,4,4,4,3,4,9,6,3,8,accountant
10,6,5,4,4,6,7,6,8,6,4,8,chemical_engineer
7,7,2,4,5,4,4,6,9,4,5,7,accountant
7,7,9,5,4,7,8,9,7,6,7,6,game_developer
9,10,3,5,4,9,8,8,10,9,4,5,cybersecurity_analyst
5,2,10,6,2,5,5,4,8,5,4,3,graphic_designer
4,4,4,8,4,5,5,6,8,7,7,3,nurse
8,8,7,6,5,8,5,7,9,4,7,6,mechanical_engineer
8,9,6,5,2,10,9,9,7,7,5,7,software_engineer
8,7,9,5,1,6,7,6,7,4,5,3,frontend_developer
6,7,8,6,5,7,8,6,7,3,6,3,ux_designer
5,4,9,6,3,5,6,6,7,5,6,2,graphic_designer
7,9,5,4,3,7,9,7,7,6,6,6,backend_developer
5,4,9,6,2,6,6,6,9,3,4,3,ui_designer
9,9,4,6,4,8,6,7,7,6,6,8,electrical_engineer
7,10,2,6,4,6,4,4,8,6,5,7,financial_analyst
7,7,6,10,6,5,6,6,6,7,7,4,teacher
7,7,3,7,6,6,6,7,8,10,5,6,physician
9,6,7,5,4,9,5,7,7,7,7,9,mechanical_engineer
8,8,5,4,4,9,8,8,9,6,4,7,embedded_systems_engineer
5,5,5,8,9,5,6,5,6,8,8,4,project_manager
8,7,7,5,4,8,8,7,8,6,5,8,biotechnologist
8,10,5,5,4,8,8,9,9,8,5,6,cybersecurity_analyst
6,5,2,6,4,5,5,6,10,7,5,5,pharmacist
10,9,6,5,4,8,10,9,9,6,5,6,research_scientist
9,8,8,5,4,7,9,9,8,5,4,6,research_scientist
4,6,9,10,3,5,6,5,5,4,3,3,content_writer
10,10,5,5,3,8,9,9,6,6,7,7,software_engineer
7,9,10,4,3,8,9,6,7,5,6,6,game_developer
8,8,6,4,3,8,7,6,8,5,6,7,embedded_systems_engineer
8,6,5,6,7,9,7,6,9,8,8,5,physician
6,5,5,6,4,6,8,7,7,3,6,4,environmental_scientist
7,8,6,6,3,8,7,5,8,6,6,7,mechanical_engineer
8,7,3,5,4,6,6,5,9,7,5,8,financial_analyst
5,5,10,6,2,6,4,6,9,4,8,3,ui_designer
9,9,5,4,3,8,7,9,6,6,6,9,software_engineer
7,7,2,5,6,3,5,5,9,7,5,6,pharmacist
6,7,3,5,2,6,3,5,9,4,3,8,accountant
9,7,3,4,4,6,6,4,8,5,4,7,financial_analyst
8,7,4,6,4,6,6,5,7,5,5,6,business_analyst
8,7,5,6,4,7,4,5,7,6,5,7,civil_engineer
9,10,6,4,3,9,7,10,6,7,7,7,software_engineer
5,5,4,7,6,5,5,4,9,8,9,4,nurse
7,7,2,7,5,4,7,5,9,6,5,5,pharmacist
7,4,8,7,4,7,7,6,7,4,6,4,ux_designer
8,7,2,6,5,5,3,6,10,7,5,5,pharmacist
7,8,6,7,5,6,5,4,9,7,6,8,civil_engineer
8,8,5,5,3,10,8,8,10,7,4,6,cybersecurity_analyst
5,5,7,10,5,6,6,6,5,6,6,2,marketing_manager
9,9,5,5,5,10,8,7,10,8,4,7,cybersecurity_analyst
7,8,5,4,4,9,8,6,8,7,6,6,devops_engineer
8,7,5,5,4,8,7,5,8,7,6,8,mechanical_engineer
4,5,6,8,6,5,4,6,4,7,5,4,teacher
4,5,4,9,6,4,5,5,7,8,8,2,hr_manager
4,4,9,6,2,5,6,3,7,3,4,2,graphic_designer
8,10,4,4,3,8,7,6,8,7,5,6,embedded_systems_engineer
10,8,6,6,4,9,9,8,8,8,5,10,data_scientist
8,8,2,4,5,6,5,5,9,7,6,6,database_administrator
8,8,7,6,4,7,7,7,8,6,5,7,biotechnologist
7,8,4,6,6,7,6,5,7,6,7,6,civil_engineer
8,6,8,4,3,7,7,7,6,5,7,5,game_developer
8,8,5,10,5,6,6,7,9,9,5,2,lawyer
8,9,4,4,3,7,7,7,9,6,6,7,embedded_systems_engineer
6,8,4,4,4,8,7,6,7,8,4,4,devops_engineer
9,8,8,5,4,8,8,10,8,7,4,8,research_scientist
5,7,4,8,7,7,7,6,5,7,9,4,product_manager
4,5,9,3,2,4,7,5,8,5,6,2,graphic_designer
6,6,9,7,5,8,7,5,8,5,6,7,architect
9,9,6,6,3,10,8,9,9,7,6,9,data_scientist
9,9,8,5,4,8,9,7,8,6,5,10,data_scientist
8,8,4,5,4,8,9,9,10,8,5,7,cybersecurity_analyst
8,7,2,6,5,5,5,4,9,5,5,8,financial_analyst
8,8,5,5,5,8,8,7,10,7,5,6,cybersecurity_analyst
9,8,3,4,3,8,6,6,9,6,5,6,database_administrator
5,5,7,8,2,4,6,5,6,5,5,1,content_writer
6,6,5,5,3,6,7,6,7,6,5,5,environmental_scientist
9,6,4,7,7,8,6,5,10,10,7,6,physician
5,5,8,8,2,4,8,5,7,4,4,1,content_writer
6,3,5,10,4,6,7,4,6,8,5,2,psychologist
8,7,6,9,9,8,7,6,5,7,8,4,product_manager
4,3,9,7,4,6,6,5,7,3,5,2,content_writer
8,9,4,5,5,8,7,7,9,6,4,7,electrical_engineer
5,8,8,5,5,8,7,7,6,5,5,5,frontend_developer
7,9,5,4,6,10,7,9,7,6,7,10,ai_machine_learning_engineer
7,6,7,9,8,8,9,6,5,7,6,4,entrepreneur
7,6,8,8,10,8,8,5,5,10,6,5,entrepreneur
7,7,4,5,4,8,7,6,9,7,6,6,devops_engineer
8,7,4,7,8,8,6,6,9,10,7,5,physician
10,7,4,5,3,8,6,8,8,6,6,8,cloud_engineer
7,7,2,5,3,6,5,5,10,7,5,8,financial_analyst
5,8,4,9,9,7,6,4,5,9,8,5,project_manager
3,5,5,9,6,4,5,4,6,7,9,2,hr_manager
8,6,5,7,4,9,7,7,7,6,6,5,business_analyst
5,7,10,6,3,6,5,5,9,4,6,3,ui_designer
6,9,6,8,5,7,6,7,8,9,5,3,lawyer
7,6,5,6,5,8,8,7,7,7,6,5,devops_engineer
5,6,6,9,8,6,7,7,6,7,9,4,product_manager
7,9,5,3,3,9,6,8,8,6,6,7,backend_developer
8,7,6,5,4,7,8,7,8,6,5,7,biotechnologist
7,8,5,4,3,8,6,6,9,5,6,7,electrical_engineer
5,4,5,9,4,6,7,6,6,7,5,1,psychologist
6,5,9,10,3,6,7,4,6,4,3,1,content_writer
7,6,5,5,5,6,7,7,9,5,5,6,biotechnologist
8,9,4,7,4,7,7,5,9,7,6,8,electrical_engineer
9,9,6,4,4,8,7,7,8,6,7,7,software_engineer
6,5,8,6,5,6,6,4,7,6,5,6,architect
4,6,7,9,2,6,9,4,5,5,4,2,content_writer
7,7,5,5,6,7,6,6,8,6,6,6,industrial_engineer
9,9,5,5,3,9,7,7,7,6,5,7,cloud_engineer
7,7,3,5,3,5,5,6,9,5,4,7,financial_analyst
5,4,5,9,6,4,6,3,6,7,7,2,hr_manager
5,5,8,6,2,6,6,7,5,4,5,4,ux_designer
8,8,5,5,2,9,7,10,7,7,6,7,cloud_engineer
6,6,9,6,4,6,7,6,7,5,7,2,ux_designer
8,9,7,5,4,9,8,8,5,5,4,8,software_engineer
7,10,4,5,3,8,7,6,9,4,5,8,embedded_systems_engineer
6,5,6,9,9,8,7,7,3,8,7,4,product_manager
8,7,5,4,3,9,7,7,7,5,6,6,mechanical_engineer
4,7,7,10,5,4,7,5,4,7,9,5,teacher
8,8,4,3,5,9,6,6,8,5,5,8,electrical_engineer
5,6,3,7,8,6,5,4,6,9,7,3,project_manager
9,6,4,6,7,8,8,5,9,9,7,5,physician
8,8,7,5,6,7,9,8,7,6,6,6,biotechnologist
6,6,6,8,8,8,9,6,5,5,8,4,product_manager
7,10,5,4,4,7,8,7,6,7,6,6,backend_developer
6,5,4,3,3,4,2,3,10,6,5,7,accountant
5,4,6,10,3,6,6,5,5,8,6,1,psychologist
9,7,3,7,5,6,7,4,7,5,6,6,business_analyst
4,5,8,9,6,6,5,4,6,5,7,4,marketing_manager
7,6,2,4,3,4,3,4,9,3,3,8,accountant
10,9,7,5,4,10,9,8,8,7,6,10,ai_machine_learning_engineer
7,8,4,6,5,9,6,9,7,5,6,6,cloud_engineer
6,7,7,6,4,8,7,7,9,6,6,5,biotechnologist
7,8,9,5,4,9,9,7,8,5,7,6,game_developer
5,5,8,7,4,6,6,6,8,4,7,3,ui_designer
5,4,8,6,10,8,8,7,5,9,6,5,entrepreneur
8,9,2,4,4,6,5,6,8,6,5,5,database_administrator
6,7,8,7,4,7,7,5,7,4,5,2,ux_designer
8,10,5,4,4,8,6,6,8,7,7,6,backend_developer
8,5,5,5,6,7,5,5,8,7,7,8,industrial_engineer
6,7,10,5,1,7,8,7,7,6,6,3,frontend_developer
8,9,6,5,5,7,7,7,6,7,6,8,software_engineer
6,5,8,8,10,8,9,7,4,10,6,5,entrepreneur
7,9,4,10,7,6,6,5,8,9,6,4,lawyer
7,8,6,5,3,10,9,8,9,8,4,6,cybersecurity_analyst
8,8,7,4,5,9,6,5,8,7,8,9,mechanical_engineer
4,7,5,9,4,7,6,5,9,8,7,4,nurse
8,8,7,5,4,9,8,8,6,6,6,7,software_engineer
7,8,6,4,4,9,6,7,6,5,6,7,backend_developer
6,7,8,6,4,6,6,6,7,5,7,3,frontend_developer
5,4,9,4,2,6,8,7,8,3,5,2,graphic_designer
9,9,7,5,3,10,10,9,8,6,6,8,ai_machine_learning_engineer
4,5,9,9,10,9,8,7,5,9,7,7,entrepreneur
7,7,5,5,5,8,6,9,5,4,6,7,cloud_engineer
9,10,7,6,4,9,8,9,8,6,7,9,ai_machine_learning_engineer
7,8,7,6,5,6,5,6,9,6,6,8,mechanical_engineer
5,6,1,3,3,3,3,4,9,6,5,7,accountant
4,5,8,4,2,7,7,6,8,3,6,4,ui_designer
7,6,5,7,4,8,8,5,8,5,6,6,environmental_scientist
7,5,2,5,3,5,5,4,7,5,5,8,financial_analyst
9,7,2,4,3,6,5,7,9,7,5,6,database_administrator
8,9,5,5,3,8,6,8,8,7,5,4,devops_engineer
7,7,7,7,6,6,9,5,6,5,6,5,environmental_scientist
9,8,8,4,3,8,9,8,8,6,4,5,research_scientist
8,9,4,4,4,8,6,6,8,7,6,6,chemical_engineer
9,7,8,5,3,9,9,7,7,6,6,6,research_scientist
3,5,8,9,3,5,8,5,6,3,5,3,content_writer
7,9,4,5,4,9,7,7,6,6,7,6,backend_developer
8,9,6,5,5,7,6,5,7,5,3,8,electrical_engineer
8,7,6,4,3,8,7,7,9,6,7,8,mechanical_engineer
6,5,4,8,5,7,5,5,9,10,9,3,nurse
8,5,5,5,6,8,5,4,8,5,7,8,industrial_engineer
6,6,3,6,4,6,6,5,9,6,4,4,pharmacist
6,5,6,9,6,4,6,4,5,7,7,4,teacher
7,9,5,6,4,8,7,5,8,5,4,7,electrical_engineer
6,6,3,3,4,5,4,4,9,5,2,8,accountant
7,6,4,7,3,7,7,7,8,5,6,7,business_analyst
8,9,6,4,4,9,7,9,6,5,6,7,software_engineer
4,5,6,10,6,5,5,4,4,6,6,4,teacher
8,8,7,5,3,8,7,7,10,8,5,5,cybersecurity_analyst
7,7,5,8,4,8,5,7,9,7,6,3,lawyer
10,9,6,6,5,8,9,8,7,7,6,9,data_scientist
4,3,10,4,3,4,5,6,7,4,5,2,graphic_designer
6,6,6,9,4,4,8,5,6,6,5,2,psychologist
5,5,9,9,3,4,6,5,5,4,3,2,content_writer
5,8,8,6,3,7,7,8,7,5,6,4,frontend_developer
7,8,3,10,7,7,6,6,8,9,6,3,lawyer
7,5,8,8,5,6,7,5,7,4,6,3,ux_designer
8,8,6,6,4,8,7,8,8,6,6,6,cloud_engineer
7,8,5,4,5,7,5,4,7,6,6,6,civil_engineer
4,4,10,4,3,5,6,6,7,5,4,3,graphic_designer
9,7,6,5,3,8,9,7,9,5,6,9,data_scientist
8,7,6,4,4,9,6,7,7,6,6,8,mechanical_engineer
8,10,5,4,3,8,6,7,7,4,6,6,backend_developer
5,6,4,8,8,5,6,5,5,7,7,3,project_manager
7,7,7,4,5,8,5,5,10,7,6,9,mechanical_engineer
5,6,8,8,2,4,7,5,6,5,3,2,content_writer
5,5,8,8,4,5,6,4,5,4,3,3,content_writer
8,9,3,4,5,10,9,8,10,8,6,6,cybersecurity_analyst
9,8,9,6,5,9,10,10,6,5,8,9,ai_machine_learning_engineer
7,8,2,3,2,8,5,7,10,6,5,6,database_administrator
8,7,6,8,4,8,7,5,9,10,8,5,physician
7,7,7,6,6,8,6,6,9,5,5,6,architect
8,10,5,6,4,6,5,5,9,7,5,10,electrical_engineer
6,7,4,5,6,6,5,5,7,6,6,5,industrial_engineer
8,7,9,4,3,9,8,6,8,5,6,6,game_developer
6,6,7,8,8,7,6,6,5,7,7,3,product_manager
8,7,6,5,4,8,10,6,7,5,5,8,research_scientist
5,6,4,7,4,5,7,8,7,5,7,5,environmental_scientist
9,7,6,5,4,8,6,5,7,5,6,9,mechanical_engineer
10,10,6,6,4,9,9,7,9,8,5,7,cybersecurity_analyst
8,8,4,5,5,8,5,4,9,5,6,8,civil_engineer
8,7,4,5,4,7,5,6,7,8,6,8,chemical_engineer
8,7,4,7,5,10,6,7,10,9,7,6,physician
6,5,7,7,7,8,8,7,6,10,8,5,entrepreneur
6,6,9,5,5,7,5,5,7,5,7,6,architect
8,9,4,4,4,8,8,8,6,7,4,6,cloud_engineer
7,6,6,5,3,6,5,5,7,5,5,8,chemical_engineer
5,5,5,9,4,8,7,5,6,7,5,3,psychologist
8,6,2,6,4,3,6,6,9,6,5,4,pharmacist
9,5,1,5,4,4,4,5,9,7,6,4,pharmacist
7,10,7,5,5,9,10,8,8,5,4,8,research_scientist
6,6,9,8,8,6,8,5,4,8,6,5,entrepreneur
8,9,7,6,4,7,9,7,9,7,6,9,data_scientist
6,7,4,8,8,5,4,4,6,7,10,4,project_manager
9,7,3,8,4,9,7,8,9,9,8,6,physician
7,5,8,8,9,9,8,7,4,9,5,6,entrepreneur
5,4,8,9,4,5,7,5,4,5,4,1,content_writer
6,4,4,9,2,7,8,6,7,7,5,1,psychologist
6,5,4,8,4,6,8,6,7,7,5,2,psychologist
7,9,4,4,4,8,6,9,7,6,6,6,cloud_engineer
10,7,6,6,4,6,10,7,8,5,6,8,data_scientist
9,10,8,6,5,9,9,8,5,6,5,9,ai_machine_learning_engineer
7,6,4,5,5,6,6,6,7,6,6,5,business_analyst
5,6,3,9,4,6,6,4,7,8,7,3,nurse
6,6,8,6,4,6,6,5,6,5,5,3,ux_designer
8,5,5,6,3,6,9,5,7,4,7,4,environmental_scientist
9,7,5,5,4,8,7,7,7,6,6,7,chemical_engineer
8,7,5,4,3,6,9,7,9,5,5,8,biotechnologist
9,9,4,6,3,10,8,8,10,7,5,5,cybersecurity_analyst
6,7,2,4,1,4,4,5,8,6,6,8,accountant
8,9,4,10,7,8,7,6,9,8,4,3,lawyer
5,5,5,10,6,6,6,5,4,5,6,4,teacher
6,6,9,7,5,6,7,5,6,3,5,3,ux_designer
10,9,8,3,4,9,10,9,7,6,5,10,ai_machine_learning_engineer
7,5,8,9,8,8,9,7,4,9,5,5,entrepreneur
6,6,8,7,7,7,8,5,8,5,5,5,architect
5,5,6,9,5,5,6,4,5,6,7,3,teacher
5,6,8,7,3,7,7,7,9,4,7,3,ui_designer
6,8,4,9,5,8,6,7,7,9,6,5,lawyer
4,6,8,4,3,7,7,6,9,3,7,3,ui_designer
8,8,6,4,3,8,8,8,6,6,6,5,cloud_engineer
6,8,5,6,2,7,4,7,7,6,4,8,electrical_engineer
8,10,5,5,3,10,8,8,9,7,5,5,cybersecurity_analyst
6,4,8,7,10,9,7,7,6,10,6,5,entrepreneur
9,9,6,5,4,10,7,9,7,5,8,7,software_engineer
8,6,6,6,5,9,8,5,9,6,6,6,biotechnologist
9,7,1,5,4,5,4,5,9,6,5,4,pharmacist
5,5,8,5,2,6,4,4,8,4,5,1,graphic_designer
7,9,4,4,3,9,7,9,7,5,5,5,backend_developer
5,9,4,9,7,8,8,5,7,8,5,4,lawyer
8,7,6,5,3,7,8,6,8,6,3,6,biotechnologist
9,9,5,5,3,7,7,6,8,5,5,6,embedded_systems_engineer
5,5,9,8,2,4,7,5,5,5,3,1,content_writer
4,5,5,10,7,4,7,3,5,8,9,4,teacher
9,7,6,7,5,7,9,8,6,7,5,9,data_scientist
9,7,6,5,5,7,7,7,9,7,6,7,chemical_engineer
8,8,5,3,3,8,7,7,8,6,5,7,embedded_systems_engineer
5,6,3,6,8,6,6,5,7,9,8,4,project_manager
7,9,4,6,4,8,7,9,7,6,6,7,software_engineer
9,7,6,4,3,8,9,8,8,4,5,8,research_scientist
7,6,3,8,5,7,7,7,8,4,7,6,business_analyst
7,6,5,6,5,7,7,8,8,6,6,6,chemical_engineer
7,5,4,5,3,6,9,8,6,5,5,4,environmental_scientist
7,7,2,4,3,5,2,4,8,4,3,8,accountant
8,6,6,6,4,6,5,4,8,6,6,8,chemical_engineer
8,7,6,6,4,8,9,8,7,7,6,9,data_scientist
5,4,9,8,4,3,7,4,6,3,4,1,content_writer
6,7,5,4,3,9,6,7,6,6,6,5,devops_engineer
5,5,6,7,7,6,6,5,6,7,9,5,product_manager
9,8,5,6,4,8,8,8,7,6,5,10,data_scientist
6,5,9,6,3,5,6,7,8,5,5,4,ui_designer
9,8,7,5,5,8,10,7,8,7,7,10,data_scientist
6,5,8,10,9,8,8,6,5,9,6,5,entrepreneur
8,7,4,7,5,6,6,6,6,4,6,6,business_analyst
4,5,7,9,6,6,6,5,6,6,7,2,marketing_manager
9,9,6,5,5,9,8,7,7,6,5,9,ai_machine_learning_engineer
7,6,4,8,8,6,3,5,6,8,7,6,project_manager
5,4,5,10,5,6,8,5,6,7,5,1,psychologist
6,6,9,9,5,5,6,4,5,5,7,3,marketing_manager
5,6,6,9,5,5,6,4,5,8,8,3,teacher
3,5,10,6,1,5,3,5,7,4,5,2,graphic_designer
8,9,6,5,4,8,8,9,8,7,5,8,data_scientist
9,7,5,7,3,6,7,5,7,7,6,6,chemical_engineer
8,8,3,7,6,8,7,6,10,8,5,4,physician
8,5,7,4,4,6,8,6,8,5,7,4,environmental_scientist
7,9,6,4,3,9,6,7,6,5,6,7,backend_developer
7,7,6,6,5,7,4,5,7,6,7,8,industrial_engineer
8,9,5,4,3,9,7,9,9,8,5,6,cybersecurity_analyst
8,8,5,7,4,8,6,8,8,6,7,5,cloud_engineer
8,6,5,7,5,7,8,6,7,4,7,6,business_analyst
7,7,3,10,7,9,5,5,7,8,6,3,lawyer
6,9,4,5,2,7,8,7,8,7,5,7,backend_developer
9,9,6,5,4,9,8,8,7,6,6,8,ai_machine_learning_engineer
8,8,5,6,4,7,6,6,7,7,4,8,electrical_engineer
9,8,4,4,5,8,6,9,7,6,4,5,cloud_engineer
7,8,6,6,4,8,6,7,9,7,6,9,electrical_engineer
5,3,5,8,6,5,7,6,4,6,6,5,teacher
6,6,7,9,6,4,6,5,5,7,7,4,teacher
8,6,4,7,6,8,6,7,10,8,7,5,physician
4,6,5,8,8,6,4,4,7,9,7,3,project_manager
6,7,2,8,4,7,5,5,6,7,7,3,nurse
7,9,6,2,3,9,6,7,10,7,4,6,embedded_systems_engineer
7,6,5,6,4,6,4,4,8,6,9,7,industrial_engineer
8,10,2,3,4,7,6,6,9,7,5,5,database_administrator
8,10,6,5,4,8,8,8,10,9,5,5,cybersecurity_analyst
8,9,4,6,5,9,9,8,9,9,5,6,cybersecurity_analyst
6,5,0,6,5,7,5,5,9,5,4,5,pharmacist
7,8,5,5,5,7,8,6,8,7,7,5,devops_engineer
6,7,2,4,3,4,4,5,8,7,7,5,pharmacist
9,10,6,4,2,10,7,6,9,7,6,6,embedded_systems_engineer
8,6,4,4,6,7,5,5,9,10,6,5,physician
8,6,3,6,4,5,4,7,8,6,5,8,financial_analyst
7,8,6,4,2,7,5,6,9,7,5,5,database_administrator
8,7,6,7,4,4,8,7,8,5,8,5,environmental_scientist
5,5,9,7,3,5,7,5,6,5,5,3,content_writer
10,8,7,5,4,8,9,8,7,6,5,9,ai_machine_learning_engineer
7,10,2,3,4,8,5,7,7,6,6,6,database_administrator
6,7,8,5,1,7,8,7,8,5,7,3,frontend_developer
5,6,5,8,3,7,7,6,5,7,5,2,psychologist
8,8,4,6,7,8,6,6,9,10,7,6,physician
7,7,3,7,5,6,5,5,9,6,6,8,financial_analyst
6,4,5,10,5,6,7,6,6,7,4,2,psychologist
8,7,4,5,3,6,6,5,9,5,5,6,chemical_engineer
4,6,4,9,8,5,5,4,6,7,8,1,hr_manager
9,8,6,6,5,8,7,9,7,6,5,6,software_engineer
10,8,9,5,3,7,8,9,7,6,5,6,research_scientist
7,6,8,4,4,7,5,4,8,6,8,6,architect
9,8,7,3,3,8,9,9,8,7,4,7,software_engineer
8,8,2,3,3,7,6,6,8,5,4,7,database_administrator
5,7,7,5,1,6,7,6,7,4,5,5,frontend_developer
2,5,9,5,2,4,7,6,6,4,5,1,graphic_designer
6,6,4,8,7,6,6,5,5,7,8,4,project_manager
8,9,4,5,4,8,7,6,8,6,5,9,electrical_engineer
7,5,3,6,4,5,5,5,8,7,5,4,pharmacist
5,5,5,9,5,5,7,5,6,7,5,2,psychologist
4,3,9,4,2,5,6,4,6,4,5,4,graphic_designer
5,5,9,6,4,5,5,5,8,6,6,2,ui_designer
7,8,9,5,1,6,7,8,7,5,6,4,frontend_developer
8,7,5,8,5,9,5,5,9,9,7,5,physician
5,6,9,9,6,6,6,5,6,6,7,3,marketing_manager
8,5,5,8,5,6,7,5,4,6,5,2,psychologist
9,7,7,6,4,8,9,9,8,6,5,6,research_scientist
3,3,4,8,8,4,4,4,6,8,8,1,hr_manager
7,7,8,5,4,7,6,7,7,5,6,6,game_developer
9,9,7,5,4,8,9,9,8,5,5,9,data_scientist
9,10,6,4,3,8,8,9,8,7,6,8,software_engineer
8,6,5,7,5,8,5,6,6,4,6,7,business_analyst
6,5,8,7,4,5,7,4,5,4,4,2,content_writer
8,8,3,6,5,6,5,6,7,4,5,7,business_analyst
8,6,5,6,6,7,6,6,8,9,7,6,physician
6,5,7,8,8,8,6,8,4,8,9,4,product_manager
4,3,7,5,3,6,6,5,7,2,5,3,graphic_designer
9,7,6,5,4,8,9,8,8,6,4,7,research_scientist
10,9,6,6,5,9,8,9,8,7,7,8,software_engineer
6,5,6,8,8,6,6,6,6,7,8,4,product_manager
6,4,9,9,7,6,6,5,6,6,6,3,marketing_manager
5,5,10,6,4,8,6,7,8,4,6,3,ui_designer
8,7,5,6,5,6,6,5,6,4,6,6,business_analyst
7,7,9,5,4,6,7,7,7,4,5,6,frontend_developer
9,7,8,4,4,8,9,8,9,6,5,7,research_scientist
7,7,9,7,4,8,8,7,7,5,7,5,game_developer
6,6,1,7,3,6,6,6,8,6,5,5,pharmacist
6,3,8,9,9,8,10,8,5,8,7,5,entrepreneur
6,5,6,8,8,7,8,5,4,7,7,3,product_manager
8,7,6,8,5,7,7,7,8,6,4,5,business_analyst
8,10,5,3,3,9,7,8,7,5,5,7,embedded_systems_engineer
8,6,5,5,5,6,7,6,7,4,5,4,environmental_scientist
7,7,9,4,4,6,8,6,7,5,6,7,game_developer
9,9,6,5,6,8,7,9,9,5,7,6,software_engineer
6,6,5,9,6,4,6,5,5,7,8,4,teacher
7,8,5,6,4,8,4,6,7,7,5,6,civil_engineer
8,8,6,6,4,9,5,8,6,6,6,5,cloud_engineer
4,4,3,9,6,5,5,3,6,7,8,2,hr_manager
7,6,5,5,5,7,5,5,8,6,6,7,civil_engineer
7,8,3,5,4,7,5,4,9,7,5,9,financial_analyst
4,7,5,8,8,5,6,5,6,8,7,6,project_manager
8,8,6,8,6,6,5,5,7,7,5,4,lawyer
6,7,1,6,4,4,5,6,8,8,5,5,pharmacist
5,6,3,8,7,7,5,5,5,8,10,5,project_manager
7,6,1,5,5,4,6,7,9,5,4,4,pharmacist
9,7,4,4,4,10,5,5,9,7,6,6,electrical_engineer
5,5,8,7,10,9,9,8,4,10,6,5,entrepreneur
4,5,8,9,7,7,4,5,5,7,8,3,marketing_manager
6,7,9,7,8,9,7,7,4,8,6,5,entrepreneur
9,8,5,3,4,8,8,8,7,5,5,6,embedded_systems_engineer
7,8,3,5,3,8,5,7,9,6,5,6,database_administrator
8,6,6,6,5,7,6,7,8,6,5,8,biotechnologist
6,4,9,8,9,7,7,6,4,8,5,6,entrepreneur
5,5,7,9,7,6,7,5,7,5,6,2,marketing_manager
5,6,5,7,6,8,7,7,7,3,6,2,ux_designer
6,8,8,3,5,9,7,10,6,5,7,9,ai_machine_learning_engineer
10,9,7,5,4,9,10,9,7,5,5,10,ai_machine_learning_engineer
6,5,4,3,2,5,3,5,10,6,3,7,accountant
5,5,7,9,6,4,6,5,5,6,8,4,marketing_manager
7,5,2,4,4,5,2,4,10,6,5,8,accountant
6,9,5,9,6,6,6,7,8,7,5,2,lawyer
9,8,6,7,6,6,10,9,8,6,5,10,data_scientist
7,4,7,7,9,8,8,5,5,7,8,4,product_manager
8,10,6,5,4,8,10,9,7,7,5,9,ai_machine_learning_engineer
9,8,4,4,4,7,8,8,7,6,6,6,cloud_engineer
7,8,7,4,4,6,8,7,7,5,6,4,frontend_developer
6,7,5,7,5,7,4,4,8,6,4,6,civil_engineer
7,8,5,3,2,10,5,8,7,5,7,5,backend_developer
7,6,6,6,6,7,3,5,8,6,7,9,industrial_engineer
10,7,7,4,4,8,8,8,8,6,7,10,ai_machine_learning_engineer
9,8,3,4,3,7,4,6,9,7,4,7,database_administrator
8,8,3,3,5,6,5,5,7,7,5,8,financial_analyst
8,8,1,4,4,7,3,5,8,7,4,8,database_administrator
7,6,6,7,8,7,7,7,4,7,8,4,product_manager
7,7,6,6,6,8,6,6,6,7,6,7,industrial_engineer
8,5,9,8,9,9,8,7,4,10,6,6,entrepreneur
7,7,5,6,3,9,6,8,9,5,7,5,cloud_engineer
9,9,5,5,4,7,5,7,7,5,6,9,chemical_engineer
9,9,4,4,4,8,8,6,8,5,5,5,backend_developer
6,7,2,5,4,7,5,6,9,6,5,6,database_administrator
6,6,9,9,3,5,7,5,6,2,3,2,content_writer
5,5,2,8,4,6,4,4,9,9,7,4,nurse
8,7,9,5,4,8,7,7,7,4,7,5,game_developer
10,9,7,6,4,9,10,8,7,7,4,8,ai_machine_learning_engineer
10,8,5,5,4,7,7,7,6,6,5,6,cloud_engineer
8,9,6,6,4,9,9,8,8,7,6,9,ai_machine_learning_engineer
7,6,6,10,9,7,7,7,6,7,7,4,product_manager
7,6,4,5,3,7,7,5,7,5,6,5,environmental_scientist
8,7,4,6,2,7,3,6,10,5,5,5,database_administrator
8,7,5,8,5,9,6,5,8,9,7,5,physician
7,7,5,6,6,8,5,5,7,6,6,8,civil_engineer
7,10,3,6,5,6,7,5,6,7,9,8,industrial_engineer
7,7,2,5,2,6,4,4,8,4,5,9,accountant
10,9,6,4,3,9,9,8,8,5,5,7,research_scientist
7,9,4,5,3,7,7,7,6,7,6,4,devops_engineer
8,6,4,8,7,7,5,7,8,10,8,5,physician
4,6,5,7,9,4,4,6,6,9,7,2,project_manager
7,7,5,5,5,7,8,7,8,6,5,7,biotechnologist
8,9,4,4,4,8,7,10,10,10,5,5,cybersecurity_analyst
10,10,7,5,5,8,8,8,9,7,7,6,software_engineer
7,6,5,9,3,6,7,5,6,7,5,1,psychologist
8,8,4,7,4,8,5,6,7,4,7,5,business_analyst
7,7,4,9,6,7,5,7,9,7,4,3,lawyer
6,6,5,8,4,6,8,6,7,5,4,2,psychologist
9,8,8,6,4,9,9,8,7,7,5,9,ai_machine_learning_engineer
6,7,4,8,6,7,5,5,7,7,7,3,project_manager
6,5,7,8,8,7,6,5,6,9,7,4,product_manager
7,6,5,7,8,6,7,6,6,6,7,3,product_manager
6,6,8,7,4,8,6,6,7,3,6,2,ux_designer
7,7,5,6,4,7,5,5,7,6,6,7,civil_engineer
9,9,7,6,4,8,9,8,5,5,6,8,ai_machine_learning_engineer
8,6,4,5,3,7,7,4,6,6,6,8,chemical_engineer
4,5,10,5,3,5,7,6,9,4,5,2,graphic_designer
9,8,6,3,4,8,9,9,9,5,6,8,research_scientist
8,9,6,4,3,8,7,5,8,7,5,5,backend_developer
7,6,7,8,9,7,7,6,6,8,7,3,product_manager
9,8,5,4,4,9,5,7,8,7,3,7,electrical_engineer
7,9,4,9,5,7,7,7,9,8,5,3,lawyer
9,9,5,6,4,9,6,9,6,5,7,6,software_engineer
7,8,1,8,5,8,7,6,8,9,6,4,lawyer
4,3,8,5,2,5,6,5,8,4,6,2,graphic_designer
5,5,8,8,2,4,7,4,6,4,5,1,content_writer
7,8,6,5,4,7,5,5,7,6,6,7,industrial_engineer
8,5,6,6,4,7,9,5,8,5,6,4,environmental_scientist
8,7,5,5,4,8,7,6,7,7,6,6,biotechnologist
10,9,8,6,5,8,9,8,6,5,6,8,ai_machine_learning_engineer
6,5,5,9,4,7,9,5,8,6,5,0,psychologist
7,10,3,4,4,8,6,8,7,6,4,8,embedded_systems_engineer
9,8,4,6,7,7,6,6,9,9,7,5,physician
6,6,7,6,6,6,6,6,9,5,5,8,architect
5,4,9,10,7,5,6,5,6,6,5,2,marketing_manager
7,7,7,6,3,7,8,7,4,6,5,6,biotechnologist
8,9,6,4,3,9,8,7,6,6,6,6,software_engineer
7,7,7,9,7,7,7,8,4,7,10,4,product_manager
6,8,5,5,3,7,6,7,7,7,6,5,devops_engineer
6,8,5,6,6,7,6,5,6,6,8,7,industrial_engineer
9,9,7,4,3,8,8,10,8,6,6,9,ai_machine_learning_engineer
4,4,8,6,2,6,5,6,7,4,4,3,ui_designer
5,4,6,8,8,4,6,3,4,8,8,4,teacher
4,7,4,8,10,5,3,5,7,8,6,4,project_manager
5,5,9,7,3,6,5,6,8,3,6,3,ui_designer
8,10,7,5,5,10,6,7,6,7,6,7,software_engineer
7,9,6,5,3,7,6,7,6,6,6,7,backend_developer
7,8,2,10,6,7,6,4,7,8,6,2,lawyer
6,5,7,8,8,4,6,4,5,5,7,4,teacher
8,7,7,6,4,9,9,7,8,6,7,9,data_scientist
8,5,2,6,4,5,4,5,9,5,5,5,pharmacist
10,8,5,6,5,9,8,7,9,6,6,8,data_scientist
5,3,4,8,7,4,5,2,6,7,7,3,hr_manager
8,8,5,5,5,7,6,6,10,5,4,8,electrical_engineer
7,7,3,7,6,9,4,6,9,10,5,5,physician
7,8,4,9,7,8,5,6,9,7,6,5,lawyer
9,8,4,6,3,8,6,6,9,6,5,8,electrical_engineer
6,8,4,10,5,8,7,6,7,8,6,2,lawyer
8,7,7,8,10,8,8,7,4,9,6,5,entrepreneur
7,4,4,6,5,8,5,4,9,6,6,7,civil_engineer
7,9,5,5,5,8,5,5,8,7,4,9,electrical_engineer
7,7,3,7,7,8,6,5,9,10,7,5,physician
8,9,7,5,4,7,7,6,7,6,6,7,mechanical_engineer
7,8,4,8,6,8,7,6,9,10,6,5,physician
4,6,6,9,8,5,7,5,5,6,7,4,teacher
8,6,0,7,4,4,4,4,10,7,5,5,pharmacist
8,8,6,5,3,10,9,8,10,7,4,7,cybersecurity_analyst
8,7,4,9,7,6,7,5,8,9,6,2,lawyer
8,9,5,5,4,9,8,8,10,9,6,7,cybersecurity_analyst
6,5,3,8,4,5,5,5,7,9,8,3,nurse
6,5,1,3,3,5,2,5,8,6,4,7,accountant
4,4,4,10,8,5,5,5,5,7,8,3,hr_manager
7,7,2,4,4,5,4,7,9,5,4,8,financial_analyst
9,7,5,5,5,6,6,6,9,7,6,7,chemical_engineer
3,5,8,5,3,5,6,5,7,3,7,2,graphic_designer
6,5,7,9,7,8,8,7,5,7,8,4,product_manager
7,7,5,5,4,8,7,8,8,7,6,6,cloud_engineer
7,8,5,5,4,8,6,8,8,6,6,5,devops_engineer
6,7,4,10,7,6,5,5,8,8,6,2,lawyer
8,8,3,5,3,8,7,5,8,4,4,6,database_administrator
10,8,5,5,3,9,9,7,7,5,6,8,software_engineer
7,7,7,4,4,7,7,6,7,4,5,4,frontend_developer
8,9,6,4,3,8,10,10,8,7,6,9,ai_machine_learning_engineer
8,9,3,5,4,8,7,8,9,6,6,5,devops_engineer
8,8,6,6,4,9,9,8,6,6,7,6,cloud_engineer
5,5,8,8,9,8,7,8,3,9,7,4,entrepreneur
8,7,5,5,4,5,8,6,8,6,5,5,biotechnologist
9,7,4,4,5,9,6,5,7,7,5,7,chemical_engineer
5,4,8,8,5,5,6,5,5,6,8,2,marketing_manager
7,6,4,6,3,5,8,6,7,5,6,5,environmental_scientist
8,7,5,5,5,7,5,6,8,6,6,7,chemical_engineer
9,7,4,8,6,9,6,5,9,9,7,5,physician
6,7,9,5,4,6,7,7,7,4,7,4,frontend_developer
8,3,5,9,4,6,7,5,5,7,5,3,psychologist
7,5,4,7,3,7,6,6,6,8,6,2,psychologist
5,5,9,4,2,6,5,5,9,3,6,4,ui_designer
4,3,5,8,7,5,5,5,6,7,10,1,hr_manager
6,6,2,4,4,6,5,6,9,4,3,8,accountant
9,8,5,5,5,10,8,8,9,9,5,6,cybersecurity_analyst
9,7,4,7,6,7,6,4,8,8,8,6,physician
7,6,8,8,4,6,6,6,7,5,6,2,ux_designer
6,6,6,5,5,9,7,5,6,7,7,7,industrial_engineer
7,9,5,8,7,7,7,7,8,8,4,3,lawyer
8,7,5,8,4,6,7,8,6,5,7,7,business_analyst
5,9,3,9,5,7,4,5,8,9,4,3,lawyer
6,7,5,6,5,6,5,4,8,6,6,6,civil_engineer
8,7,4,6,5,8,7,5,6,5,6,6,business_analyst
10,10,6,6,3,9,9,8,7,6,6,8,ai_machine_learning_engineer
6,7,5,6,5,9,5,5,8,5,8,6,industrial_engineer
9,8,4,7,5,8,7,6,8,10,8,5,physician
7,8,4,5,4,8,6,6,7,8,7,6,mechanical_engineer
7,5,3,6,5,4,4,5,9,6,5,4,pharmacist
5,5,3,7,6,6,7,5,9,7,8,3,nurse
6,5,3,6,5,6,5,5,8,8,9,3,nurse
6,6,7,7,7,7,6,6,7,7,8,4,product_manager
8,7,3,4,3,7,6,6,8,5,6,8,financial_analyst
5,4,3,8,6,6,4,5,8,8,8,2,nurse
8,7,5,5,8,7,5,5,6,7,6,7,industrial_engineer
4,6,10,5,2,5,7,6,9,3,5,2,graphic_designer
8,5,1,5,3,5,4,5,9,5,3,7,accountant
6,7,10,6,3,8,9,8,6,5,7,6,game_developer
8,8,5,6,5,8,6,5,8,9,7,5,physician
10,10,6,4,3,8,9,9,6,6,4,9,ai_machine_learning_engineer
7,5,8,6,5,8,6,5,8,5,7,6,architect
5,7,6,7,9,6,7,6,5,7,8,5,product_manager
6,6,2,5,3,6,3,6,9,5,5,9,accountant
6,6,8,7,6,9,7,7,7,2,5,6,ux_designer
7,7,8,5,4,8,8,6,8,7,8,7,game_developer
4,5,9,6,3,6,7,6,6,5,6,2,ui_designer
7,6,5,7,6,7,6,4,7,4,5,5,business_analyst
6,6,3,5,3,5,2,3,10,6,4,9,accountant
8,10,4,3,2,8,7,8,7,7,5,6,backend_developer
5,4,7,9,6,5,7,5,4,5,7,3,marketing_manager
7,9,5,4,3,8,7,5,8,7,7,9,electrical_engineer
7,7,3,5,5,5,5,7,8,5,6,9,financial_analyst
8,9,4,6,5,9,7,6,9,6,5,9,electrical_engineer
6,7,6,7,9,8,6,6,5,7,8,3,product_manager
4,7,4,7,5,5,8,4,6,4,6,5,environmental_scientist
8,7,6,5,4,7,7,7,8,6,5,7,biotechnologist
8,8,6,6,3,8,5,7,7,8,4,9,mechanical_engineer
6,5,7,6,6,7,5,5,8,5,5,6,architect
9,7,3,6,4,6,5,6,8,6,4,7,financial_analyst
8,7,5,8,6,7,5,5,10,9,8,5,physician
9,10,6,4,5,10,10,8,7,6,6,7,software_engineer
7,8,8,8,9,8,9,5,4,10,6,5,entrepreneur
7,8,2,4,3,7,5,5,10,8,6,6,database_administrator
7,9,5,3,2,7,8,7,9,6,6,7,embedded_systems_engineer
5,6,6,9,6,6,5,4,6,7,8,5,teacher
6,7,6,6,5,8,6,7,8,7,6,7,industrial_engineer
5,4,3,8,5,6,5,6,6,7,8,2,nurse
6,5,4,8,4,7,7,4,6,7,5,1,psychologist
8,9,6,5,4,8,7,7,7,6,5,6,embedded_systems_engineer
8,6,3,4,5,6,6,4,9,7,5,8,financial_analyst
9,8,6,5,5,8,9,9,9,6,6,9,data_scientist
7,8,6,5,4,7,5,5,8,7,6,7,mechanical_engineer
5,6,9,7,4,8,8,6,7,4,5,4,ux_designer
8,8,6,5,3,7,4,5,8,5,6,7,civil_engineer
9,7,8,6,5,8,9,7,8,5,6,7,research_scientist
6,5,6,6,4,7,9,6,7,5,6,5,environmental_scientist
9,7,6,5,3,6,8,5,7,6,5,5,biotechnologist
5,5,8,6,5,7,6,6,9,6,6,6,architect
7,8,6,5,4,8,6,9,9,7,6,5,devops_engineer
7,6,2,5,4,5,6,5,10,7,3,5,pharmacist
6,5,8,6,6,6,5,4,7,4,6,5,architect
8,8,5,3,3,8,6,9,10,6,5,7,embedded_systems_engineer
7,8,3,9,6,7,6,7,10,9,5,2,lawyer
8,7,4,7,6,9,6,4,10,9,7,5,physician
9,9,6,5,4,10,8,9,10,8,5,5,cybersecurity_analyst
4,5,3,8,5,5,6,4,9,7,7,2,nurse
5,5,4,8,8,7,4,4,6,9,7,5,project_manager
6,6,7,7,5,8,5,5,8,6,5,6,architect
6,4,7,7,8,8,8,7,4,9,6,4,entrepreneur
6,6,8,7,4,7,7,6,6,3,5,4,ux_designer
6,6,7,8,10,8,9,7,4,8,5,5,entrepreneur
6,5,7,9,6,5,6,3,5,6,7,4,marketing_manager
8,8,5,5,4,9,8,8,8,6,6,6,cloud_engineer
8,9,4,6,3,7,6,6,9,7,4,7,electrical_engineer
8,9,6,4,4,9,7,5,9,7,6,8,mechanical_engineer
7,9,8,4,3,8,10,8,9,6,5,6,research_scientist
8,9,5,4,4,9,8,7,7,6,7,5,backend_developer
8,8,5,5,5,9,6,6,9,7,6,8,electrical_engineer
8,8,7,5,2,8,6,5,8,5,6,8,mechanical_engineer
9,7,4,6,4,5,6,7,8,6,6,6,chemical_engineer
7,6,4,6,4,4,5,4,9,6,5,5,pharmacist
5,5,8,8,2,6,6,5,5,4,4,3,content_writer
9,7,7,5,4,9,10,10,6,7,5,8,ai_machine_learning_engineer
5,7,8,4,3,6,8,7,7,6,6,4,frontend_developer
7,7,7,6,4,7,9,9,8,6,5,6,research_scientist
7,7,6,4,4,8,6,6,8,6,6,7,chemical_engineer
8,7,3,7,6,9,7,7,9,9,9,5,physician
7,8,5,5,5,7,5,6,7,5,7,8,chemical_engineer
9,8,7,6,3,9,10,8,8,6,6,7,research_scientist
3,6,9,5,4,6,8,6,7,4,4,3,ui_designer
7,7,5,6,6,7,4,6,7,7,7,8,industrial_engineer
4,3,3,8,7,3,4,5,6,7,9,2,hr_manager
8,8,1,4,3,7,4,6,9,5,6,6,database_administrator
8,6,6,5,4,9,10,8,8,5,8,10,data_scientist
8,8,4,6,4,7,4,5,8,7,4,9,electrical_engineer
4,3,3,8,5,7,6,5,7,8,7,3,nurse
6,6,8,7,5,7,8,8,7,4,6,3,ux_designer
7,6,9,4,5,7,7,6,8,5,6,6,game_developer
7,10,4,4,3,8,7,8,5,5,5,5,backend_developer
6,6,4,9,3,5,7,5,7,7,3,3,psychologist
9,8,5,5,5,7,8,8,8,5,6,7,research_scientist
8,9,4,6,4,6,6,5,8,7,5,9,electrical_engineer
9,7,5,5,5,8,6,5,9,7,5,8,electrical_engineer
5,5,2,7,5,6,5,5,7,9,9,5,nurse
7,6,2,7,4,5,5,5,10,7,7,5,pharmacist
6,7,6,10,7,7,7,7,4,7,8,4,product_manager
7,5,4,6,4,6,8,6,5,5,7,3,environmental_scientist
6,6,3,8,9,7,5,7,6,9,8,5,project_manager
6,7,2,4,3,5,3,3,9,4,5,8,accountant
6,5,8,5,3,7,6,8,7,5,5,2,frontend_developer
8,9,4,4,4,9,6,7,7,6,5,6,cloud_engineer
6,7,8,7,9,8,9,7,4,9,7,6,entrepreneur
8,6,6,4,4,6,7,7,9,5,6,5,biotechnologist
5,4,8,8,6,5,7,5,5,7,7,3,teacher
7,7,5,5,3,7,8,7,8,8,4,7,biotechnologist
7,5,2,4,3,5,4,6,8,5,4,10,accountant
4,5,9,5,3,4,7,5,8,7,5,3,graphic_designer
7,9,4,10,6,7,7,6,9,10,5,3,lawyer
9,7,2,4,4,7,5,5,9,7,4,6,financial_analyst
3,4,9,4,1,3,8,5,8,4,5,3,graphic_designer
5,5,8,8,5,7,7,7,7,5,6,3,ux_designer
6,6,7,6,8,8,6,6,5,7,8,4,product_manager
8,7,5,5,3,4,8,5,8,5,5,5,environmental_scientist
6,9,6,7,5,7,6,3,9,7,5,8,civil_engineer
9,7,3,5,4,5,5,4,9,5,5,5,pharmacist
6,6,9,7,4,7,8,5,7,3,5,3,ux_designer
6,6,2,5,4,5,5,6,8,5,6,4,pharmacist
6,6,1,4,2,6,3,5,8,5,4,7,accountant
7,6,2,7,4,6,6,5,7,7,6,6,pharmacist
4,4,3,10,8,5,5,5,5,8,8,4,hr_manager
9,5,3,4,5,6,6,4,8,5,5,8,financial_analyst
9,9,8,6,4,8,9,8,8,6,6,9,research_scientist
7,7,3,6,5,4,6,6,9,6,5,5,pharmacist
6,5,3,9,4,6,6,5,5,7,5,3,psychologist
8,7,3,5,3,6,7,5,8,5,5,8,financial_analyst
7,6,8,6,5,8,5,4,8,6,5,6,architect
8,8,7,5,4,7,10,9,8,6,3,7,research_scientist
4,3,9,5,3,4,5,5,8,3,5,2,graphic_designer
5,7,5,10,4,5,8,5,7,7,6,1,psychologist
7,7,6,5,3,7,6,6,8,5,6,8,mechanical_engineer
8,7,9,6,4,8,9,7,7,4,7,7,game_developer
5,7,9,6,5,7,7,6,9,4,6,3,ux_designer
7,7,6,8,9,7,7,6,5,7,8,5,product_manager
7,5,4,10,5,7,5,6,5,9,6,2,psychologist
8,6,6,5,7,7,6,5,8,6,7,7,civil_engineer
6,5,9,7,5,7,7,5,9,5,6,6,architect
6,7,8,7,5,6,8,4,9,6,6,6,architect
8,9,5,4,4,8,7,7,7,6,6,6,cloud_engineer
8,7,9,4,4,9,8,7,7,4,7,5,game_developer
5,6,5,7,7,7,6,6,5,8,8,3,project_manager
8,7,5,4,3,7,8,6,7,6,5,6,biotechnologist
7,7,5,7,5,8,5,6,8,4,7,6,business_analyst
7,5,5,5,5,7,6,5,7,6,8,8,industrial_engineer
4,4,9,4,2,6,7,5,7,5,6,2,graphic_designer
9,6,5,7,3,8,10,7,8,6,4,8,data_scientist
8,8,3,6,7,9,7,7,8,9,7,4,physician
5,7,4,9,9,6,5,7,6,7,8,3,project_manager
8,9,5,3,4,8,7,7,7,5,5,6,embedded_systems_engineer
6,6,9,6,4,6,7,8,6,5,6,4,frontend_developer
4,4,5,9,6,5,4,5,7,7,8,2,hr_manager
4,6,4,8,8,5,5,4,6,8,7,4,project_manager
7,8,5,6,5,7,6,6,8,6,5,7,civil_engineer
5,5,10,7,1,6,5,5,8,4,5,3,ui_designer
8,8,6,6,4,9,7,6,8,6,4,7,electrical_engineer
5,6,4,8,8,6,5,5,5,8,9,4,project_manager
6,4,10,7,9,8,9,8,5,9,6,7,entrepreneur
6,7,5,7,5,6,5,4,7,5,7,7,civil_engineer
7,8,5,4,3,8,8,7,6,6,7,6,cloud_engineer
8,7,4,4,4,6,6,8,8,6,6,5,chemical_engineer
10,8,7,4,4,9,7,10,7,4,6,7,software_engineer
7,5,2,7,5,6,3,5,10,6,4,4,pharmacist
8,6,6,6,6,8,6,4,8,5,7,6,civil_engineer
6,5,8,8,8,9,7,6,6,7,8,4,product_manager
5,6,4,9,9,6,5,5,7,8,8,3,project_manager
6,8,7,5,3,7,7,7,8,6,7,5,frontend_developer
3,3,10,9,7,5,7,4,4,6,7,2,marketing_manager
8,7,5,5,4,10,6,10,8,7,7,6,cloud_engineer
4,5,4,9,4,6,6,6,6,9,9,3,nurse
10,9,7,4,4,8,8,7,8,6,5,8,research_scientist
8,7,6,5,4,8,8,6,8,6,4,6,biotechnologist
7,7,5,8,9,7,6,7,4,7,9,3,product_manager
4,6,3,8,8,6,6,4,5,7,10,4,project_manager
8,8,6,5,4,7,9,7,8,7,8,10,data_scientist
7,10,7,4,3,8,6,8,7,6,8,6,backend_developer
8,7,4,7,6,7,6,4,8,7,8,6,industrial_engineer
7,7,2,5,4,8,4,6,10,7,6,6,database_administrator
3,4,9,5,2,4,6,5,7,4,5,2,graphic_designer
8,7,7,5,5,6,7,7,9,6,4,7,biotechnologist
6,5,8,5,4,6,8,7,7,5,5,4,frontend_developer
4,4,9,5,4,7,7,6,8,5,5,1,ui_designer
9,9,8,4,4,9,9,7,8,6,5,8,research_scientist
6,5,5,9,3,5,7,4,6,8,5,2,psychologist
7,6,5,7,5,8,4,5,8,5,7,8,civil_engineer
7,6,4,9,3,7,6,4,5,7,6,1,psychologist
6,7,8,5,3,7,8,8,8,5,7,4,frontend_developer
4,4,5,8,7,7,7,6,5,6,9,5,product_manager
9,7,4,6,3,6,5,6,7,6,6,9,financial_analyst
5,4,10,6,3,5,7,5,7,5,5,2,graphic_designer
8,8,5,8,5,7,6,5,7,9,6,6,physician
9,8,8,6,4,7,10,8,8,7,6,6,research_scientist
5,4,7,7,3,6,9,7,5,5,4,2,content_writer
10,9,7,5,3,9,7,7,6,6,6,6,software_engineer
8,10,6,5,3,10,8,8,9,9,5,6,cybersecurity_analyst
8,8,6,5,4,10,9,9,9,8,5,6,cybersecurity_analyst
5,5,4,8,4,6,6,6,6,6,7,3,psychologist
5,6,6,10,7,9,5,6,6,8,7,4,product_manager
8,8,4,4,3,6,6,6,7,6,6,7,chemical_engineer
3,4,8,6,3,5,6,7,8,5,5,2,ui_designer
5,6,3,9,9,6,5,4,5,9,7,3,project_manager
7,7,4,5,7,8,5,6,6,4,8,8,industrial_engineer
9,9,5,6,6,7,6,5,9,10,7,5,physician
5,4,2,8,3,6,4,7,7,7,7,3,nurse
5,5,8,8,3,4,8,4,6,4,5,2,content_writer
10,9,8,7,3,8,10,9,7,5,7,9,ai_machine_learning_engineer
9,8,5,4,4,8,6,7,7,5,4,10,electrical_engineer
5,6,8,7,4,7,7,5,7,5,5,4,ux_designer
6,6,8,6,5,8,6,5,8,3,7,6,architect
7,7,5,6,4,6,6,4,6,5,7,6,industrial_engineer
5,5,5,9,9,6,8,7,5,8,7,6,product_manager
8,7,5,8,4,6,6,6,7,5,5,5,business_analyst
9,9,5,4,4,7,7,6,6,6,6,5,backend_developer
9,7,6,7,5,6,10,6,10,7,6,9,data_scientist
8,7,6,6,6,6,5,5,8,6,6,7,civil_engineer
8,6,5,6,6,8,5,5,6,5,6,7,industrial_engineer
9,10,6,4,4,10,8,8,8,8,5,4,cybersecurity_analyst
6,5,3,9,5,6,6,4,8,7,7,2,nurse
8,8,7,6,4,7,5,5,8,5,6,9,mechanical_engineer
6,6,6,10,5,6,6,5,6,7,8,5,teacher
9,9,6,6,1,7,8,6,7,5,4,6,embedded_systems_engineer
6,8,6,5,5,7,5,5,9,5,6,7,civil_engineer
4,4,10,4,1,5,7,7,8,4,5,2,graphic_designer
8,9,7,6,5,9,9,7,7,7,7,7,software_engineer
7,10,5,5,3,8,8,8,9,6,4,6,cybersecurity_analyst
9,8,5,3,5,7,9,7,7,7,5,7,biotechnologist
7,7,2,5,3,5,5,6,9,6,5,6,pharmacist
7,7,4,6,3,6,9,6,8,5,7,6,environmental_scientist
8,7,5,8,7,9,7,6,8,8,7,6,physician
8,9,5,6,4,9,6,8,8,6,6,6,cloud_engineer
5,5,7,6,3,8,5,7,7,3,4,3,ui_designer
7,8,5,6,7,9,5,5,7,7,8,6,industrial_engineer
10,7,3,5,3,4,4,5,7,7,6,7,financial_analyst
5,2,4,8,7,5,4,6,5,7,8,2,hr_manager
5,8,10,5,4,9,8,8,8,5,7,6,game_developer
7,6,4,5,5,5,6,6,7,6,7,8,business_analyst
4,4,4,6,8,7,5,5,6,8,8,3,project_manager
8,7,4,4,4,6,4,6,8,5,5,8,financial_analyst
9,9,7,5,5,8,8,8,8,7,4,7,research_scientist
7,4,5,6,2,6,7,5,7,4,6,7,environmental_scientist
8,6,3,7,4,5,6,6,9,6,5,4,pharmacist
4,6,8,8,6,6,5,4,5,5,7,3,marketing_manager
6,7,5,7,5,7,5,5,8,4,7,5,business_analyst
3,5,10,5,1,7,6,7,7,5,4,1,graphic_designer
6,6,6,8,10,8,7,6,6,7,8,3,product_manager
9,9,6,5,3,9,9,8,6,7,5,5,software_engineer
8,7,5,5,5,7,5,7,9,6,7,7,electrical_engineer
7,10,5,5,3,7,6,8,10,6,5,6,embedded_systems_engineer
5,6,3,4,5,5,3,4,9,7,4,9,accountant
8,7,6,6,3,9,8,7,6,7,7,6,cloud_engineer
8,8,4,5,3,8,8,7,9,8,5,6,cybersecurity_analyst
6,8,6,6,4,7,6,5,8,6,5,7,civil_engineer
8,8,7,6,4,8,6,8,6,8,8,7,software_engineer
10,9,8,5,4,10,10,7,7,5,7,9,data_scientist
8,8,3,3,4,5,5,4,7,7,5,10,financial_analyst
7,10,5,4,4,9,6,7,8,7,5,6,backend_developer
5,6,8,5,2,6,5,6,10,4,7,3,ui_designer
9,7,7,5,4,8,9,8,8,6,5,6,research_scientist
7,7,6,6,4,5,7,7,7,5,6,5,environmental_scientist
5,7,7,8,5,8,7,7,8,4,6,3,ux_designer
6,6,7,6,5,7,6,5,8,4,6,6,architect
6,9,5,6,5,10,8,9,9,7,6,6,cybersecurity_analyst
7,6,6,9,7,5,9,6,3,10,10,3,product_manager
10,8,7,5,3,9,10,10,7,6,4,10,ai_machine_learning_engineer
7,10,5,4,5,8,6,5,9,6,3,7,embedded_systems_engineer
4,3,3,10,7,5,5,3,5,7,9,1,hr_manager
8,9,4,4,4,6,6,6,9,6,5,6,database_administrator
5,4,8,8,2,4,7,5,6,4,4,3,content_writer
6,5,5,10,3,7,7,6,6,7,5,1,psychologist
4,5,2,8,6,7,4,5,9,9,9,5,nurse
4,5,3,4,3,3,4,4,9,5,4,7,accountant
7,6,10,10,6,5,7,3,7,9,8,2,marketing_manager
9,6,7,4,4,8,7,6,7,6,6,8,mechanical_engineer
5,4,8,9,7,6,5,5,4,6,7,3,marketing_manager
3,4,4,10,6,4,6,5,6,8,7,3,hr_manager
5,5,2,7,2,6,6,5,9,8,8,2,nurse
8,8,6,6,4,7,7,4,8,6,7,8,mechanical_engineer
4,4,3,8,4,7,5,5,9,9,7,4,nurse
6,7,8,10,4,8,7,6,6,3,5,3,ux_designer
6,7,2,5,5,5,8,4,9,6,6,4,pharmacist
8,7,5,6,3,8,7,8,6,8,6,6,cloud_engineer
4,4,8,10,7,5,6,4,4,6,8,2,marketing_manager
6,5,3,9,8,4,4,4,5,6,7,1,hr_manager
6,6,6,8,9,8,6,6,6,6,8,5,product_manager
5,4,8,10,6,6,6,5,6,7,6,3,marketing_manager
9,9,8,3,4,10,9,9,7,5,6,8,ai_machine_learning_engineer
7,7,4,7,5,5,10,5,7,5,5,5,environmental_scientist
9,7,6,5,4,7,8,6,9,7,5,7,cloud_engineer
6,5,8,6,3,4,6,4,6,3,4,3,content_writer
8,7,5,6,6,7,6,6,7,6,6,6,civil_engineer
4,4,6,10,7,4,5,4,5,6,8,2,hr_manager
5,6,5,8,8,7,5,5,5,6,8,5,product_manager
5,6,9,5,3,7,6,5,7,6,8,5,architect
8,8,5,5,4,7,5,5,7,6,5,9,electrical_engineer
8,7,6,4,5,7,7,7,7,6,7,6,frontend_developer
9,6,4,5,4,7,6,7,7,5,5,7,chemical_engineer
7,9,5,5,3,8,7,4,8,5,6,8,electrical_engineer
6,5,9,8,3,6,8,7,6,4,6,3,ux_designer
6,6,6,6,7,8,8,7,4,6,9,3,product_manager
5,6,9,7,4,7,8,6,7,4,7,2,ux_designer
8,7,9,5,3,8,8,7,7,3,6,5,game_developer
6,6,1,5,3,4,6,5,8,5,5,5,pharmacist
7,7,9,3,5,9,8,7,7,5,8,5,game_developer
7,8,7,5,4,7,7,8,7,7,7,2,frontend_developer
8,9,3,3,3,8,6,5,10,6,4,7,database_administrator
7,7,6,7,5,8,5,4,6,6,7,7,industrial_engineer
5,3,4,10,8,5,5,4,6,7,9,2,hr_manager
8,8,6,6,3,8,6,6,9,7,6,8,mechanical_engineer
8,7,6,5,4,8,7,7,8,6,5,8,mechanical_engineer
5,8,4,9,7,6,6,5,9,7,5,3,lawyer
8,8,6,6,4,8,8,8,7,5,6,6,cloud_engineer
7,6,5,9,8,8,8,6,5,8,8,4,product_manager
9,9,8,6,4,9,8,10,7,6,6,8,ai_machine_learning_engineer
8,10,5,6,4,10,8,8,9,7,5,6,cybersecurity_analyst
5,5,4,9,8,6,4,5,6,8,7,5,project_manager
9,10,5,5,4,8,8,7,8,8,4,7,embedded_systems_engineer
9,7,3,5,3,6,5,6,8,6,5,10,financial_analyst
6,6,9,6,4,6,7,8,7,5,5,3,frontend_developer
8,9,7,5,4,10,9,9,8,6,6,8,ai_machine_learning_engineer
7,8,6,6,6,6,5,6,7,5,7,6,industrial_engineer
5,4,8,8,5,7,8,5,5,5,6,3,marketing_manager
7,5,2,3,1,5,3,5,7,4,2,7,accountant
6,6,9,7,10,9,9,7,5,9,6,5,entrepreneur
5,5,9,8,4,4,7,4,6,3,4,2,content_writer
9,7,4,8,4,9,5,5,9,9,6,4,physician
8,7,4,5,4,8,8,6,9,5,8,4,devops_engineer
6,5,7,10,6,7,7,6,5,5,8,3,marketing_manager
7,8,4,6,6,8,7,6,9,10,7,6,physician
5,4,7,7,3,6,9,5,6,3,6,3,ux_designer
5,5,7,8,3,5,6,6,5,5,3,2,content_writer
9,8,5,5,4,8,6,9,7,6,6,6,cloud_engineer
4,5,10,4,3,6,7,5,8,5,6,2,graphic_designer
7,9,5,5,3,7,7,6,8,8,7,6,devops_engineer
6,6,7,6,5,7,6,5,8,6,6,6,architect
6,8,8,6,3,8,6,8,8,4,7,3,frontend_developer
7,7,5,5,5,8,5,6,8,6,6,6,civil_engineer
7,8,4,3,3,8,8,8,8,6,5,8,embedded_systems_engineer
6,5,10,10,4,6,6,6,6,4,3,2,content_writer
5,6,9,6,5,7,6,5,9,5,7,6,architect
6,6,9,6,4,7,7,6,7,4,8,3,ux_designer
9,9,6,3,5,8,8,9,7,6,5,8,backend_developer
8,10,5,5,3,6,6,8,8,5,5,6,embedded_systems_engineer
4,5,10,6,3,7,7,6,7,4,6,3,graphic_designer
6,8,9,6,5,9,9,7,7,5,7,6,game_developer
8,8,9,5,4,7,7,6,8,4,6,6,game_developer
8,8,5,5,5,8,5,6,10,7,6,8,chemical_engineer
9,8,7,8,3,8,8,8,7,7,6,10,data_scientist
7,8,10,4,3,9,8,6,6,6,9,6,game_developer
7,6,9,5,3,8,9,7,7,4,7,7,game_developer
3,4,9,5,3,4,6,6,8,3,5,2,graphic_designer
8,8,5,5,3,8,9,10,7,5,5,10,data_scientist
4,6,4,8,8,6,5,6,6,7,6,5,project_manager
9,8,2,5,2,8,6,7,8,7,5,7,database_administrator
7,6,2,7,5,6,4,4,8,5,5,6,pharmacist
9,6,5,7,5,5,6,5,7,5,7,5,business_analyst
5,7,2,9,6,7,4,5,8,8,7,3,nurse
6,7,10,6,2,6,5,6,8,4,6,1,ui_designer
6,7,9,7,4,7,6,7,9,5,6,3,ux_designer
9,8,8,5,3,10,9,8,7,6,5,9,ai_machine_learning_engineer
7,7,4,6,5,6,5,6,7,5,5,5,business_analyst
4,5,9,6,3,6,6,6,9,3,5,4,ui_designer
7,8,5,5,4,9,6,6,9,6,5,8,electrical_engineer
5,5,7,6,4,6,7,7,8,5,6,4,ui_designer
5,6,8,10,7,7,6,5,7,6,6,4,marketing_manager
6,6,4,5,5,5,8,6,7,5,6,6,environmental_scientist
10,7,2,5,3,7,5,5,8,5,6,6,financial_analyst
5,4,9,6,3,7,6,6,10,3,6,3,ui_designer
5,6,8,5,5,7,7,7,8,5,6,7,architect
8,5,3,7,3,6,5,5,9,6,6,5,pharmacist
7,7,3,5,4,8,5,7,9,7,5,7,database_administrator
8,7,6,5,4,7,7,5,7,6,5,7,biotechnologist
7,6,1,5,4,3,4,5,9,7,4,7,pharmacist
8,9,4,9,5,7,7,6,10,9,5,3,lawyer
5,5,9,8,3,8,6,6,10,3,5,2,ui_designer
5,6,2,8,8,6,5,6,6,8,7,4,project_manager
5,4,4,8,6,4,8,4,5,7,7,3,teacher
8,8,4,3,2,7,6,6,9,6,5,5,database_administrator
9,8,2,7,5,7,6,6,7,5,5,6,business_analyst
7,6,4,6,5,8,5,7,8,4,6,8,industrial_engineer
7,6,4,7,7,8,6,6,9,9,6,4,physician
9,7,4,3,4,8,6,6,9,5,5,8,electrical_engineer
6,6,8,5,2,8,7,7,7,5,7,5,frontend_developer
7,8,4,7,6,8,7,5,10,9,8,6,physician
8,9,6,5,4,8,8,6,8,5,7,5,backend_developer
5,7,9,5,4,6,7,6,8,3,6,1,ux_designer
5,5,8,8,5,5,7,5,5,7,6,4,marketing_manager
8,7,7,5,4,8,9,8,7,8,6,8,research_scientist
6,5,9,6,6,7,6,6,8,4,5,5,architect
7,5,9,5,5,8,8,8,7,6,6,5,game_developer
5,6,7,8,6,5,6,5,4,5,7,3,teacher
9,7,6,5,3,10,8,9,7,7,7,7,software_engineer
4,6,2,8,5,6,6,5,9,9,8,4,nurse
6,7,8,6,5,9,7,8,7,3,7,5,game_developer
5,5,3,8,4,6,6,4,8,8,6,4,nurse
3,4,10,6,0,4,6,5,6,3,4,2,graphic_designer
8,6,4,6,3,8,5,6,9,5,6,5,business_analyst
8,5,3,6,3,4,5,6,7,7,5,5,pharmacist
6,8,9,5,3,6,7,7,8,5,7,4,frontend_developer
4,5,10,6,3,6,6,7,8,5,6,4,ui_designer
8,9,4,4,2,7,6,7,5,6,7,5,backend_developer
8,9,6,5,2,8,6,7,5,6,3,8,embedded_systems_engineer
9,7,6,4,5,9,6,7,6,6,4,8,electrical_engineer
8,7,4,6,6,8,6,5,10,8,6,7,civil_engineer
7,4,2,5,4,6,2,5,9,6,5,8,accountant
4,6,9,7,3,6,8,7,5,3,4,4,content_writer
8,9,4,4,3,8,7,7,7,6,5,6,backend_developer
6,7,7,5,2,7,8,7,8,5,5,5,frontend_developer
5,6,3,9,7,4,6,5,6,7,9,4,project_manager
9,7,5,5,4,4,8,5,6,4,6,3,environmental_scientist
8,9,4,5,4,9,7,6,7,7,5,7,electrical_engineer
6,6,2,6,5,8,7,7,9,10,8,5,physician
6,6,4,5,4,7,6,7,7,6,6,7,chemical_engineer
9,8,7,5,4,9,9,7,9,7,4,8,research_scientist
5,5,10,4,2,6,7,6,7,3,6,3,graphic_designer
7,6,9,7,4,8,6,5,6,4,6,4,ux_designer
7,7,6,5,5,6,6,6,7,7,4,8,chemical_engineer
7,7,6,5,3,8,8,7,7,6,5,6,devops_engineer
7,8,5,4,4,8,7,6,9,6,6,8,backend_developer
8,9,4,4,5,9,8,9,7,6,6,4,cloud_engineer
8,6,4,8,4,7,6,6,7,6,7,6,business_analyst
7,7,10,7,5,7,7,5,7,3,6,3,ux_designer
7,6,8,5,4,9,5,9,8,5,8,6,game_developer
7,7,9,6,5,6,6,4,7,6,5,5,architect
8,7,4,9,7,7,6,6,8,8,5,5,lawyer
7,7,4,5,5,7,7,7,6,6,6,6,business_analyst
10,10,7,6,6,9,8,9,7,5,5,9,ai_machine_learning_engineer
8,7,7,5,5,5,9,7,8,6,6,4,biotechnologist
6,7,5,6,6,4,9,6,8,5,5,4,environmental_scientist
5,5,2,9,5,7,4,5,9,8,8,2,nurse
8,7,2,5,3,5,3,4,10,5,4,7,accountant
5,6,7,6,5,8,5,4,7,6,6,5,architect
4,5,8,7,2,5,5,5,5,5,5,2,content_writer
7,8,5,6,5,7,7,7,7,6,7,5,cloud_engineer
3,3,7,5,3,5,5,7,6,3,5,2,graphic_designer
3,4,8,4,1,5,7,4,7,4,4,2,graphic_designer
7,9,4,4,4,9,5,6,8,6,6,6,chemical_engineer
7,8,4,6,4,9,6,6,6,7,6,4,devops_engineer
5,6,7,9,5,6,7,6,4,6,8,4,marketing_manager
9,9,7,5,4,8,9,8,8,6,5,9,research_scientist
7,8,8,6,1,7,5,7,8,5,6,5,frontend_developer
7,9,5,9,6,6,6,6,9,8,6,3,lawyer
8,10,6,5,3,8,7,9,10,6,6,6,embedded_systems_engineer
8,8,5,9,6,8,7,6,8,9,3,4,lawyer
8,9,6,6,3,9,9,8,7,6,6,8,software_engineer
4,6,9,7,3,5,7,5,6,4,3,1,content_writer
8,7,3,6,4,6,5,3,8,5,4,9,financial_analyst
6,5,8,7,10,8,8,7,6,9,6,6,entrepreneur
6,4,7,6,4,4,8,5,6,4,3,3,content_writer
9,6,4,4,3,7,7,6,8,5,7,7,chemical_engineer
5,5,9,8,5,4,7,7,7,5,5,1,content_writer
10,9,5,5,4,10,8,8,7,7,7,8,software_engineer
5,5,9,6,4,5,5,7,9,3,6,3,ui_designer
8,7,4,5,3,7,8,8,7,6,5,6,cloud_engineer
8,9,5,5,4,7,7,7,7,6,5,6,cloud_engineer
7,10,4,4,2,9,6,9,7,5,5,6,cloud_engineer
4,6,4,8,8,6,6,5,4,7,7,4,project_manager
9,8,6,7,4,8,8,7,9,7,5,7,research_scientist
8,7,5,6,6,8,5,5,8,6,6,8,chemical_engineer
9,8,6,5,4,8,8,9,6,5,5,7,cloud_engineer
4,3,8,10,8,6,7,5,4,5,7,3,marketing_manager
8,8,5,6,4,7,6,7,8,4,6,7,chemical_engineer
6,5,8,7,8,8,7,8,4,9,5,6,entrepreneur
6,5,3,5,3,5,4,3,9,5,5,8,accountant
7,8,7,4,3,8,7,7,8,7,5,8,mechanical_engineer
5,5,4,7,6,5,4,4,6,6,8,2,hr_manager
6,8,8,6,7,8,5,4,8,5,6,5,architect
4,5,9,6,3,6,6,6,9,3,6,1,ui_designer
7,7,4,5,4,7,5,5,8,5,7,7,financial_analyst
3,4,5,9,8,4,5,4,5,6,8,3,hr_manager
7,4,6,7,4,8,8,4,7,8,3,2,psychologist
9,8,5,5,4,7,9,8,8,6,4,7,research_scientist
9,9,4,3,2,8,9,8,9,5,5,7,embedded_systems_engineer
8,9,6,7,4,9,10,8,9,6,7,9,data_scientist
6,5,7,9,5,4,6,4,4,6,6,5,marketing_manager
6,5,5,10,5,4,6,6,6,7,5,2,psychologist
8,8,6,4,4,8,7,7,7,6,6,6,embedded_systems_engineer
6,7,7,6,6,6,7,6,8,5,5,6,architect
8,7,3,5,3,6,5,5,8,6,4,9,financial_analyst
8,6,6,4,4,8,7,9,7,5,5,5,cloud_engineer
7,6,8,6,4,9,7,6,9,4,7,5,ux_designer
6,7,6,5,5,6,3,5,7,5,7,9,industrial_engineer
6,6,4,4,4,5,9,6,7,5,6,5,environmental_scientist
8,8,4,10,6,7,6,5,9,8,4,4,lawyer
8,8,6,5,6,7,7,7,8,5,6,5,cloud_engineer
6,6,7,6,6,7,4,5,8,5,6,6,architect
6,5,6,8,7,6,6,7,4,7,7,4,teacher
7,9,5,5,3,8,8,9,7,6,6,6,backend_developer
7,9,7,6,3,7,7,8,7,8,7,4,devops_engineer
7,9,5,5,4,7,7,7,7,7,6,7,embedded_systems_engineer
5,5,6,9,6,5,5,5,5,6,6,5,teacher
8,9,5,5,4,8,5,5,6,7,5,8,electrical_engineer
7,7,1,4,3,6,4,4,9,4,5,8,accountant
6,4,8,8,6,6,7,5,5,5,8,2,marketing_manager
5,6,8,6,4,8,7,4,6,4,6,3,ux_designer
6,4,2,8,6,7,5,5,8,8,8,3,nurse
9,7,4,4,3,8,7,7,9,6,6,7,electrical_engineer
7,7,8,6,3,7,7,7,7,5,6,3,frontend_developer
8,9,5,6,4,9,7,8,6,6,7,6,cloud_engineer
9,7,5,7,4,8,9,8,9,6,5,7,data_scientist
9,9,6,5,4,8,7,7,8,6,6,8,electrical_engineer
5,4,9,5,1,6,5,5,8,3,5,2,graphic_designer
6,6,5,8,7,6,5,6,6,9,8,5,project_manager
4,5,3,9,4,7,5,4,8,7,8,2,nurse
7,4,8,8,10,8,8,6,4,10,6,5,entrepreneur
8,6,3,5,6,5,4,3,9,5,5,7,financial_analyst
3,5,8,6,2,4,6,5,8,3,4,3,graphic_designer
7,5,5,7,6,7,6,7,7,5,5,9,civil_engineer
5,6,6,10,6,5,6,5,4,9,7,3,teacher
7,8,5,4,3,7,8,7,7,6,5,6,biotechnologist
4,5,8,10,6,6,7,5,7,7,8,2,marketing_manager
7,8,4,5,4,8,8,9,6,7,6,6,cloud_engineer
8,6,2,6,5,5,4,4,9,5,6,5,pharmacist
5,7,7,5,4,6,6,7,8,7,7,6,frontend_developer
6,5,5,9,6,5,6,4,6,9,7,4,teacher
3,5,2,8,5,5,6,6,8,9,7,4,nurse
8,9,7,5,4,7,6,7,8,6,6,9,mechanical_engineer
7,8,5,5,4,8,8,8,8,6,5,5,devops_engineer
8,8,5,6,4,8,5,6,8,6,5,8,mechanical_engineer
9,8,5,6,5,8,5,5,7,8,7,4,physician
8,5,5,10,3,6,6,6,8,6,5,0,psychologist
9,9,6,6,5,9,7,8,8,6,6,8,software_engineer
6,6,6,6,2,6,9,6,8,6,7,6,environmental_scientist
8,6,3,5,4,5,5,4,8,5,5,9,financial_analyst
8,6,5,8,5,6,6,7,5,5,6,8,business_analyst
5,7,4,7,8,6,4,5,5,8,7,5,project_manager
5,4,5,9,7,4,6,4,6,7,8,1,hr_manager
7,7,5,4,4,9,8,6,7,6,6,6,devops_engineer
8,8,6,9,7,8,6,6,8,7,6,4,lawyer
9,7,6,6,4,8,8,7,8,5,6,9,data_scientist
6,5,8,5,4,7,7,7,7,3,7,2,ui_designer
6,6,5,6,8,6,5,5,6,7,8,5,project_manager
7,7,5,9,6,7,5,7,8,7,6,4,lawyer
9,9,5,3,2,9,7,6,7,5,6,5,backend_developer
8,9,6,4,3,8,7,7,6,5,4,5,backend_developer
5,6,5,7,8,7,8,5,4,8,8,4,product_manager
8,6,3,8,5,6,7,7,6,6,5,6,business_analyst
6,5,6,9,4,5,8,5,6,8,6,1,psychologist
7,7,5,7,6,6,7,5,7,7,6,7,industrial_engineer
5,6,8,5,5,6,7,6,8,4,6,7,architect
5,6,10,5,4,7,6,5,10,3,6,3,ui_designer
5,6,6,7,7,5,5,5,4,7,7,4,teacher
9,8,5,5,2,9,9,9,8,5,4,9,ai_machine_learning_engineer
7,6,1,6,5,4,4,3,9,5,5,6,pharmacist
5,4,4,10,7,6,4,4,6,7,9,2,hr_manager
7,6,5,7,6,7,5,6,9,5,6,8,chemical_engineer
9,8,5,4,5,8,7,6,6,7,5,7,electrical_engineer
9,9,7,5,2,8,10,8,8,6,4,7,research_scientist
8,9,5,6,5,9,8,8,9,9,5,6,cybersecurity_analyst
6,7,9,6,3,6,8,8,6,4,8,6,game_developer
3,6,9,7,4,6,7,5,6,5,4,1,content_writer
6,6,2,4,4,6,3,4,10,5,5,7,accountant
6,4,5,8,2,5,8,6,5,8,5,2,psychologist
5,5,5,8,5,7,5,4,8,8,9,3,nurse
7,8,6,5,4,8,7,9,6,8,7,5,cloud_engineer
8,9,7,5,4,9,8,7,7,6,7,8,software_engineer
6,6,6,5,3,7,10,6,7,4,5,5,environmental_scientist
6,6,7,5,3,5,6,7,7,4,6,4,frontend_developer
6,6,7,9,10,7,8,7,4,9,6,6,entrepreneur
7,6,3,6,5,6,4,4,8,8,8,8,industrial_engineer
5,5,10,6,3,6,7,7,8,4,5,3,ui_designer
7,6,6,8,8,7,7,7,7,8,7,3,product_manager
4,7,3,6,8,7,5,5,6,7,7,5,project_manager
9,8,8,4,3,9,7,9,8,6,6,7,software_engineer
9,9,5,3,4,8,7,6,8,8,6,8,embedded_systems_engineer
9,8,5,5,4,6,5,4,9,7,5,9,electrical_engineer
5,6,4,8,3,6,6,5,7,7,5,2,psychologist
7,7,4,5,3,7,8,8,8,4,6,4,devops_engineer
8,10,5,4,5,10,9,8,9,9,4,5,cybersecurity_analyst
7,5,1,5,3,5,3,5,9,5,4,8,accountant
9,7,5,6,5,8,6,6,6,4,6,5,business_analyst
7,7,5,5,4,8,7,6,8,6,8,5,devops_engineer
7,7,2,2,4,7,6,6,8,8,5,6,database_administrator
9,9,7,6,5,10,8,9,8,7,5,8,ai_machine_learning_engineer
4,5,8,9,6,7,6,5,5,5,6,2,marketing_manager
8,8,4,7,6,9,7,7,9,7,8,3,physician
8,4,1,6,3,4,4,5,9,5,5,7,pharmacist
9,6,5,5,6,6,7,7,7,5,5,6,biotechnologist
7,8,3,9,8,9,7,6,7,8,4,3,lawyer
6,5,4,10,4,6,7,5,6,5,4,1,psychologist
6,7,9,5,3,5,7,7,5,4,6,4,frontend_developer
7,7,4,5,7,8,5,5,8,5,7,8,industrial_engineer
8,9,3,10,5,7,6,6,8,8,5,3,lawyer
6,6,7,7,3,6,8,5,9,6,6,3,ui_designer
8,9,5,5,3,8,7,8,6,7,6,5,backend_developer
7,6,4,6,4,6,7,6,7,4,7,6,environmental_scientist
7,6,3,6,5,4,5,5,8,5,6,9,financial_analyst
8,8,6,6,5,8,7,6,7,5,6,7,electrical_engineer
10,8,5,4,4,10,9,7,8,7,6,7,software_engineer
3,5,6,8,7,6,6,5,5,8,8,4,teacher
2,4,3,9,6,4,4,4,6,6,9,2,hr_manager
7,8,3,5,4,8,7,6,9,6,6,7,chemical_engineer
5,6,3,9,4,6,3,5,8,8,9,4,nurse
5,7,6,7,5,7,7,5,10,4,5,6,architect
8,9,4,4,4,9,8,7,8,7,5,7,embedded_systems_engineer
8,6,4,4,4,7,5,5,9,6,4,8,financial_analyst
9,7,4,7,6,7,6,7,10,8,7,5,physician
8,7,3,5,4,7,5,4,8,6,5,8,financial_analyst
3,6,4,10,8,6,3,6,5,8,7,4,project_manager
8,8,1,5,4,5,5,6,7,6,5,7,financial_analyst
8,9,5,4,4,8,8,9,7,6,6,7,research_scientist
9,8,2,5,3,6,5,5,10,7,5,7,database_administrator
6,4,9,9,6,6,7,4,6,6,6,3,marketing_manager
6,6,3,9,6,7,5,4,7,7,7,4,project_manager
6,5,9,5,5,8,8,7,7,5,6,7,game_developer
9,6,4,5,4,7,9,6,8,6,5,7,biotechnologist
7,8,7,5,4,9,7,7,8,5,6,8,mechanical_engineer
6,7,8,6,4,7,6,6,8,5,5,5,ux_designer
8,8,6,6,3,8,8,8,6,7,6,9,data_scientist
4,3,10,5,4,5,7,5,7,4,6,1,graphic_designer
7,7,5,5,4,8,7,7,7,7,7,5,devops_engineer
7,5,7,8,10,7,7,7,5,7,7,5,entrepreneur
5,5,7,9,7,6,7,5,7,5,7,3,marketing_manager
8,8,6,6,4,7,7,7,7,5,6,7,cloud_engineer
9,7,4,5,4,5,7,5,7,7,5,7,financial_analyst
8,8,4,7,3,8,6,7,5,7,6,6,business_analyst
5,6,6,8,4,7,8,6,8,4,6,3,ux_designer
4,6,4,7,9,6,7,5,4,7,8,6,product_manager
8,6,4,7,6,7,7,6,7,5,6,6,business_analyst
6,4,7,6,5,8,5,4,6,5,8,7,architect
6,5,9,5,2,4,6,4,7,4,4,3,graphic_designer
9,8,7,6,5,10,10,9,6,5,6,10,ai_machine_learning_engineer
7,8,9,4,3,8,7,7,7,6,6,4,frontend_developer
8,8,6,5,4,7,7,6,8,5,5,8,chemical_engineer
4,6,9,7,4,6,8,4,6,3,3,2,content_writer
5,6,6,9,5,5,6,5,5,7,6,3,teacher
8,9,2,4,2,6,6,5,8,6,5,5,database_administrator
5,5,7,9,3,5,6,3,6,4,5,2,content_writer
6,4,4,7,5,5,3,5,9,8,9,3,nurse
8,8,5,6,4,10,8,8,9,8,6,6,cybersecurity_analyst
5,5,8,8,3,5,7,6,6,4,5,4,content_writer
7,8,5,9,5,7,6,7,8,9,6,3,lawyer
9,10,5,5,2,7,8,8,7,5,6,5,backend_developer
9,9,4,6,3,9,7,7,8,6,5,6,embedded_systems_engineer
5,5,4,8,4,5,6,5,7,8,9,3,nurse
5,8,4,4,4,8,7,5,7,6,7,5,devops_engineer
7,7,4,6,5,7,5,6,9,8,6,5,physician
7,6,5,10,3,6,6,6,6,6,4,3,psychologist
10,7,6,5,3,7,10,8,8,5,5,5,biotechnologist
9,9,6,5,4,7,7,6,8,6,6,9,mechanical_engineer
5,7,7,6,3,5,8,7,7,6,7,4,frontend_developer
7,9,5,5,3,7,7,8,8,7,5,5,devops_engineer
8,7,9,5,4,7,7,7,6,5,7,5,game_developer
6,7,9,6,4,7,7,6,9,4,7,3,ux_designer
9,8,5,6,3,8,7,8,7,6,5,5,cloud_engineer
10,9,7,5,4,8,10,9,7,6,6,9,ai_machine_learning_engineer
9,9,7,5,5,9,8,8,5,6,5,6,software_engineer
10,9,7,5,3,10,9,8,7,4,6,7,ai_machine_learning_engineer
9,9,5,6,6,8,8,8,7,5,7,7,cloud_engineer
8,9,7,3,4,10,8,9,7,4,5,8,ai_machine_learning_engineer
5,5,7,8,1,5,8,5,7,3,3,2,content_writer
7,6,7,5,5,8,9,8,9,6,6,6,biotechnologist
8,5,6,5,5,5,7,7,8,6,6,5,environmental_scientist
7,5,8,8,5,7,6,5,7,6,7,6,architect
6,6,8,8,8,7,5,4,5,6,8,2,marketing_manager
7,6,4,7,6,6,10,5,6,3,5,5,environmental_scientist
5,5,8,8,2,5,6,4,7,3,3,2,content_writer
5,5,2,7,5,6,4,3,9,8,8,3,nurse
7,9,6,6,7,7,6,5,7,6,6,8,industrial_engineer
8,9,3,5,4,6,6,5,9,5,6,6,database_administrator
8,9,4,9,5,7,6,6,8,8,5,3,lawyer
5,6,6,9,5,5,7,4,3,7,8,5,teacher
6,6,7,9,7,5,5,6,5,6,7,5,teacher
6,6,4,5,3,5,2,4,9,3,5,8,accountant
9,6,6,7,3,6,7,6,8,5,5,4,environmental_scientist
8,7,2,6,4,9,5,5,7,6,7,7,financial_analyst
5,4,2,9,6,5,5,6,8,8,8,3,nurse
4,3,9,5,2,4,5,5,8,6,6,1,graphic_designer
6,6,3,4,4,5,3,5,9,6,4,8,accountant
6,6,1,4,2,5,4,3,8,4,6,9,accountant
9,8,5,7,4,9,8,7,9,10,6,6,cybersecurity_analyst
8,8,4,6,6,6,4,5,7,6,6,7,civil_engineer
9,9,4,4,4,9,9,7,9,7,5,6,cybersecurity_analyst
8,5,6,5,4,7,7,6,8,5,5,7,chemical_engineer
9,9,5,4,3,9,9,9,7,7,5,8,software_engineer
8,8,6,4,4,8,6,6,8,6,7,8,mechanical_engineer
7,6,9,6,5,8,7,5,7,5,6,6,architect
5,7,7,6,5,8,6,5,7,4,7,6,architect
8,10,5,4,3,7,6,7,6,7,6,7,backend_developer
7,8,4,5,4,8,5,5,9,6,5,9,electrical_engineer
6,7,2,10,7,7,7,7,9,9,4,3,lawyer
9,7,4,8,4,5,6,5,7,5,6,5,business_analyst
7,8,5,5,4,8,7,7,7,7,6,5,devops_engineer
7,7,8,5,2,8,7,7,8,5,6,5,frontend_developer
7,8,5,6,5,8,5,7,8,4,7,8,business_analyst
9,8,5,6,5,9,10,8,8,5,7,10,data_scientist
9,6,7,5,5,7,8,8,8,7,4,5,biotechnologist
8,8,7,4,2,9,6,7,9,8,6,5,devops_engineer
9,8,6,5,4,8,8,7,7,6,7,7,cloud_engineer
4,5,10,5,2,5,6,5,8,5,5,3,graphic_designer
6,7,8,4,3,7,7,7,8,5,6,4,frontend_developer
5,8,5,8,9,6,7,6,6,8,8,4,product_manager
7,7,7,5,5,7,7,7,7,5,5,5,biotechnologist
9,7,4,7,5,9,7,5,6,5,7,6,business_analyst
8,7,3,7,4,7,6,6,7,6,6,7,business_analyst
8,9,5,5,3,7,7,6,6,7,7,6,backend_developer
5,5,9,7,4,5,6,5,6,5,5,2,content_writer
8,8,2,3,2,7,4,5,9,6,5,5,database_administrator
4,4,2,7,6,6,5,6,7,8,7,4,nurse
5,4,8,7,9,8,7,8,6,9,5,6,entrepreneur
5,5,7,10,6,4,6,4,5,7,7,3,teacher
7,6,6,4,3,5,7,6,6,6,5,6,environmental_scientist
4,4,8,5,1,5,9,4,7,5,4,1,graphic_designer
8,7,5,6,4,8,6,6,8,7,6,7,mechanical_engineer
7,8,7,5,5,6,9,7,9,5,7,7,biotechnologist
4,5,9,6,3,4,5,4,6,4,5,2,graphic_designer
5,4,5,9,5,5,7,4,6,7,5,1,psychologist
7,6,6,5,6,8,6,4,5,6,7,7,industrial_engineer
5,4,5,9,10,9,6,5,6,6,8,4,product_manager
7,7,3,7,5,8,6,7,9,7,6,5,physician
9,7,5,5,5,8,7,7,8,6,6,5,biotechnologist
9,9,6,4,5,9,8,9,6,6,5,6,software_engineer
8,9,5,2,3,9,7,6,8,6,5,6,embedded_systems_engineer
5,5,6,8,7,8,6,5,4,7,8,4,product_manager
7,8,4,4,4,9,4,6,9,5,5,5,database_administrator
5,5,3,9,5,5,5,6,7,7,7,3,nurse
3,5,6,10,5,5,6,4,5,6,6,3,teacher
5,5,4,9,5,7,5,5,9,7,8,4,nurse
8,8,5,4,3,8,9,7,9,7,5,6,biotechnologist
6,6,8,7,5,7,7,5,7,4,6,2,ux_designer
7,6,6,10,7,5,6,6,4,9,6,5,teacher
8,7,4,6,4,7,6,6,8,6,6,7,chemical_engineer
9,8,7,5,2,8,9,7,10,6,4,7,research_scientist
7,7,5,6,3,9,5,6,8,6,5,9,electrical_engineer
8,8,4,5,5,6,7,7,7,6,6,6,cloud_engineer
10,8,7,5,4,9,9,7,8,5,4,6,research_scientist
7,8,3,4,4,8,5,6,10,6,5,6,database_administrator
3,5,4,8,9,5,6,6,6,8,7,5,project_manager
5,5,9,5,4,4,7,6,8,5,9,2,ui_designer
9,7,3,8,5,7,6,6,8,6,6,6,business_analyst
9,8,6,5,4,8,6,6,9,7,5,8,mechanical_engineer
7,7,2,5,3,5,3,4,10,5,4,7,accountant
8,7,6,6,4,6,7,7,7,5,5,5,biotechnologist
6,7,6,5,4,6,6,6,8,5,6,5,architect
8,7,8,4,3,8,7,7,8,5,5,5,biotechnologist
8,7,6,6,4,6,6,5,7,6,6,6,industrial_engineer
6,8,8,5,3,8,6,7,7,5,7,5,frontend_developer
5,4,8,9,6,5,6,5,5,6,8,4,marketing_manager
4,4,5,8,6,5,5,6,4,7,7,4,teacher
5,5,10,5,2,5,6,6,8,3,6,3,ui_designer
8,8,5,10,5,9,7,6,8,7,6,2,lawyer
5,5,3,2,4,6,3,5,8,5,4,6,accountant
7,8,6,5,4,8,6,7,8,8,6,6,devops_engineer
6,5,5,9,4,6,7,5,5,8,4,4,psychologist
4,6,6,9,7,7,6,5,5,7,7,3,teacher
8,8,5,6,4,8,5,6,8,7,5,7,electrical_engineer
6,4,9,5,2,7,6,5,8,4,5,2,graphic_designer
7,6,2,6,4,6,3,4,8,5,4,9,accountant
3,6,8,8,6,7,7,4,4,6,7,3,marketing_manager
6,6,1,9,6,6,6,5,9,7,8,3,nurse
10,9,6,6,3,10,9,9,6,5,7,9,ai_machine_learning_engineer
8,5,10,4,4,9,9,7,7,5,5,7,game_developer
5,6,4,7,7,6,6,4,6,9,8,4,project_manager
7,6,4,6,6,6,3,4,8,5,6,8,industrial_engineer
4,6,9,9,6,5,6,5,6,6,7,3,marketing_manager
5,5,1,8,5,6,5,6,7,9,8,4,nurse
8,4,2,6,5,6,5,5,9,7,6,6,pharmacist
9,8,5,5,5,6,6,6,8,6,7,7,chemical_engineer
7,10,6,4,2,7,8,7,6,7,7,7,backend_developer
6,5,5,9,4,7,6,5,3,7,4,3,psychologist
8,7,3,3,3,7,5,7,9,7,4,5,database_administrator
7,7,4,4,3,8,4,7,9,6,6,7,database_administrator
8,7,4,5,6,9,5,5,8,6,5,6,civil_engineer
8,8,4,7,7,9,6,6,9,9,7,5,physician
4,4,9,7,2,5,6,4,7,4,6,1,graphic_designer
7,7,7,5,3,5,9,7,6,4,6,4,environmental_scientist
6,6,2,4,4,5,2,4,10,6,4,8,accountant
8,7,5,7,7,6,5,5,7,6,7,7,industrial_engineer
7,8,4,7,7,8,4,5,10,9,7,4,physician
10,9,8,6,3,8,9,9,7,5,6,8,ai_machine_learning_engineer
5,5,9,8,5,6,7,6,5,7,7,2,marketing_manager
5,4,9,8,7,7,6,4,6,7,8,3,marketing_manager
7,6,4,6,6,7,4,5,8,7,8,9,civil_engineer
6,8,9,5,5,9,8,8,8,5,7,6,game_developer
6,6,6,9,6,6,8,5,7,8,5,2,psychologist
5,4,3,7,6,7,5,5,8,8,9,3,nurse
7,5,4,6,7,6,4,5,6,6,8,7,industrial_engineer
3,3,6,9,6,6,4,3,6,7,9,2,hr_manager
7,7,5,6,4,7,9,5,6,5,6,5,environmental_scientist
5,5,8,9,4,5,8,5,6,2,4,2,content_writer
6,5,6,10,7,4,5,5,6,7,7,4,teacher
9,9,6,4,4,7,9,7,6,6,5,6,biotechnologist
9,7,6,6,2,8,8,8,8,5,6,5,biotechnologist
6,6,8,7,4,7,6,5,7,6,6,6,architect
9,8,9,4,3,8,9,10,7,6,5,6,research_scientist
9,9,6,7,3,9,8,9,6,7,5,7,software_engineer
5,5,6,7,8,7,8,5,5,6,8,4,product_manager
6,5,7,9,6,6,7,5,6,7,6,2,marketing_manager
6,6,6,9,7,6,8,5,7,6,8,3,product_manager
6,8,6,9,8,7,7,5,5,7,8,3,product_manager
4,5,10,6,3,6,6,4,8,3,5,1,graphic_designer
5,5,8,6,4,6,6,7,9,5,5,1,ui_designer
8,6,4,6,6,8,5,6,10,10,7,5,physician
5,4,5,9,7,4,5,5,7,7,9,4,project_manager
8,9,6,6,5,9,7,8,8,6,4,7,software_engineer
8,6,5,8,5,9,4,7,6,5,7,7,business_analyst
3,4,5,10,7,5,6,5,6,8,9,2,hr_manager
5,7,1,4,3,7,4,6,9,5,5,8,accountant
8,7,4,7,4,7,5,3,6,6,6,6,business_analyst
7,8,5,6,4,6,9,6,7,5,7,4,environmental_scientist
6,8,6,5,3,9,7,5,8,6,7,7,mechanical_engineer
6,8,4,5,4,10,6,8,6,8,5,5,devops_engineer
5,5,9,5,2,6,6,7,9,4,6,4,ui_designer
8,8,5,5,4,7,4,7,7,5,6,8,chemical_engineer
8,10,5,6,6,10,8,7,7,6,5,8,software_engineer
8,6,6,6,5,7,8,8,7,5,5,5,biotechnologist
8,5,5,6,4,7,8,6,7,6,6,4,environmental_scientist
9,8,4,3,3,8,6,6,8,5,4,6,database_administrator
6,6,7,7,5,6,7,8,7,5,6,3,ux_designer
7,8,2,3,3,8,6,6,10,6,5,7,database_administrator
7,7,6,7,4,6,5,4,7,6,6,7,civil_engineer
5,5,9,6,4,6,6,5,8,5,6,1,ui_designer
4,6,3,8,4,6,6,5,9,6,10,2,nurse
6,4,8,8,3,6,6,6,6,4,5,2,content_writer
4,4,8,5,1,6,5,6,7,4,6,3,graphic_designer
5,6,7,6,5,7,7,7,5,4,5,3,frontend_developer
7,7,5,5,5,7,7,7,9,6,7,5,devops_engineer
8,9,5,4,4,8,9,7,8,6,7,5,devops_engineer
7,6,4,6,5,8,5,7,9,9,7,6,physician
7,9,6,5,3,9,6,10,8,6,5,6,cloud_engineer
6,4,10,4,0,4,7,4,7,3,6,1,graphic_designer
6,6,5,7,6,7,6,6,8,8,8,2,nurse
7,8,9,6,4,8,9,7,6,4,7,6,game_developer
9,7,7,5,4,8,6,7,5,7,6,8,mechanical_engineer
7,6,6,5,4,5,9,6,7,6,6,4,environmental_scientist
7,9,5,5,4,9,7,9,9,8,5,8,cybersecurity_analyst
6,5,8,8,9,8,8,6,4,8,6,4,entrepreneur
7,8,3,5,4,7,5,5,10,5,6,6,database_administrator
7,6,3,7,4,8,6,5,7,6,5,4,business_analyst
7,8,5,8,6,7,6,6,7,7,6,3,lawyer
4,5,4,7,6,6,6,5,8,8,10,2,nurse
6,6,8,5,5,7,6,7,7,5,7,6,architect
6,7,9,6,4,7,6,7,7,5,5,4,frontend_developer
6,7,6,7,4,7,7,7,7,5,6,6,environmental_scientist
8,9,6,4,4,6,6,7,9,8,4,7,embedded_systems_engineer
8,8,7,4,5,7,5,5,8,6,5,8,electrical_engineer
7,7,7,6,3,8,7,6,7,7,5,4,frontend_developer
8,8,6,5,5,8,6,6,8,6,6,8,mechanical_engineer
8,9,7,6,4,8,8,8,8,6,5,8,software_engineer
7,6,6,6,2,5,9,5,8,5,4,5,environmental_scientist
9,6,7,6,2,8,9,7,8,7,6,8,data_scientist
9,8,4,5,6,8,8,10,9,9,6,5,cybersecurity_analyst
9,8,5,6,5,7,6,5,9,6,5,7,electrical_engineer
4,3,5,10,6,5,5,4,5,7,7,2,hr_manager
9,9,2,2,4,7,5,6,10,6,6,6,database_administrator
8,8,5,8,6,8,6,5,8,10,8,6,physician
6,5,8,8,9,8,7,7,4,9,6,6,entrepreneur
9,7,3,7,5,7,7,5,7,4,5,7,business_analyst
6,6,7,6,3,6,6,8,8,3,6,3,ux_designer
5,4,9,4,2,4,6,6,7,4,6,3,graphic_designer
8,8,5,6,3,8,5,5,8,7,5,7,mechanical_engineer
6,9,3,4,2,8,6,5,9,7,5,6,database_administrator
6,7,6,8,5,8,6,7,9,9,4,2,lawyer
7,6,4,6,6,8,6,5,7,5,5,6,business_analyst
8,8,6,5,3,7,6,6,8,5,5,8,electrical_engineer
7,6,4,5,6,8,6,7,7,6,6,7,cloud_engineer
9,8,6,6,3,9,9,9,7,7,7,9,ai_machine_learning_engineer
6,4,1,5,5,4,4,5,8,6,5,5,pharmacist
5,8,6,6,5,7,5,6,8,6,5,8,civil_engineer
8,9,5,4,3,8,7,7,9,7,5,7,cybersecurity_analyst
7,10,6,4,3,7,7,7,7,6,7,7,backend_developer
6,4,8,7,4,3,7,4,7,4,5,1,content_writer
5,6,3,7,7,5,5,4,6,9,7,3,project_manager
7,7,9,7,3,6,7,5,6,4,7,3,ux_designer
6,6,4,9,4,6,7,6,3,7,4,2,psychologist
7,8,2,5,5,6,6,6,8,7,5,9,financial_analyst
8,7,4,6,3,9,6,7,9,6,5,6,devops_engineer
5,6,5,9,5,5,6,5,4,9,7,5,teacher
8,9,6,5,4,9,7,8,10,7,4,6,cybersecurity_analyst
9,8,4,5,2,8,7,9,7,6,7,5,cloud_engineer
3,4,9,7,0,5,6,5,7,4,6,3,graphic_designer
5,6,8,6,3,6,6,5,7,5,5,5,architect
9,7,5,5,3,9,7,5,7,6,6,9,electrical_engineer
8,7,5,9,5,7,6,5,9,9,5,3,lawyer
6,5,5,9,5,4,7,6,5,8,8,4,teacher
6,8,8,6,3,7,7,7,6,4,5,4,frontend_developer
6,9,4,9,6,7,6,5,8,8,5,1,lawyer
8,7,6,5,4,8,6,5,9,7,6,6,chemical_engineer
5,5,3,10,8,5,4,3,7,8,9,1,hr_manager
4,5,9,5,2,5,5,3,9,4,5,1,graphic_designer
9,9,5,5,3,9,7,8,7,7,5,7,software_engineer
9,7,4,6,6,8,7,6,9,9,6,5,physician
8,6,5,6,3,8,4,6,9,6,4,7,electrical_engineer
6,4,6,9,4,7,7,4,7,8,5,2,psychologist
5,5,7,10,6,6,5,5,4,6,7,2,marketing_manager
7,7,6,6,3,7,8,8,8,6,6,6,biotechnologist
5,5,5,7,6,7,5,5,5,10,7,4,project_manager
9,10,6,4,5,8,6,5,10,6,4,8,electrical_engineer
6,4,8,9,5,7,7,5,6,6,9,2,marketing_manager
5,5,10,7,3,5,6,6,6,5,4,1,graphic_designer
7,8,5,7,5,7,4,5,8,6,6,7,civil_engineer
7,7,5,6,7,8,6,6,7,7,6,6,industrial_engineer
6,5,3,8,3,7,6,5,8,10,8,1,nurse
5,5,5,10,5,6,6,4,7,6,9,3,teacher
6,8,7,5,3,7,7,7,6,5,7,5,frontend_developer
3,4,8,8,6,5,6,4,5,5,5,3,marketing_manager
7,5,3,7,5,6,5,5,8,9,7,4,nurse
5,4,10,6,3,6,6,5,10,2,6,3,ui_designer
10,8,4,7,5,7,7,7,6,5,6,6,business_analyst
8,9,5,4,4,9,6,6,8,6,4,8,electrical_engineer
7,8,5,4,4,7,7,7,9,6,4,8,electrical_engineer
4,6,9,7,4,7,7,5,7,2,5,3,ui_designer
4,3,9,4,2,5,6,4,8,4,6,1,graphic_designer
7,5,2,6,3,5,4,6,10,5,5,5,pharmacist
6,5,2,4,2,5,3,5,9,5,4,7,accountant
7,9,3,4,2,7,6,6,9,8,4,6,database_administrator
7,6,7,6,4,8,7,8,8,7,4,7,biotechnologist
6,8,5,8,6,7,6,7,8,9,5,3,lawyer
5,5,8,8,9,8,8,7,4,9,7,5,entrepreneur
10,8,6,6,4,7,10,8,9,6,5,9,data_scientist
5,5,2,8,4,5,4,5,7,7,8,2,nurse
9,8,2,4,4,8,5,6,9,7,6,5,database_administrator
6,6,5,9,4,4,7,6,6,6,5,3,psychologist
7,7,3,6,2,6,5,5,8,6,4,8,financial_analyst
8,6,5,7,5,7,5,5,8,6,6,7,business_analyst
7,9,4,5,3,9,8,6,7,7,5,6,backend_developer
5,4,2,9,5,5,6,6,10,8,9,3,nurse
9,10,6,5,4,10,7,8,6,5,5,8,software_engineer
9,6,4,7,5,7,6,7,9,10,6,6,physician
7,9,7,4,4,9,7,7,7,7,7,5,devops_engineer
7,7,4,6,5,6,5,5,5,5,7,7,business_analyst
8,6,6,9,4,7,6,6,8,9,5,3,lawyer
5,6,6,9,8,5,6,3,7,9,8,2,hr_manager
8,8,2,3,4,6,5,3,8,6,5,8,financial_analyst
6,7,8,5,4,8,7,7,6,5,6,4,frontend_developer
6,8,5,6,5,8,6,5,8,7,6,7,electrical_engineer
9,6,8,5,4,8,8,8,7,7,8,7,game_developer
8,8,2,6,5,5,5,5,7,6,5,9,financial_analyst
6,6,7,7,5,6,6,6,7,5,7,4,ux_designer
8,9,6,6,2,8,10,8,8,5,6,9,data_scientist
5,6,4,10,6,5,6,5,5,8,7,4,teacher
8,8,5,3,1,8,8,6,8,5,5,6,backend_developer
9,8,4,8,5,7,5,6,8,5,6,5,business_analyst
7,9,6,6,5,8,6,6,10,6,6,5,devops_engineer
7,6,5,6,4,6,8,7,6,3,7,5,environmental_scientist
8,6,8,5,5,8,7,9,7,4,8,3,game_developer
8,7,5,6,4,8,7,6,7,6,6,9,electrical_engineer
7,9,5,4,3,8,8,9,10,7,3,6,cybersecurity_analyst
6,6,5,10,2,7,8,5,6,6,5,2,psychologist
8,7,3,6,4,5,6,4,9,7,5,9,financial_analyst
5,7,8,5,5,8,7,6,7,5,6,1,ux_designer
7,4,8,8,2,5,8,6,6,4,5,2,content_writer
8,6,3,5,3,6,5,6,8,8,7,4,pharmacist
6,7,8,5,3,6,8,6,7,5,5,4,frontend_developer
9,8,7,6,4,9,8,9,7,7,6,5,software_engineer
7,8,6,6,5,9,4,7,8,5,6,9,electrical_engineer
6,6,8,6,3,7,8,6,7,4,6,1,ux_designer
6,7,8,5,4,7,8,7,7,3,7,4,frontend_developer
8,9,6,4,3,9,8,7,8,6,4,6,embedded_systems_engineer
4,5,2,7,5,5,5,4,8,8,9,3,nurse
7,5,8,8,10,8,9,7,3,10,7,5,entrepreneur
8,10,4,4,3,9,7,6,9,6,7,6,backend_developer
7,9,5,4,3,7,6,8,7,6,5,7,embedded_systems_engineer
5,7,7,6,5,8,5,7,7,4,6,3,ux_designer
6,3,4,10,7,6,6,6,5,7,5,5,teacher
5,7,5,8,7,7,6,6,5,6,9,5,product_manager
4,6,5,10,6,5,6,5,5,8,7,4,teacher
9,7,8,5,5,9,9,8,8,5,5,6,research_scientist
7,5,8,6,6,8,8,6,8,4,7,7,architect
7,8,2,6,3,4,5,6,10,6,6,5,pharmacist
6,6,3,7,5,6,6,4,7,8,7,3,nurse
7,8,4,8,6,6,6,5,8,7,5,2,lawyer
6,6,8,6,4,8,7,7,7,4,8,4,game_developer
7,8,4,10,7,7,6,6,9,9,5,3,lawyer
3,5,3,9,7,4,5,3,4,7,7,1,hr_manager
4,3,9,4,2,5,6,4,5,3,5,2,graphic_designer
9,8,3,4,5,7,5,4,9,4,5,8,financial_analyst
5,5,6,10,7,6,6,5,5,8,7,3,teacher
5,5,7,10,4,4,5,5,5,7,7,4,teacher
7,8,4,4,3,9,7,7,7,7,7,6,backend_developer
8,8,2,3,2,6,3,8,7,6,5,5,database_administrator
7,10,6,7,4,8,9,8,9,5,6,10,data_scientist
6,4,6,8,3,6,9,5,6,6,4,3,psychologist
6,6,3,6,4,5,5,6,10,4,6,5,pharmacist
5,5,8,10,5,6,6,6,4,6,6,5,teacher
4,5,4,9,8,5,5,4,6,7,7,2,hr_manager
7,6,8,7,3,6,8,7,6,2,6,3,ux_designer
6,7,4,8,5,8,6,6,9,8,7,5,physician
4,6,3,9,10,6,5,4,7,8,8,5,project_manager
6,10,4,5,4,7,7,8,7,6,7,6,devops_engineer
10,8,8,5,5,8,9,10,8,5,6,10,ai_machine_learning_engineer
5,7,4,9,8,7,6,4,6,8,9,3,project_manager
5,5,9,7,2,5,6,5,8,4,6,3,ui_designer
6,6,5,9,7,6,6,5,4,7,8,2,teacher
5,5,8,6,4,6,7,5,8,5,6,7,architect
8,4,3,2,4,6,5,5,7,7,5,7,financial_analyst
8,7,3,7,7,7,6,6,9,9,7,5,physician
8,7,3,5,5,6,4,7,9,6,5,7,civil_engineer
8,4,7,6,5,9,6,5,8,4,6,7,architect
8,6,4,7,5,6,6,6,6,5,6,7,business_analyst
8,7,7,4,4,9,9,10,8,7,8,8,ai_machine_learning_engineer
9,7,4,4,3,9,8,8,7,6,6,5,cloud_engineer
7,4,4,8,3,6,7,6,6,8,4,2,psychologist
9,7,1,6,3,5,5,6,9,7,5,4,pharmacist
8,9,4,5,2,8,8,7,7,6,7,7,backend_developer
3,4,9,6,3,6,5,5,9,5,5,5,ui_designer
6,9,2,8,6,7,6,5,9,9,6,4,lawyer
8,10,4,6,5,9,9,8,9,8,5,7,cybersecurity_analyst
8,8,3,7,4,7,7,5,7,5,6,6,business_analyst
9,9,3,4,3,7,5,7,9,7,4,7,database_administrator
5,6,8,9,3,4,6,6,6,4,4,3,content_writer
8,8,4,4,3,6,5,6,9,8,5,7,financial_analyst
6,8,4,7,5,5,5,7,8,6,7,8,industrial_engineer
7,6,4,6,4,6,4,5,7,6,6,6,civil_engineer
8,7,9,6,4,9,9,7,7,5,7,5,game_developer
7,6,5,5,4,7,5,7,8,5,5,8,chemical_engineer
8,7,5,5,4,7,6,5,8,5,4,10,electrical_engineer
6,4,8,9,6,6,6,5,5,5,7,2,marketing_manager
8,7,4,8,5,7,6,5,8,5,6,6,business_analyst
8,8,4,4,3,8,9,7,9,9,5,6,cybersecurity_analyst
8,9,5,4,4,10,9,9,9,9,5,6,cybersecurity_analyst
6,5,6,8,9,7,7,5,5,6,8,4,product_manager
9,7,5,4,4,7,6,7,9,6,5,8,electrical_engineer
5,5,4,10,4,6,7,3,7,7,4,2,psychologist
9,10,5,5,4,7,9,6,9,7,5,6,research_scientist
8,8,3,3,4,7,5,6,9,5,6,4,database_administrator
3,5,7,6,2,5,6,5,6,5,5,1,content_writer
6,10,6,4,4,10,9,9,6,7,6,10,ai_machine_learning_engineer
8,9,5,3,4,8,6,7,7,6,6,7,embedded_systems_engineer
7,7,5,5,2,8,8,8,8,6,5,7,embedded_systems_engineer
5,6,7,7,9,8,7,6,5,6,7,4,product_manager
6,7,4,8,9,6,5,5,6,7,8,3,project_manager
8,7,3,5,4,8,6,5,9,6,4,7,electrical_engineer
10,8,6,6,4,9,7,8,7,6,5,10,data_scientist
9,8,5,5,4,8,5,7,9,6,5,7,electrical_engineer
5,6,9,5,3,5,6,5,10,3,7,2,ui_designer
6,8,5,6,6,7,6,5,7,6,6,7,civil_engineer
9,9,7,5,4,9,9,9,7,5,7,7,software_engineer
8,8,2,7,4,6,6,6,7,7,7,9,business_analyst
5,7,3,7,4,5,4,4,9,8,9,3,nurse
5,5,6,10,6,6,5,5,5,5,6,3,marketing_manager
8,7,4,6,6,7,5,5,7,7,6,9,civil_engineer
8,8,3,5,2,8,5,7,10,6,4,6,database_administrator
8,8,4,5,5,8,6,7,7,5,5,8,electrical_engineer
6,7,9,5,2,7,6,8,6,4,6,3,frontend_developer
6,7,6,6,5,7,7,7,8,6,4,7,biotechnologist
6,6,9,6,3,7,7,7,7,5,5,4,frontend_developer
9,8,2,5,2,6,5,5,10,5,4,7,database_administrator
9,8,4,6,4,7,6,7,8,6,6,8,financial_analyst
10,9,7,5,4,8,6,8,7,6,5,6,biotechnologist
3,5,4,9,7,6,5,4,5,8,9,2,hr_manager
7,7,3,6,4,6,4,6,9,6,4,9,financial_analyst
6,7,2,5,5,6,7,4,9,8,4,6,pharmacist
6,9,5,5,4,7,7,7,8,6,6,6,chemical_engineer
8,10,4,4,3,10,9,8,10,7,5,5,cybersecurity_analyst
6,5,7,9,4,7,6,6,6,8,5,0,psychologist
7,8,8,5,3,7,8,7,8,5,8,5,game_developer
7,8,7,6,8,6,5,6,7,6,6,7,industrial_engineer
8,7,9,6,4,7,8,6,7,5,6,3,frontend_developer
5,6,3,7,5,5,5,5,9,7,8,4,nurse
4,4,2,8,5,6,5,5,8,8,8,2,nurse
6,6,4,5,3,5,10,6,7,6,5,4,environmental_scientist
7,8,5,6,6,7,5,5,7,6,6,7,industrial_engineer
6,4,4,10,7,5,5,6,6,8,9,2,hr_manager
7,9,5,5,4,7,6,6,7,4,6,8,electrical_engineer
5,7,10,5,5,8,8,7,8,4,8,5,game_developer
8,10,5,5,4,9,7,9,10,8,4,5,cybersecurity_analyst
10,9,7,5,5,9,9,10,7,6,5,10,ai_machine_learning_engineer
10,7,7,4,4,7,8,7,8,6,6,6,biotechnologist
8,7,4,8,5,6,6,6,8,3,6,5,business_analyst
7,4,3,7,5,5,5,5,8,5,5,4,pharmacist
6,5,6,8,8,7,6,6,6,7,8,4,product_manager
9,9,5,6,5,9,8,8,7,7,7,7,software_engineer
5,5,9,5,3,6,5,6,9,4,5,3,ui_designer
8,7,5,5,5,8,6,9,6,7,5,7,cloud_engineer
5,6,4,9,7,5,4,6,7,7,8,5,project_manager
10,7,5,8,4,7,7,4,7,5,5,7,business_analyst
8,6,4,6,3,6,7,7,6,5,6,6,environmental_scientist
4,5,9,7,2,7,6,5,7,5,5,4,ui_designer
8,9,5,5,5,7,6,9,6,7,6,6,cloud_engineer
5,6,1,7,5,6,5,4,8,6,4,5,pharmacist
7,5,9,7,8,7,6,7,4,9,6,5,entrepreneur
8,6,3,6,5,8,6,8,7,5,4,4,business_analyst
8,7,6,5,5,9,4,6,8,5,7,7,mechanical_engineer
10,8,5,6,4,8,8,7,9,6,6,9,data_scientist
4,3,3,9,7,5,5,5,6,7,7,1,hr_manager
8,6,2,6,7,8,6,5,9,9,7,6,physician
8,8,4,4,3,9,6,7,7,6,6,7,chemical_engineer
9,7,5,8,7,8,3,6,10,9,7,6,physician
5,6,7,6,4,7,6,5,9,4,6,5,architect
6,6,8,7,4,7,6,6,8,3,6,3,ux_designer
5,4,6,5,2,5,5,5,6,3,4,2,graphic_designer
4,4,9,9,6,7,8,5,4,6,7,3,marketing_manager
10,10,7,5,5,10,9,9,7,6,6,9,ai_machine_learning_engineer
8,8,5,3,3,6,6,5,9,5,5,5,database_administrator
5,5,7,7,3,4,6,5,6,4,5,3,content_writer
5,5,4,7,5,6,5,4,8,8,8,3,nurse
8,9,4,6,4,7,6,4,6,4,6,6,business_analyst
7,7,4,8,5,6,7,7,7,6,5,6,business_analyst
8,6,6,6,4,9,7,6,8,6,5,7,electrical_engineer
6,5,8,8,8,7,8,7,5,9,5,7,entrepreneur
4,5,9,5,5,5,7,5,7,4,6,3,ui_designer
5,5,7,10,6,6,5,6,7,6,8,3,teacher
8,7,2,7,5,7,6,7,6,6,6,6,business_analyst
8,5,2,6,4,5,7,6,9,7,6,5,pharmacist
4,3,8,8,2,5,9,6,5,4,4,3,content_writer
4,6,9,8,4,5,7,6,6,5,5,1,content_writer
6,8,9,5,4,7,7,8,9,5,5,4,frontend_developer
6,5,8,7,4,7,7,6,6,3,5,4,ux_designer
8,7,6,5,4,9,7,9,7,4,5,5,cloud_engineer
4,5,7,9,4,5,6,5,3,7,7,4,teacher
7,6,2,8,4,5,5,4,10,7,5,5,pharmacist
7,6,9,5,4,8,8,6,6,5,7,4,ux_designer
6,9,5,4,3,7,7,8,6,6,7,6,backend_developer
8,8,5,5,2,9,6,6,9,6,5,8,electrical_engineer
8,7,5,6,5,7,4,5,6,7,8,8,industrial_engineer
5,5,2,8,5,7,5,5,8,9,8,4,nurse
8,8,7,5,3,7,7,8,8,8,6,7,backend_developer
9,8,7,6,3,7,10,8,8,6,6,8,data_scientist
10,10,7,4,4,9,9,8,7,6,7,8,ai_machine_learning_engineer
7,7,9,7,4,10,8,7,8,6,7,5,game_developer
8,9,6,5,4,7,7,7,9,6,6,8,mechanical_engineer
5,6,5,9,8,6,5,7,4,8,7,5,product_manager
5,5,10,6,3,5,7,5,8,4,6,4,ui_designer
8,9,5,4,4,8,7,7,7,7,7,8,backend_developer
7,9,5,4,4,8,8,7,10,9,5,5,cybersecurity_analyst
5,6,7,8,2,5,6,5,7,4,4,2,content_writer
6,7,8,7,3,9,7,5,8,5,6,3,ux_designer
8,7,2,5,3,7,5,5,9,8,5,5,database_administrator
8,8,7,5,5,8,7,9,6,5,6,6,software_engineer
5,5,9,6,3,6,7,5,6,4,5,2,graphic_designer
4,6,6,8,7,4,6,5,5,8,7,3,teacher
7,6,7,6,3,7,5,6,6,4,5,4,ux_designer
8,8,5,3,2,9,7,7,6,5,5,6,backend_developer
8,8,4,6,4,7,8,7,7,5,5,7,cloud_engineer
4,5,8,7,3,5,6,5,9,7,7,3,ui_designer
4,4,6,8,6,4,6,7,5,6,6,4,teacher
4,4,9,6,3,6,6,7,10,3,5,4,ui_designer
5,6,9,6,4,7,8,7,7,3,5,4,ux_designer
8,9,5,2,3,9,5,7,8,6,5,7,embedded_systems_engineer
8,8,4,4,5,8,4,6,8,4,5,6,database_administrator
7,7,5,6,7,7,6,4,7,6,7,8,industrial_engineer
6,5,6,7,7,7,7,6,4,5,8,6,product_manager
4,7,6,9,6,3,6,4,5,7,8,5,teacher
3,4,9,5,3,4,7,5,7,4,5,2,graphic_designer
5,5,6,7,9,5,7,6,5,8,8,4,product_manager
8,9,4,8,7,7,7,7,9,9,6,5,physician
9,10,6,4,4,6,10,9,8,6,4,8,research_scientist
8,8,7,4,5,9,9,10,8,7,4,7,research_scientist
8,8,7,6,3,9,6,6,7,6,7,7,mechanical_engineer
8,9,6,5,4,8,6,7,8,7,7,8,mechanical_engineer
8,8,7,6,3,8,7,8,8,6,6,10,data_scientist
9,8,5,5,3,8,7,9,8,5,6,6,cloud_engineer
5,6,9,9,2,4,7,4,5,3,4,2,content_writer
7,7,6,6,5,6,6,5,7,6,8,7,industrial_engineer
8,9,4,4,3,7,5,7,9,7,5,7,database_administrator
7,4,5,6,5,7,8,5,7,4,8,5,environmental_scientist
6,6,4,7,5,7,5,4,8,4,8,6,industrial_engineer
8,8,2,6,4,8,6,7,10,5,6,6,database_administrator
7,6,5,9,5,6,5,6,6,7,6,1,psychologist
8,8,8,5,3,9,7,4,9,7,6,8,mechanical_engineer
8,7,3,7,5,4,3,6,10,7,5,5,pharmacist
4,4,4,10,6,4,6,6,5,6,7,3,teacher
8,8,5,4,1,9,8,7,7,7,7,6,backend_developer
5,6,5,8,8,6,5,4,6,8,8,6,project_manager
6,5,3,6,3,5,7,6,7,6,6,6,environmental_scientist
7,8,6,4,5,8,4,7,8,6,5,10,mechanical_engineer
4,6,2,9,6,6,5,3,8,8,9,3,nurse
6,5,2,7,5,6,4,6,7,8,9,4,nurse
8,8,7,6,5,10,10,9,6,6,7,10,ai_machine_learning_engineer
8,7,5,5,5,8,5,8,7,5,7,8,mechanical_engineer
6,6,6,10,2,5,6,6,6,6,6,0,psychologist
7,8,5,4,5,8,5,7,9,7,7,5,devops_engineer
9,7,6,5,3,8,9,7,10,6,4,8,research_scientist
6,6,8,5,6,8,5,5,8,5,5,7,architect
7,6,9,10,9,10,8,8,4,8,6,5,entrepreneur
8,8,1,5,4,8,4,7,9,6,6,6,database_administrator
7,9,8,5,3,7,8,6,8,3,6,5,frontend_developer
7,8,6,6,3,8,7,6,8,7,7,5,devops_engineer
7,5,10,6,4,7,4,4,7,7,7,5,architect
10,7,7,6,4,7,9,7,8,7,5,8,data_scientist
8,9,6,5,4,8,8,7,7,8,5,8,embedded_systems_engineer
8,7,7,7,5,9,10,9,8,6,5,7,research_scientist
8,6,9,5,5,8,7,9,8,5,7,4,game_developer
7,8,5,9,6,5,6,6,7,9,6,2,lawyer
6,4,3,7,5,6,5,4,8,7,8,2,nurse
7,9,5,6,4,7,6,4,10,7,6,7,civil_engineer
7,8,4,3,4,7,8,8,9,7,6,5,devops_engineer
6,4,5,9,5,6,8,5,6,7,3,1,psychologist
8,8,5,6,3,6,7,6,8,6,4,5,biotechnologist
3,4,8,7,3,5,8,6,5,4,5,2,content_writer
8,10,6,4,4,8,8,8,7,5,5,6,backend_developer
7,7,5,5,3,9,6,7,8,6,5,6,embedded_systems_engineer
9,8,5,6,4,8,8,9,9,7,4,10,data_scientist
5,7,9,4,2,8,6,6,6,6,6,5,frontend_developer
5,5,4,10,3,6,5,5,5,7,5,2,psychologist
4,4,4,10,8,6,6,5,7,7,8,2,hr_manager
7,6,6,9,6,5,8,5,5,6,9,4,product_manager
7,7,7,5,5,7,5,5,7,5,5,7,architect
6,8,5,4,3,8,7,8,7,6,5,7,embedded_systems_engineer
6,5,2,3,2,5,4,4,10,5,4,8,accountant
5,5,6,9,8,6,6,6,6,7,8,5,product_manager
5,7,9,8,4,9,7,5,7,5,6,3,ux_designer
3,3,3,8,8,6,6,4,6,7,8,1,hr_manager
6,7,5,5,7,7,5,5,7,6,7,7,civil_engineer
9,9,4,3,1,8,6,7,8,7,5,7,embedded_systems_engineer
3,4,5,9,7,5,5,5,6,6,9,2,hr_manager
4,5,5,8,6,5,5,6,5,6,7,3,teacher
8,8,3,9,5,7,7,7,7,8,4,4,lawyer
5,6,4,9,8,7,6,6,6,8,9,4,project_manager
5,6,3,7,6,6,6,6,7,8,9,3,nurse
6,6,9,8,2,7,6,5,5,4,7,2,ux_designer
5,5,2,7,4,6,4,4,8,8,8,3,nurse
7,7,6,5,7,7,5,4,7,5,7,7,industrial_engineer
5,6,5,6,4,6,7,6,8,4,7,5,environmental_scientist
8,7,2,7,5,5,5,6,9,4,5,6,pharmacist
7,8,9,5,3,5,7,8,7,4,5,4,frontend_developer
7,6,10,10,9,8,7,9,4,8,7,6,entrepreneur
6,9,5,4,4,8,7,6,10,7,6,8,mechanical_engineer
8,6,6,6,5,7,4,5,8,6,5,7,civil_engineer
8,9,6,5,5,8,6,7,9,6,5,8,mechanical_engineer
8,6,7,7,5,5,8,7,9,5,4,6,biotechnologist
10,8,8,4,3,9,8,10,7,6,5,10,ai_machine_learning_engineer
7,7,8,5,3,7,7,6,8,5,6,3,frontend_developer
7,8,4,3,1,7,5,6,9,5,5,7,database_administrator
5,5,3,8,5,6,4,6,9,8,8,3,nurse
7,8,7,5,4,9,7,8,6,6,5,6,cloud_engineer
9,8,7,4,4,7,4,5,7,7,6,8,mechanical_engineer
8,8,5,6,4,9,9,8,10,8,6,7,cybersecurity_analyst
6,8,8,6,3,7,7,7,8,5,6,4,frontend_developer
9,7,3,7,4,7,4,5,7,5,5,9,financial_analyst
7,8,10,5,3,9,8,6,6,5,7,8,game_developer
7,7,8,7,5,6,9,6,7,4,6,2,ux_designer
6,7,6,7,6,7,4,6,7,7,7,7,industrial_engineer
5,5,4,9,8,7,6,5,5,8,7,3,project_manager
6,7,8,6,3,7,7,7,7,4,5,4,frontend_developer
9,7,5,6,3,8,6,6,8,5,6,8,electrical_engineer
4,5,9,5,1,5,6,4,8,5,5,2,graphic_designer
5,4,4,9,5,5,4,4,6,7,8,2,hr_manager
9,9,7,4,3,9,9,10,6,5,7,9,ai_machine_learning_engineer
7,6,4,5,6,7,5,3,5,6,8,7,industrial_engineer
9,8,5,5,3,7,6,6,9,5,6,9,electrical_engineer
6,7,8,6,5,8,6,5,7,5,6,5,architect
7,7,6,6,4,8,5,6,9,6,6,8,civil_engineer
8,10,6,5,4,7,7,5,8,6,6,8,mechanical_engineer
7,8,4,5,4,7,6,8,8,6,7,7,chemical_engineer
8,7,3,8,5,8,6,8,9,9,8,6,physician
7,8,2,6,5,6,6,4,7,5,5,8,financial_analyst
9,8,6,4,5,9,6,8,7,6,7,6,cloud_engineer
6,6,9,7,5,8,5,5,8,5,6,6,architect
6,7,5,5,3,8,6,5,9,7,5,6,civil_engineer
5,7,9,7,5,7,7,5,7,3,6,3,ux_designer
3,3,5,10,7,6,6,5,5,6,8,2,hr_manager
8,8,6,7,3,9,9,8,8,7,6,10,data_scientist
5,6,10,6,2,6,6,7,8,3,4,1,ui_designer
6,8,5,4,4,9,8,8,7,7,6,5,devops_engineer
7,8,5,6,4,5,5,6,7,5,7,6,business_analyst
7,10,7,5,3,8,8,8,6,6,6,10,ai_machine_learning_engineer
8,7,6,6,4,7,9,6,7,5,5,5,environmental_scientist
7,6,5,6,4,5,10,8,7,5,7,5,environmental_scientist
7,8,6,6,4,6,6,4,7,6,6,8,civil_engineer
10,8,4,3,4,9,8,7,6,4,6,7,software_engineer
7,7,5,6,3,8,6,6,9,6,4,8,mechanical_engineer
8,6,8,4,4,7,8,7,7,5,6,6,game_developer
8,9,6,6,4,9,9,8,8,8,6,5,cybersecurity_analyst
5,6,8,8,5,7,6,4,8,5,6,7,architect
8,7,5,7,5,7,6,5,6,6,5,6,industrial_engineer
8,7,5,4,3,8,6,8,8,9,6,4,devops_engineer
7,7,5,6,4,6,7,6,7,4,6,5,environmental_scientist
7,8,6,6,4,8,5,5,9,6,5,8,civil_engineer
9,7,4,6,5,8,7,7,6,5,5,8,business_analyst
7,8,5,4,5,9,7,7,8,6,5,8,electrical_engineer
9,8,5,4,3,7,10,9,8,6,6,10,data_scientist
5,5,2,5,2,6,4,4,8,4,4,8,accountant
7,6,2,4,3,4,4,3,9,6,4,8,accountant
8,8,5,3,3,8,8,8,8,7,6,6,cloud_engineer
6,7,4,5,5,8,8,6,8,5,6,5,business_analyst
9,8,7,5,4,9,9,9,7,6,6,10,ai_machine_learning_engineer
5,7,8,8,6,7,6,6,6,5,7,2,marketing_manager
7,5,8,7,8,9,7,7,5,8,7,7,entrepreneur
6,7,4,8,8,6,5,5,5,8,7,5,project_manager
6,5,8,7,5,6,7,5,6,3,5,2,content_writer
8,6,6,6,4,8,5,4,7,5,7,5,civil_engineer
7,7,6,5,4,8,7,7,8,5,7,5,devops_engineer
6,5,5,8,6,4,7,6,4,7,6,3,teacher
5,8,4,10,5,6,6,7,9,8,5,2,lawyer
9,8,7,6,5,8,8,8,9,6,7,9,data_scientist
7,6,7,7,10,8,9,6,4,9,7,5,entrepreneur
8,6,5,6,4,7,8,6,6,5,6,5,environmental_scientist
5,6,10,6,2,7,6,6,8,6,6,3,ui_designer
3,3,5,8,6,4,5,4,6,7,7,3,hr_manager
7,10,4,8,7,6,7,6,7,7,4,3,lawyer
6,6,9,7,4,7,8,7,7,4,6,4,ux_designer
5,5,4,8,8,7,5,7,6,9,7,4,project_manager
6,7,8,7,5,6,7,5,7,3,6,4,ux_designer
8,8,5,5,3,8,5,5,7,6,5,8,embedded_systems_engineer
6,5,2,7,4,5,4,5,9,6,4,4,pharmacist
7,8,5,5,5,8,5,6,9,6,5,6,civil_engineer
8,6,6,4,4,7,7,8,8,6,5,6,biotechnologist
6,5,7,7,6,8,6,5,7,5,6,7,architect
5,6,2,5,3,5,3,5,9,6,4,9,accountant
7,7,3,4,3,4,5,5,6,5,6,7,financial_analyst
6,5,5,8,4,6,8,4,7,6,5,3,psychologist
8,8,4,3,5,10,7,9,9,8,5,6,cybersecurity_analyst
7,4,8,7,5,6,8,6,6,4,7,4,ux_designer
4,4,6,8,9,7,7,6,6,8,10,4,product_manager
4,4,4,10,6,5,5,6,6,6,7,3,hr_manager
5,5,1,5,3,5,3,5,9,5,4,8,accountant
9,8,5,5,3,8,8,7,8,7,5,8,embedded_systems_engineer
8,7,4,8,5,8,6,7,8,5,6,5,business_analyst
4,5,6,8,5,4,7,6,5,6,7,6,teacher
5,7,2,5,3,6,4,5,8,4,4,9,accountant
8,7,3,6,3,8,6,6,9,6,5,7,electrical_engineer
7,6,5,9,3,6,7,6,3,6,6,1,psychologist
8,7,6,5,4,7,5,6,8,7,5,9,electrical_engineer
7,8,4,5,4,9,7,7,7,7,5,8,data_scientist
10,9,6,7,4,7,8,7,7,6,7,8,data_scientist
7,6,5,6,3,7,8,7,8,5,5,6,biotechnologist
5,5,3,6,4,5,6,6,8,8,7,4,nurse
5,6,4,6,3,7,9,6,6,5,6,5,environmental_scientist
8,9,7,4,4,7,8,9,8,6,5,6,research_scientist
9,9,4,5,4,8,7,8,9,8,4,4,cybersecurity_analyst
7,7,7,6,4,7,8,8,9,7,5,8,biotechnologist
4,3,9,6,1,4,5,4,7,5,4,2,graphic_designer
7,9,5,5,2,8,8,9,10,8,5,5,cybersecurity_analyst
9,6,7,5,5,8,8,8,8,6,6,7,research_scientist
8,8,5,5,4,8,7,6,8,5,7,8,mechanical_engineer
7,9,6,5,4,10,9,9,8,6,6,10,ai_machine_learning_engineer
7,9,2,6,3,5,6,5,10,5,5,4,pharmacist
5,5,8,8,9,8,8,9,5,9,5,5,entrepreneur
8,8,6,4,4,8,8,10,9,7,6,10,ai_machine_learning_engineer
4,5,8,9,2,4,7,5,6,4,3,2,content_writer
7,8,5,5,4,8,5,6,8,5,4,9,electrical_engineer
9,8,8,5,5,8,8,8,8,8,4,7,research_scientist
7,7,9,4,4,8,10,7,8,5,7,6,game_developer
5,5,7,9,7,4,6,4,4,6,6,5,teacher
8,5,4,8,4,7,6,5,7,4,7,6,business_analyst
8,9,5,4,2,9,7,7,7,5,6,5,backend_developer
4,6,5,9,6,5,6,5,6,7,8,2,teacher
7,9,5,9,6,6,6,6,8,7,6,2,lawyer
10,8,8,4,3,8,9,7,7,5,5,7,research_scientist
10,8,8,5,4,9,9,9,6,5,6,10,ai_machine_learning_engineer
8,7,2,5,5,6,5,5,7,6,5,8,financial_analyst
4,4,9,5,4,5,6,5,8,5,5,1,graphic_designer
8,6,4,4,3,7,7,6,8,5,7,6,devops_engineer
4,4,10,8,2,4,7,6,5,4,2,2,content_writer
10,7,3,8,4,7,5,7,9,5,7,6,business_analyst
6,6,4,9,5,5,5,5,9,8,8,3,nurse
8,7,5,6,7,8,5,5,10,6,6,7,civil_engineer
5,7,6,8,7,6,6,4,7,8,8,3,project_manager
7,8,5,4,4,8,6,6,8,6,7,7,mechanical_engineer
8,9,4,3,5,10,7,8,10,9,4,6,cybersecurity_analyst
6,4,7,9,5,6,7,5,6,8,6,5,teacher
5,5,5,8,9,7,6,4,5,9,6,4,project_manager
7,8,5,8,6,7,7,5,9,8,6,4,lawyer
5,6,6,10,6,5,8,4,5,6,9,5,teacher
4,3,8,5,1,5,7,6,7,5,5,0,graphic_designer
5,6,7,9,8,6,5,5,6,6,7,3,marketing_manager
7,7,9,6,4,7,8,7,8,4,5,4,game_developer
9,8,6,6,4,10,8,8,7,7,6,9,ai_machine_learning_engineer
6,6,9,7,3,8,6,6,8,3,6,3,ux_designer
7,7,7,8,3,7,7,5,7,3,6,4,ux_designer
7,5,8,8,8,7,9,6,3,9,7,5,entrepreneur
9,10,6,7,4,10,8,9,7,7,7,6,software_engineer
6,6,1,6,4,6,4,5,8,6,4,5,pharmacist
8,6,5,5,3,8,6,5,8,5,7,7,chemical_engineer
9,8,6,6,6,10,7,7,8,6,5,5,biotechnologist
10,9,5,6,5,9,10,8,9,7,6,9,data_scientist
7,7,5,9,7,7,7,7,9,7,5,4,lawyer
4,6,3,8,7,5,5,5,7,8,7,3,project_manager
6,5,1,4,3,5,4,4,10,6,3,7,accountant
6,4,3,9,8,6,6,5,6,7,8,3,project_manager
6,7,6,6,9,8,6,6,5,7,9,4,product_manager
6,8,7,5,3,9,7,6,6,4,5,5,frontend_developer
6,5,9,7,4,9,7,7,6,4,7,6,ux_designer
8,10,5,5,3,9,6,8,7,6,6,7,backend_developer
8,7,4,5,4,7,6,5,8,7,5,7,financial_analyst
7,9,6,4,4,8,8,7,7,6,6,7,software_engineer
8,10,5,5,5,7,6,6,8,6,5,8,electrical_engineer
8,7,7,6,4,7,8,8,9,5,6,8,research_scientist
5,6,6,8,5,6,6,5,5,7,8,3,teacher
5,4,7,8,7,6,5,6,5,7,7,4,teacher
7,5,6,6,3,7,8,7,8,5,5,6,biotechnologist
6,5,7,7,4,5,8,5,8,4,3,1,content_writer
8,8,5,4,3,9,7,7,9,7,6,4,cybersecurity_analyst
7,7,4,6,4,9,5,7,8,6,6,8,electrical_engineer
5,6,2,4,4,6,3,5,10,5,4,7,accountant
7,7,2,5,4,6,5,4,8,7,6,8,financial_analyst
5,7,7,7,5,8,7,5,7,3,7,2,ux_designer
8,6,4,7,7,9,5,5,8,9,8,4,physician
9,7,4,5,4,9,5,7,7,6,5,5,business_analyst
9,8,7,5,3,8,10,6,9,5,5,7,research_scientist
10,7,5,6,5,9,10,6,8,6,6,8,data_scientist
10,8,8,5,5,10,10,9,6,6,5,9,ai_machine_learning_engineer
9,9,7,5,4,8,10,7,7,6,5,7,research_scientist
7,8,5,10,6,7,6,6,8,9,5,3,lawyer
7,6,8,9,9,8,9,5,3,9,5,5,entrepreneur
7,6,5,5,7,9,4,5,8,7,7,7,industrial_engineer
5,6,5,8,5,5,5,5,5,7,9,4,teacher
9,7,8,5,4,9,10,9,10,5,4,7,research_scientist
4,5,5,6,8,9,5,5,7,9,8,6,project_manager
8,10,4,4,5,8,7,8,6,5,7,6,cloud_engineer
7,6,5,6,4,7,8,7,8,5,6,5,environmental_scientist
4,6,3,8,5,7,5,5,8,8,7,2,nurse
3,4,9,6,4,4,6,5,6,5,5,2,graphic_designer
9,8,3,4,4,6,5,5,9,7,5,7,financial_analyst
6,6,3,6,5,3,5,6,9,4,5,5,pharmacist
8,6,6,5,3,8,9,7,8,5,6,6,biotechnologist
5,5,6,10,5,7,7,5,6,8,5,3,psychologist
4,5,8,5,2,6,5,6,8,5,7,3,ui_designer
9,6,6,6,3,8,7,7,9,7,4,5,biotechnologist
8,7,5,4,3,8,6,4,8,6,4,8,electrical_engineer
3,4,5,10,6,5,5,5,7,7,9,4,hr_manager
7,6,6,6,4,8,6,7,9,5,6,7,civil_engineer
8,5,2,6,4,5,5,5,9,6,5,6,pharmacist
4,5,5,8,7,5,7,5,6,6,8,5,teacher
9,8,4,3,5,7,9,8,8,7,4,7,biotechnologist
8,7,7,7,4,7,9,7,9,4,6,8,data_scientist
9,10,5,5,4,9,9,8,7,5,5,7,software_engineer
6,6,2,8,6,4,6,6,9,6,8,3,nurse
6,5,5,10,6,5,5,7,4,7,8,5,teacher
7,5,5,9,3,5,7,4,6,7,6,2,psychologist
4,4,6,9,6,5,4,3,5,8,8,2,hr_manager
7,7,7,6,5,7,5,6,9,4,7,8,mechanical_engineer
8,8,6,4,6,8,6,6,9,6,6,7,chemical_engineer
8,9,4,5,4,8,7,7,5,5,6,7,backend_developer
8,7,7,7,4,8,9,6,9,6,5,7,biotechnologist
6,7,9,7,5,7,6,5,7,4,6,3,ux_designer
9,9,6,5,4,8,7,5,7,6,5,9,electrical_engineer
3,5,8,9,5,8,6,5,4,6,8,3,marketing_manager
3,5,10,7,3,6,5,6,6,5,6,3,ui_designer
7,8,5,6,6,6,5,7,6,5,6,5,business_analyst
8,7,4,7,4,8,5,5,9,9,7,4,physician
8,6,9,5,4,7,9,7,6,4,8,6,game_developer
9,8,5,5,4,9,7,7,6,7,7,5,cloud_engineer
6,7,3,4,5,6,6,7,9,7,7,9,chemical_engineer
7,9,5,5,4,8,10,7,6,7,4,9,research_scientist
8,8,5,3,4,7,5,5,8,6,5,8,mechanical_engineer
8,8,5,6,5,8,9,8,10,9,4,5,cybersecurity_analyst
8,10,4,5,5,9,6,7,7,7,7,7,cloud_engineer
6,5,6,9,4,6,7,6,6,6,6,1,psychologist
5,5,8,10,4,6,5,5,3,6,6,4,marketing_manager
8,4,8,10,9,8,9,7,3,9,6,4,entrepreneur
8,7,4,7,6,7,7,6,10,7,6,5,physician
6,5,8,6,4,8,6,7,6,6,6,3,ux_designer
6,5,6,9,9,6,6,6,3,6,8,4,product_manager
7,9,6,5,3,8,7,6,6,6,5,4,backend_developer
8,8,6,4,4,9,7,8,7,6,6,6,cloud_engineer
7,8,7,5,3,7,6,8,9,7,7,5,devops_engineer
9,9,6,5,3,9,6,6,9,7,7,8,mechanical_engineer
6,8,10,5,5,6,8,7,7,5,7,5,game_developer
7,4,7,9,3,6,7,5,6,9,5,2,psychologist
9,7,7,6,4,9,10,9,8,7,7,9,ai_machine_learning_engineer
7,9,4,5,3,8,8,7,7,7,5,6,backend_developer
5,5,3,8,7,6,5,4,7,8,9,5,project_manager
9,7,3,6,5,4,4,6,10,6,6,6,pharmacist
5,8,9,6,3,6,7,8,7,4,8,5,frontend_developer
5,6,9,8,9,9,9,7,4,9,6,4,entrepreneur
9,9,8,5,5,8,10,8,8,4,5,6,research_scientist
7,8,6,4,3,9,7,6,8,7,7,8,mechanical_engineer
10,9,6,7,5,7,9,8,7,6,4,10,data_scientist
9,7,3,3,2,6,5,6,9,5,6,7,database_administrator
7,8,5,5,6,10,8,8,9,8,4,6,cybersecurity_analyst
8,6,5,6,5,6,7,6,8,5,5,5,environmental_scientist
6,6,5,9,3,6,6,7,6,8,5,1,psychologist
7,8,3,5,3,7,5,7,9,5,5,7,database_administrator
6,6,4,6,7,7,4,4,7,7,6,9,industrial_engineer
10,8,6,5,2,9,8,9,8,5,5,8,research_scientist
7,5,8,8,9,6,7,9,4,9,7,5,entrepreneur
8,6,2,6,4,5,6,5,10,6,4,5,pharmacist
9,7,3,4,3,8,5,6,9,7,4,5,database_administrator
9,8,7,5,3,10,10,7,8,6,4,8,research_scientist
8,7,3,5,3,4,4,4,7,6,5,4,pharmacist
8,8,5,6,5,8,5,5,8,6,5,6,civil_engineer
7,6,6,5,3,7,7,4,9,6,7,7,chemical_engineer
8,8,5,7,4,7,6,6,6,4,6,6,business_analyst
9,9,4,4,3,8,6,8,7,6,7,6,backend_developer
8,8,7,7,5,9,9,7,8,6,7,8,data_scientist
8,6,3,7,6,7,7,5,7,6,5,5,business_analyst
6,5,3,4,4,6,3,4,10,5,4,9,accountant
7,7,5,7,6,7,5,4,6,4,6,6,business_analyst
6,5,5,7,4,7,8,8,7,4,5,5,environmental_scientist
8,7,3,8,6,8,5,7,9,9,7,5,physician
4,6,2,10,6,5,4,5,4,7,7,1,hr_manager
8,8,5,5,3,9,7,7,9,7,5,6,embedded_systems_engineer
7,7,5,6,5,7,4,5,8,7,5,6,civil_engineer
5,8,7,4,2,7,7,7,5,4,6,5,frontend_developer
8,9,1,4,4,7,4,5,9,5,4,6,database_administrator
8,7,5,7,4,9,4,5,7,7,7,8,civil_engineer
6,6,7,5,5,7,6,3,8,5,6,5,architect
10,9,8,6,4,8,10,9,7,6,6,10,ai_machine_learning_engineer
6,7,8,8,5,8,9,6,8,3,5,2,ux_designer
5,7,8,6,2,6,9,7,7,6,5,4,frontend_developer
5,5,2,8,6,5,6,5,8,8,7,3,nurse
7,5,8,6,9,9,9,7,5,10,6,4,entrepreneur
10,7,7,6,4,7,9,8,8,5,5,7,research_scientist
9,9,7,6,4,8,9,9,9,7,5,8,research_scientist
8,8,4,4,4,7,8,8,9,6,5,6,biotechnologist
8,9,6,4,2,7,7,6,8,5,6,7,embedded_systems_engineer
6,4,7,9,4,5,7,4,6,7,4,1,psychologist
8,6,6,5,3,7,9,8,7,7,5,7,biotechnologist
4,5,10,5,3,3,6,5,8,4,5,1,graphic_designer
8,7,3,4,4,6,5,6,7,7,6,8,financial_analyst
8,6,6,5,4,8,7,7,9,6,5,7,chemical_engineer
5,6,3,6,4,5,5,5,9,6,5,4,pharmacist
7,6,2,3,2,5,2,4,9,3,4,7,accountant
4,6,3,8,7,7,4,4,8,9,8,3,nurse
5,7,6,8,9,7,7,7,6,5,8,4,product_manager
8,8,2,4,2,7,6,6,10,6,3,8,database_administrator
8,8,6,5,4,8,9,8,8,6,7,9,data_scientist
7,8,5,7,7,5,4,5,8,7,8,7,industrial_engineer
7,6,2,4,3,4,3,5,8,6,4,9,accountant
9,9,5,6,4,8,10,8,8,6,6,8,data_scientist
8,7,6,5,4,8,8,6,7,6,6,5,biotechnologist
5,4,7,8,3,5,5,6,7,5,4,2,content_writer
10,8,7,6,4,9,9,10,9,6,6,9,ai_machine_learning_engineer
5,6,9,10,6,4,6,5,6,6,6,4,marketing_manager
6,5,8,8,3,5,7,4,5,4,4,1,content_writer
7,8,6,5,3,8,10,9,7,6,6,8,data_scientist
9,8,6,6,4,7,8,9,6,6,5,6,cloud_engineer
8,8,9,5,4,10,9,7,7,6,6,8,ai_machine_learning_engineer
9,8,8,7,4,5,7,6,8,5,5,6,biotechnologist
5,5,8,10,7,5,6,5,5,8,8,3,teacher
6,6,9,6,4,9,9,8,7,5,8,5,game_developer
8,7,9,6,4,7,9,7,7,5,8,6,game_developer
7,6,8,7,3,6,8,6,7,4,7,2,ux_designer
7,6,5,6,6,6,4,5,7,6,6,6,civil_engineer
4,4,9,4,1,4,6,6,7,5,5,2,graphic_designer
7,10,6,4,4,8,10,9,6,5,6,10,ai_machine_learning_engineer
5,5,8,8,3,5,7,4,6,3,4,1,content_writer
6,7,10,6,5,8,8,7,6,5,8,6,game_developer
6,6,7,10,6,4,6,5,5,7,7,2,marketing_manager
8,7,4,7,6,6,7,4,7,5,7,6,business_analyst
3,3,4,9,8,5,5,4,6,7,9,1,hr_manager
8,8,6,6,5,7,5,5,6,5,9,6,industrial_engineer
9,8,3,5,4,8,7,8,7,6,7,5,cloud_engineer
9,10,7,4,5,9,10,8,7,7,5,7,research_scientist
5,4,5,9,6,5,7,5,5,7,5,3,teacher
2,5,4,10,7,5,5,3,5,6,8,2,hr_manager
6,7,5,7,4,6,7,6,6,4,6,7,environmental_scientist
7,7,9,5,4,9,8,7,7,6,7,6,game_developer
4,5,6,9,7,5,6,5,6,9,8,2,hr_manager
6,7,1,4,2,6,2,3,10,5,4,8,accountant
7,6,4,7,6,5,8,6,8,6,6,5,environmental_scientist
7,6,5,8,5,6,8,4,8,5,7,5,environmental_scientist
8,7,4,10,6,8,6,7,8,7,6,3,lawyer
10,8,7,5,3,9,9,9,6,7,5,9,ai_machine_learning_engineer
4,4,4,9,7,4,5,5,7,7,8,2,hr_manager
5,4,7,9,5,4,7,4,6,8,7,4,teacher
4,4,9,5,5,5,6,7,10,3,6,2,ui_designer
5,5,8,9,7,6,4,6,5,6,5,3,marketing_manager
6,7,6,6,5,7,7,6,8,5,6,7,environmental_scientist
5,9,2,9,7,7,6,5,8,8,6,2,lawyer
8,7,5,5,4,6,7,4,9,5,5,6,civil_engineer
6,6,9,8,2,4,7,5,6,4,3,3,content_writer
6,4,6,8,6,5,6,5,7,6,6,4,teacher
8,8,3,9,7,7,5,6,9,9,4,3,lawyer
8,7,5,5,4,7,6,6,9,6,8,6,chemical_engineer
7,8,4,9,5,6,6,5,9,8,4,1,lawyer
9,8,7,6,5,7,7,5,7,6,6,7,mechanical_engineer
7,9,4,6,5,10,9,8,9,7,4,7,cybersecurity_analyst
5,6,5,7,5,7,6,5,7,6,5,7,civil_engineer
7,8,6,6,6,8,6,4,8,4,7,7,industrial_engineer
4,6,8,7,5,6,6,6,9,4,7,6,architect
5,5,8,9,7,5,6,7,6,6,8,3,marketing_manager
7,6,9,6,6,7,5,6,8,4,8,7,architect
6,4,7,9,4,4,7,6,5,3,4,2,content_writer
8,8,5,3,4,8,7,6,8,7,6,8,electrical_engineer
8,8,6,5,4,8,8,6,9,8,6,6,biotechnologist
9,7,5,7,4,6,6,5,7,5,6,4,business_analyst
7,7,4,4,3,7,5,4,7,7,5,8,financial_analyst
5,3,10,5,3,5,6,6,7,3,5,1,graphic_designer
5,5,9,9,9,9,8,7,3,10,5,4,entrepreneur
7,8,5,5,4,8,7,9,6,8,7,7,cloud_engineer
8,7,5,5,4,5,4,5,8,7,6,7,civil_engineer
6,7,3,3,4,6,5,5,7,6,6,8,financial_analyst
6,7,5,6,3,8,7,9,9,6,8,5,devops_engineer
7,7,5,8,6,6,5,6,7,5,7,7,industrial_engineer
7,9,4,4,3,8,7,8,6,6,5,6,embedded_systems_engineer
5,4,6,9,5,6,8,6,7,7,6,4,teacher
9,7,6,4,6,7,10,6,5,5,6,5,environmental_scientist
6,7,1,3,3,5,3,4,9,6,4,9,accountant
9,7,7,4,4,7,9,9,8,5,5,6,research_scientist
8,6,4,4,4,8,6,6,7,6,5,7,chemical_engineer
5,4,4,9,6,5,5,5,9,7,8,3,nurse
4,5,5,9,7,4,5,4,6,7,9,1,hr_manager
7,8,9,4,4,7,8,7,9,6,8,6,game_developer
9,10,5,5,3,9,9,7,7,6,5,7,embedded_systems_engineer
10,6,6,5,5,7,9,9,8,6,5,6,research_scientist
5,5,7,6,5,7,6,5,9,5,6,5,architect
6,7,5,6,5,8,4,5,8,5,7,5,civil_engineer
7,7,5,6,6,6,6,4,7,5,6,7,civil_engineer
4,4,5,10,8,4,5,3,6,7,9,2,hr_manager
5,5,1,7,5,4,6,5,7,8,8,2,nurse
9,7,6,4,4,7,7,7,8,6,6,6,biotechnologist
9,9,5,5,3,9,7,8,8,8,5,6,cybersecurity_analyst
7,8,5,5,4,7,6,5,8,7,6,7,chemical_engineer
5,4,6,9,4,6,8,6,6,6,6,2,psychologist
10,9,7,4,4,8,9,9,8,7,5,8,research_scientist
10,9,6,6,5,10,7,7,7,6,7,6,software_engineer
5,4,7,9,7,8,5,4,5,6,6,2,marketing_manager
6,6,7,8,4,6,8,6,7,5,5,4,ux_designer
8,9,4,9,6,7,8,6,7,8,4,4,lawyer
5,4,8,5,2,5,7,4,7,4,4,1,graphic_designer
6,7,8,6,3,8,7,8,6,4,6,5,frontend_developer
8,7,5,6,7,7,5,5,7,7,7,7,industrial_engineer
7,9,9,5,4,7,7,8,7,5,4,5,frontend_developer
6,9,5,5,4,10,6,8,7,7,5,5,devops_engineer
5,5,7,8,7,5,6,4,4,7,8,3,teacher
9,7,4,6,5,9,3,6,9,9,7,4,physician
9,8,8,5,6,7,9,9,8,6,5,6,research_scientist
5,6,5,7,8,7,7,6,5,7,9,5,product_manager
3,4,10,5,3,5,7,4,7,4,4,2,graphic_designer
5,6,2,5,3,4,3,4,10,4,5,7,accountant
7,8,5,4,4,9,8,8,7,6,6,6,cloud_engineer
7,7,4,4,6,7,5,6,9,7,5,7,financial_analyst
9,7,4,8,5,9,6,5,7,4,7,6,business_analyst
6,5,7,8,9,7,9,6,4,9,6,4,entrepreneur
8,9,5,5,5,7,6,6,7,7,6,5,devops_engineer
5,4,3,9,7,4,5,3,7,7,9,1,hr_manager
10,8,8,7,4,9,10,9,8,7,3,8,research_scientist
9,8,5,5,3,8,8,7,8,7,5,9,data_scientist
5,8,7,5,3,8,6,8,8,6,5,4,frontend_developer
8,6,5,7,5,7,5,5,7,6,6,6,industrial_engineer
8,8,8,4,5,7,9,9,7,6,5,7,research_scientist
8,10,3,4,5,10,10,8,10,10,3,5,cybersecurity_analyst
8,8,6,3,4,8,6,8,7,7,7,7,cloud_engineer
8,6,2,5,3,6,4,4,10,6,5,4,pharmacist
10,7,7,4,3,9,7,9,8,6,5,7,research_scientist
7,8,4,3,3,7,6,7,8,6,5,7,embedded_systems_engineer
5,5,3,7,8,7,5,4,5,8,10,5,project_manager
8,6,2,5,4,5,5,5,10,5,5,6,pharmacist
8,8,4,6,3,8,7,8,9,9,5,7,cybersecurity_analyst
6,5,9,6,4,6,6,6,10,4,5,3,ui_designer
8,8,6,5,5,9,6,7,9,6,6,5,devops_engineer
3,4,9,5,3,4,6,4,7,3,5,2,graphic_designer
9,7,6,7,4,7,10,8,7,6,7,10,data_scientist
10,8,5,6,4,8,8,9,7,6,8,8,cloud_engineer
4,4,8,5,3,6,8,7,9,5,7,4,ui_designer
8,8,5,5,4,8,7,8,6,7,6,6,cloud_engineer
9,6,6,6,4,6,6,6,8,6,6,6,chemical_engineer
4,3,8,5,2,5,7,4,8,4,6,3,graphic_designer
9,7,6,7,3,8,9,6,8,6,4,7,biotechnologist
6,7,6,8,8,7,7,5,6,5,9,4,product_manager
8,6,4,7,6,6,6,7,6,6,6,7,business_analyst
7,6,1,5,3,4,3,4,9,5,3,9,accountant
6,5,6,8,4,4,7,5,7,4,4,3,content_writer
6,7,6,8,5,8,7,5,7,4,6,4,ux_designer
6,6,5,8,8,8,7,7,4,8,8,4,product_manager
6,8,7,3,3,8,7,8,6,5,7,4,frontend_developer
7,5,8,7,3,8,6,6,9,3,5,4,ux_designer
6,8,5,4,6,6,4,5,7,6,8,8,industrial_engineer
7,8,9,6,5,8,7,8,8,4,7,7,game_developer
7,8,5,7,5,7,4,4,8,6,6,6,civil_engineer
3,4,9,6,2,4,6,6,8,3,5,3,graphic_designer
5,3,2,7,5,7,5,6,9,8,9,4,nurse
9,9,7,5,4,8,10,8,8,6,5,5,research_scientist
8,5,4,5,4,7,6,7,8,5,6,7,chemical_engineer
9,6,3,5,4,6,4,5,10,4,5,9,financial_analyst
4,5,6,10,6,4,6,5,3,7,7,4,teacher
5,5,5,9,3,6,6,4,7,7,4,2,psychologist
4,4,8,8,2,4,5,5,6,4,3,3,content_writer
6,6,5,6,4,5,8,6,8,5,6,6,environmental_scientist
8,7,4,5,4,8,7,8,6,6,6,7,cloud_engineer
7,8,4,4,3,7,4,6,10,6,4,5,database_administrator
6,6,8,5,3,8,7,8,6,4,7,7,game_developer
8,7,2,5,2,6,6,5,7,7,7,9,financial_analyst
7,9,6,5,4,8,7,7,7,6,6,5,cloud_engineer
8,10,6,6,3,9,8,8,7,5,7,8,software_engineer
9,9,8,6,2,8,10,8,9,6,5,9,research_scientist
8,8,6,5,5,8,9,8,9,5,6,8,data_scientist
7,9,6,5,3,8,5,6,9,6,5,8,electrical_engineer
10,7,4,8,5,8,5,5,7,6,6,6,business_analyst
9,6,5,3,4,8,8,7,9,6,4,6,biotechnologist
8,7,6,4,4,9,7,7,9,6,5,4,chemical_engineer
6,8,5,5,4,7,8,6,6,7,5,5,devops_engineer
10,8,7,5,4,8,8,8,7,5,5,6,research_scientist
4,5,9,10,7,6,5,6,5,7,6,4,marketing_manager
4,5,4,8,8,6,5,6,5,8,8,5,project_manager
8,8,7,4,5,9,6,5,7,5,5,8,mechanical_engineer
7,8,5,6,5,6,6,5,7,6,6,7,industrial_engineer
6,6,1,5,5,4,3,5,8,4,4,8,accountant
5,4,4,8,5,5,7,6,5,7,6,1,psychologist
7,6,9,5,4,8,8,8,7,3,7,7,game_developer
6,6,10,7,4,7,6,4,8,4,6,5,architect
6,7,9,5,4,9,9,8,6,5,6,7,game_developer
7,7,6,6,3,7,8,6,8,7,5,5,biotechnologist
6,6,5,6,5,5,8,6,8,6,7,5,environmental_scientist
8,7,3,7,6,9,6,7,6,4,6,6,business_analyst
10,9,7,4,4,9,10,9,7,5,6,9,ai_machine_learning_engineer
7,8,7,5,5,7,8,7,8,7,4,7,biotechnologist
6,7,10,8,5,8,7,6,6,5,7,4,ux_designer
6,10,4,9,5,6,5,4,9,7,6,3,lawyer
8,9,6,7,4,9,9,8,7,5,7,6,software_engineer
8,6,10,7,4,8,5,6,5,5,7,2,ux_designer
5,6,9,10,8,6,5,5,4,7,7,3,marketing_manager
8,8,3,10,5,6,5,7,8,8,5,3,lawyer
7,6,4,6,4,9,6,5,10,9,7,5,physician
8,10,5,4,3,9,9,8,9,8,5,6,cybersecurity_analyst
8,6,5,5,5,8,5,6,8,5,8,7,chemical_engineer
8,6,3,7,4,4,5,4,8,6,4,5,pharmacist
4,4,9,9,5,8,5,4,7,6,7,2,marketing_manager
5,5,8,9,3,5,5,6,5,5,4,3,content_writer
8,8,7,6,3,8,9,7,7,7,7,9,data_scientist
8,10,4,5,4,10,8,9,7,5,5,8,software_engineer
6,7,8,4,3,8,7,8,7,6,5,5,frontend_developer
7,6,9,8,4,6,7,7,8,5,6,3,ux_designer
7,9,6,4,4,8,5,5,8,5,6,7,civil_engineer
7,8,5,7,6,7,5,6,8,7,6,7,civil_engineer
9,8,6,5,4,9,6,6,8,6,4,7,electrical_engineer
6,5,5,6,6,5,9,6,6,5,6,5,environmental_scientist
10,9,7,6,5,9,8,9,7,5,6,5,software_engineer
9,10,4,5,3,7,6,7,8,5,5,7,embedded_systems_engineer
6,6,7,8,7,9,7,4,5,7,7,3,product_manager
9,7,6,6,5,6,8,6,7,5,5,7,chemical_engineer
5,6,5,9,7,7,7,7,5,8,7,3,product_manager
6,5,8,8,10,9,8,8,4,9,7,6,entrepreneur
10,8,7,5,5,10,8,8,6,6,6,9,software_engineer
6,4,9,6,2,7,6,6,7,3,4,4,ui_designer
7,8,8,5,3,6,7,7,8,5,7,3,frontend_developer
7,8,3,4,3,7,5,7,10,6,6,6,database_administrator
6,7,5,5,4,7,7,4,7,5,6,6,civil_engineer
10,8,5,4,3,9,7,7,8,6,5,8,embedded_systems_engineer
9,6,3,5,4,6,5,7,8,6,3,9,financial_analyst
6,6,8,4,5,8,7,8,8,4,5,3,frontend_developer
8,7,3,6,4,6,5,5,7,6,6,9,financial_analyst
7,9,5,4,3,9,6,6,8,5,6,8,embedded_systems_engineer
8,10,5,3,3,8,6,6,8,5,6,7,backend_developer
8,10,5,4,3,9,7,7,8,7,5,7,embedded_systems_engineer
8,7,6,4,5,6,5,6,7,7,7,7,chemical_engineer
5,5,5,8,8,8,8,6,7,7,8,4,product_manager
5,3,8,9,3,5,5,5,5,4,4,1,content_writer
9,8,5,6,3,8,9,9,9,9,5,6,cybersecurity_analyst
6,5,8,10,6,6,7,6,7,5,8,4,marketing_manager
9,9,5,5,4,8,6,8,8,5,6,5,cloud_engineer
7,9,5,4,3,8,7,9,6,5,4,6,embedded_systems_engineer
8,6,3,4,4,6,6,4,9,6,4,7,financial_analyst
7,9,6,4,3,7,7,8,7,5,5,7,backend_developer
6,5,5,7,7,7,5,6,9,9,6,4,physician
9,6,7,5,6,6,9,6,8,7,7,5,biotechnologist
7,7,2,3,3,4,2,5,9,5,4,9,accountant
8,8,3,9,6,7,5,4,8,7,5,3,lawyer
8,5,4,4,4,6,9,7,7,5,5,6,biotechnologist
7,7,4,7,6,8,3,4,6,7,7,8,industrial_engineer
8,7,9,5,4,6,7,7,6,5,8,6,game_developer
6,7,5,6,5,6,8,5,9,4,5,4,environmental_scientist
7,8,5,4,5,7,6,7,7,8,5,7,backend_developer
6,8,4,3,5,9,8,8,9,7,6,5,devops_engineer
9,7,4,7,4,7,7,6,7,5,6,7,business_analyst
5,4,7,9,7,5,4,5,6,8,6,4,teacher
8,10,4,3,2,9,6,7,8,6,5,6,backend_developer
7,7,7,6,2,8,8,6,5,5,6,3,frontend_developer
7,5,1,7,3,5,4,5,9,6,4,5,pharmacist
6,7,1,4,2,4,3,4,9,5,4,7,accountant
7,8,9,4,5,7,8,6,7,6,5,5,game_developer
7,7,9,5,4,7,8,7,7,6,7,5,game_developer
5,4,9,10,6,6,6,4,4,7,7,2,marketing_manager
8,6,5,5,4,9,6,5,8,5,6,6,chemical_engineer
8,8,8,3,3,7,7,8,6,5,5,8,research_scientist
7,9,5,5,4,9,8,7,8,7,7,5,devops_engineer
7,7,7,5,4,7,7,6,8,5,5,6,biotechnologist
6,6,6,8,8,6,7,6,6,7,9,4,product_manager
5,5,10,8,3,5,7,5,8,4,4,3,content_writer
8,6,7,5,6,7,8,7,7,7,5,7,biotechnologist
4,6,9,6,3,5,5,6,7,4,6,3,ui_designer
7,8,6,4,4,8,7,6,9,6,5,7,biotechnologist
7,6,6,8,8,7,7,6,6,5,8,4,product_manager
9,8,4,9,6,9,6,5,9,8,6,4,physician
7,9,5,4,1,9,9,7,8,9,6,5,cybersecurity_analyst
4,5,9,3,3,5,5,6,7,4,4,2,graphic_designer
6,8,5,5,4,5,7,8,6,4,5,6,environmental_scientist
7,7,4,9,8,8,6,6,5,7,8,5,product_manager
7,7,4,7,5,7,7,7,8,6,7,5,business_analyst
7,6,4,7,4,8,4,5,9,5,6,8,civil_engineer
6,8,4,9,7,8,6,7,6,7,5,4,lawyer
8,8,4,5,5,8,7,8,8,7,8,5,devops_engineer
6,9,4,9,7,8,6,6,8,9,5,2,lawyer
8,7,4,8,7,8,6,6,10,8,9,6,physician
6,6,7,7,4,7,8,5,7,4,6,3,ux_designer
5,6,7,9,7,7,8,5,5,6,9,3,marketing_manager
8,7,4,6,6,8,6,6,8,9,8,5,physician
8,9,5,3,2,8,7,6,7,6,5,7,backend_developer
7,6,5,6,4,5,9,5,6,5,7,6,environmental_scientist
5,6,5,10,5,7,6,5,5,6,7,5,teacher
5,4,4,9,6,4,5,6,5,6,6,4,teacher
6,4,5,9,4,5,8,5,6,6,5,1,psychologist
6,5,3,4,2,8,1,4,9,5,4,7,accountant
5,6,4,8,8,5,5,4,6,9,8,4,project_manager
6,7,6,6,5,8,5,6,9,6,5,7,civil_engineer
4,5,7,8,5,4,7,4,7,5,4,3,content_writer
8,6,3,5,4,7,4,4,7,5,5,9,financial_analyst
6,7,9,6,2,7,7,7,7,5,6,4,frontend_developer
6,5,3,4,4,5,4,4,9,4,4,7,accountant
8,7,4,4,3,9,7,10,6,6,6,7,cloud_engineer
9,7,4,7,4,8,6,7,10,8,7,7,physician
7,6,9,5,4,9,8,7,8,6,5,5,game_developer
5,5,9,5,2,7,7,6,6,4,6,4,frontend_developer
10,8,7,6,4,8,8,8,5,6,7,6,software_engineer
6,9,5,5,4,7,7,7,8,8,7,5,devops_engineer
10,7,5,5,4,8,8,9,8,6,5,5,biotechnologist
6,4,7,10,5,5,7,5,6,6,6,2,marketing_manager
9,8,5,5,2,8,6,7,7,6,6,5,backend_developer
7,7,5,6,6,7,5,5,6,6,8,8,industrial_engineer
9,7,3,8,5,8,6,6,10,10,7,4,physician
4,4,8,9,7,8,8,4,4,8,7,4,marketing_manager
6,5,5,8,4,6,7,6,6,8,4,3,psychologist
5,3,4,7,3,7,5,5,8,7,9,3,nurse
5,6,5,9,9,7,6,4,5,7,8,4,product_manager
7,7,5,4,4,7,6,6,8,8,6,5,devops_engineer
9,6,5,5,4,6,4,4,8,5,5,8,financial_analyst
4,5,7,9,6,6,7,5,4,7,7,5,teacher
5,6,1,5,3,6,3,4,10,5,4,7,accountant
5,4,3,9,4,6,4,5,10,9,9,3,nurse
7,7,4,5,3,9,8,7,8,7,6,5,devops_engineer
7,7,4,5,4,6,6,5,9,4,5,7,electrical_engineer
9,6,6,6,5,7,5,5,6,7,6,7,industrial_engineer
9,9,6,6,5,9,8,10,7,5,6,9,ai_machine_learning_engineer
6,4,7,9,7,6,5,4,5,7,7,2,marketing_manager
7,8,10,5,3,6,7,8,5,4,5,6,frontend_developer
6,9,4,5,5,8,8,7,8,7,6,5,devops_engineer
4,7,9,5,3,8,7,7,7,5,5,3,frontend_developer
4,5,5,9,5,6,8,6,6,6,6,3,psychologist
5,3,9,5,1,4,7,5,6,4,6,2,graphic_designer
8,6,5,7,4,7,7,5,7,6,4,7,financial_analyst
6,7,5,7,5,7,5,5,8,7,6,7,civil_engineer
6,7,8,7,8,7,8,7,3,9,5,4,entrepreneur
7,6,9,6,4,6,8,6,7,5,6,3,frontend_developer
5,4,5,8,5,4,4,5,8,9,8,2,nurse
9,9,7,4,3,10,9,9,7,5,6,10,ai_machine_learning_engineer
6,8,9,7,2,6,8,6,7,4,6,4,frontend_developer
7,7,6,4,4,8,7,6,9,7,6,4,devops_engineer
7,9,3,4,3,7,8,8,6,7,5,5,backend_developer
9,7,4,5,4,8,6,7,7,7,5,10,electrical_engineer
7,4,5,6,4,6,8,7,7,5,6,6,environmental_scientist
8,9,3,4,2,7,7,5,9,6,4,6,database_administrator
5,6,8,7,5,6,7,4,8,5,5,7,architect
6,8,5,4,3,8,6,7,9,6,5,5,devops_engineer
9,10,5,5,4,9,8,9,8,7,5,6,cybersecurity_analyst
7,4,7,7,5,6,6,6,8,4,6,7,architect
8,7,10,7,2,10,10,6,7,5,8,5,game_developer
8,7,5,4,4,8,7,6,7,7,6,5,devops_engineer
7,6,5,6,4,7,7,8,7,5,8,6,environmental_scientist
9,7,6,4,5,8,7,8,7,5,7,6,cloud_engineer
6,8,9,5,3,8,9,7,7,4,5,7,game_developer
4,6,3,9,8,6,4,5,5,8,8,4,project_manager
7,7,5,6,3,8,8,4,8,5,5,7,electrical_engineer
9,6,6,4,4,8,6,6,7,6,4,9,electrical_engineer
4,4,4,10,7,2,6,3,6,8,8,3,hr_manager
6,8,4,5,3,8,7,6,9,6,5,8,chemical_engineer
9,6,6,6,6,8,5,6,7,5,7,8,chemical_engineer
8,8,6,6,4,8,7,6,8,5,6,5,devops_engineer
9,8,6,5,4,9,8,8,6,6,6,8,data_scientist
8,9,4,5,4,9,5,6,7,5,5,8,electrical_engineer
7,8,5,7,3,7,8,6,8,7,7,5,devops_engineer
6,6,5,6,4,7,8,7,6,6,5,6,environmental_scientist
8,5,8,7,3,7,7,4,7,3,6,3,ux_designer
9,6,4,6,7,8,6,6,8,7,6,6,physician
7,9,2,4,3,6,5,6,9,5,5,7,database_administrator
7,6,3,6,7,7,5,5,7,7,7,8,industrial_engineer
9,8,6,4,4,9,10,10,6,5,6,10,ai_machine_learning_engineer
8,8,5,6,7,9,8,7,9,8,5,7,cybersecurity_analyst
8,8,6,4,4,9,9,8,7,7,3,7,research_scientist
9,7,5,6,4,6,5,5,7,7,5,8,chemical_engineer
6,6,3,9,8,4,4,5,6,9,7,4,project_manager
7,7,2,7,3,5,4,6,9,6,5,5,pharmacist
6,5,7,7,9,9,7,6,3,10,6,5,entrepreneur
7,7,3,4,2,5,2,4,9,7,6,9,accountant
7,5,6,8,5,7,7,5,6,8,5,1,psychologist
8,8,6,3,5,8,5,6,9,8,7,6,mechanical_engineer
7,5,9,8,8,8,8,7,5,9,4,4,entrepreneur
9,8,7,5,3,6,7,7,9,6,6,6,biotechnologist
7,9,6,5,3,9,5,7,8,7,4,8,mechanical_engineer
10,9,5,7,5,7,8,7,7,6,7,6,software_engineer
8,7,7,6,4,8,7,6,9,7,6,10,mechanical_engineer
8,6,4,5,4,6,4,6,6,6,7,6,financial_analyst
5,5,6,8,7,6,7,5,3,6,6,4,teacher
6,6,7,8,8,6,7,6,5,8,8,4,product_manager
8,9,4,10,7,8,6,6,8,8,4,3,lawyer
8,7,2,4,3,5,4,5,8,6,4,9,financial_analyst
10,8,6,4,4,9,9,9,8,6,5,8,software_engineer
7,8,6,5,4,8,9,7,8,6,5,7,research_scientist
6,4,3,10,6,7,6,3,5,7,7,3,hr_manager
6,4,10,9,6,6,6,5,5,7,5,4,marketing_manager
8,10,6,6,5,9,8,10,7,6,6,8,software_engineer
6,6,4,7,5,6,5,4,9,9,8,2,nurse
5,4,8,8,5,6,6,6,6,5,7,2,marketing_manager
8,8,5,6,5,8,7,8,7,6,6,6,cloud_engineer
8,9,6,5,5,8,5,5,7,6,4,8,electrical_engineer
6,4,9,5,3,6,7,7,8,4,5,4,ui_designer
6,7,4,3,3,8,7,6,8,6,6,6,chemical_engineer
6,7,3,4,2,5,2,5,9,6,4,9,accountant
7,9,4,6,5,8,6,5,9,7,8,6,electrical_engineer
9,10,8,4,4,9,9,10,7,6,5,8,ai_machine_learning_engineer
5,6,9,6,5,8,6,5,7,4,5,6,architect
4,5,3,9,5,5,6,5,9,10,8,2,nurse
9,7,5,4,2,8,7,7,5,6,6,6,backend_developer
6,5,6,9,4,7,6,5,6,9,6,3,psychologist
5,6,8,10,6,6,6,4,5,6,7,4,marketing_manager
8,9,6,4,5,8,6,8,7,7,7,8,mechanical_engineer
4,7,4,8,8,4,5,5,6,9,7,3,project_manager
6,6,5,7,3,5,7,5,7,5,6,5,environmental_scientist
7,6,5,10,7,6,5,6,4,7,8,4,teacher
8,5,3,7,6,8,6,6,8,10,6,5,physician
9,6,4,7,6,8,5,5,7,4,6,6,business_analyst
9,7,7,7,5,8,10,8,9,7,7,8,data_scientist
9,7,3,8,6,6,6,7,8,5,5,6,business_analyst
8,7,5,5,5,9,7,7,9,4,6,6,biotechnologist
4,5,9,6,2,6,5,5,8,6,6,1,ui_designer
7,9,5,5,4,7,8,7,9,8,6,6,devops_engineer
6,6,6,8,8,8,8,7,4,8,7,6,entrepreneur
7,8,6,5,6,8,8,7,8,7,5,5,devops_engineer
6,6,9,7,3,7,7,6,7,4,6,4,ux_designer
6,5,2,3,4,5,2,3,8,5,4,8,accountant
6,5,9,7,9,9,7,6,4,8,7,5,entrepreneur
7,8,9,6,4,7,8,5,7,4,7,6,game_developer
8,9,5,4,3,7,7,7,7,6,4,8,embedded_systems_engineer
7,9,5,5,4,7,8,9,7,8,6,5,cloud_engineer
10,8,7,5,5,8,8,8,9,6,5,6,research_scientist
3,6,6,10,7,6,5,5,7,5,8,2,hr_manager
10,5,2,3,4,6,6,4,6,7,5,9,financial_analyst
7,7,3,4,3,7,6,7,9,8,5,6,devops_engineer
5,4,8,6,3,6,7,7,8,5,7,3,ui_designer
6,7,8,5,3,7,8,7,6,5,7,5,game_developer
9,9,4,6,3,8,8,7,6,8,5,6,backend_developer
8,9,8,4,5,8,10,8,8,5,4,10,research_scientist
5,6,4,6,4,6,7,6,7,5,6,4,environmental_scientist
7,6,3,6,2,7,5,4,8,7,7,5,pharmacist
5,7,6,10,6,6,5,5,5,6,7,5,teacher
10,8,7,6,3,9,10,8,10,7,8,9,data_scientist
8,7,6,5,5,7,6,6,8,6,6,7,mechanical_engineer
5,5,6,9,4,7,7,6,6,6,6,2,psychologist
9,6,4,4,2,7,5,5,10,5,6,6,database_administrator
8,9,6,5,4,10,8,8,6,6,7,7,software_engineer
8,6,1,5,5,6,6,6,7,7,4,8,financial_analyst
6,7,9,5,6,7,7,4,8,5,5,5,architect
8,9,5,3,3,8,6,7,7,7,7,7,backend_developer
9,9,8,6,4,9,9,10,6,6,7,10,ai_machine_learning_engineer
5,5,6,6,4,5,7,5,6,3,3,1,content_writer
4,5,8,9,5,6,5,5,5,5,6,4,marketing_manager
6,7,2,3,4,5,3,4,10,5,2,8,accountant
8,8,4,5,5,8,8,8,9,8,6,5,cybersecurity_analyst
7,10,5,6,2,8,7,8,7,5,4,7,embedded_systems_engineer
4,5,3,8,7,5,5,5,5,8,8,2,hr_manager
8,8,4,4,2,8,7,7,7,5,6,6,embedded_systems_engineer
9,9,5,5,5,10,9,9,8,6,6,7,ai_machine_learning_engineer
5,4,9,6,4,5,6,6,6,4,6,3,ui_designer
8,8,4,4,4,8,9,8,8,7,5,5,cybersecurity_analyst
9,9,3,4,4,8,4,7,10,6,5,6,database_administrator
6,6,4,5,5,8,5,6,6,5,6,6,business_analyst
9,9,6,5,3,9,10,10,7,7,6,9,ai_machine_learning_engineer
8,8,5,5,5,9,5,5,8,5,4,7,electrical_engineer
6,5,9,5,4,6,6,5,7,5,6,3,ui_designer
8,7,4,5,5,8,6,7,8,6,5,9,electrical_engineer
8,7,4,8,6,7,6,5,8,5,7,5,business_analyst
8,8,3,7,3,6,5,4,9,6,6,9,financial_analyst
7,7,2,4,3,7,4,6,9,6,6,7,database_administrator
7,6,1,6,4,6,4,6,10,7,5,4,pharmacist
5,6,4,7,8,6,5,6,5,9,8,5,project_manager
8,8,6,5,5,9,8,8,9,8,4,6,cybersecurity_analyst
8,7,4,7,4,7,6,5,5,5,6,6,business_analyst
5,6,7,6,6,8,6,6,8,6,6,6,architect
7,8,5,6,4,8,6,7,7,7,6,5,devops_engineer
7,7,8,5,4,7,5,4,8,5,6,6,architect
10,7,7,4,4,8,9,7,8,5,5,6,research_scientist
6,7,2,6,3,5,5,5,10,5,5,5,pharmacist
4,8,5,10,8,7,5,5,5,7,8,5,project_manager
7,7,6,4,5,7,6,6,8,7,7,8,mechanical_engineer
4,4,10,5,2,5,8,4,9,3,6,1,graphic_designer
5,7,1,5,2,5,4,5,8,4,5,9,accountant
6,7,8,7,4,6,7,7,7,4,6,3,ux_designer
6,7,7,6,4,7,6,5,7,3,6,1,ux_designer
8,9,6,7,4,8,8,8,8,6,6,9,data_scientist
9,7,2,5,4,6,3,5,10,6,5,5,pharmacist
8,9,5,7,2,8,8,9,8,4,5,9,data_scientist
9,9,6,5,4,9,10,8,8,6,6,5,research_scientist
5,4,4,8,8,5,4,5,5,8,6,3,hr_manager
6,4,3,8,8,5,6,5,6,7,6,3,hr_manager
4,5,3,8,4,6,5,4,9,6,8,4,nurse
9,10,8,3,4,9,10,9,9,5,6,9,ai_machine_learning_engineer
8,5,6,6,3,5,8,6,6,5,6,5,environmental_scientist
10,7,6,5,6,8,9,7,6,5,5,10,data_scientist
7,7,6,6,4,7,7,6,7,6,6,8,mechanical_engineer
8,7,7,5,6,6,7,6,8,7,5,6,civil_engineer
10,8,7,5,5,10,9,10,7,6,6,10,ai_machine_learning_engineer
5,5,3,9,4,6,4,4,9,8,8,3,nurse
5,4,8,6,5,7,5,6,9,5,6,8,architect
6,5,7,5,2,7,6,8,7,5,5,3,frontend_developer
4,5,3,8,5,6,4,6,8,9,7,3,nurse
7,8,10,3,5,8,8,7,6,6,7,6,game_developer
8,7,2,5,3,6,6,6,8,6,5,8,financial_analyst
7,6,5,6,4,6,8,7,7,5,6,5,environmental_scientist
10,9,4,5,4,9,7,8,9,8,5,7,cybersecurity_analyst
7,7,6,6,5,9,9,7,9,6,8,9,data_scientist
9,8,5,6,4,7,7,7,7,5,5,7,cloud_engineer
8,7,5,5,3,6,7,6,8,6,5,6,electrical_engineer
8,7,7,7,5,8,6,6,8,6,6,7,chemical_engineer
6,5,4,10,5,7,7,6,5,8,6,2,psychologist
8,8,3,5,4,6,6,7,9,6,5,5,database_administrator
7,8,6,5,3,10,8,8,8,8,5,6,cybersecurity_analyst
8,7,7,4,3,10,8,9,7,6,5,8,ai_machine_learning_engineer
8,8,5,9,7,7,6,6,8,8,5,3,lawyer
6,6,8,6,4,7,6,5,9,5,6,4,architect
8,7,6,7,4,8,9,7,8,6,5,9,data_scientist
8,8,5,6,4,8,8,7,9,6,5,7,research_scientist
9,9,7,6,3,10,8,8,7,7,5,7,software_engineer
7,7,4,5,3,6,6,7,9,6,8,6,chemical_engineer
7,4,7,9,8,9,8,5,4,8,5,5,entrepreneur
8,9,5,4,5,9,7,6,8,6,5,9,mechanical_engineer
7,7,8,5,4,9,8,7,7,6,6,7,game_developer
8,10,5,5,4,9,8,7,6,5,6,6,software_engineer
8,9,5,4,4,8,5,7,10,6,5,7,electrical_engineer
7,7,4,3,3,8,6,6,8,7,7,7,chemical_engineer
10,8,6,6,4,8,10,6,8,5,5,8,research_scientist
10,8,2,4,3,7,5,5,9,6,5,6,database_administrator
6,6,2,4,2,3,1,3,8,6,4,7,accountant
8,9,5,3,3,8,6,7,7,7,4,5,embedded_systems_engineer
10,9,5,4,4,10,8,8,7,5,6,7,software_engineer
8,5,8,8,8,8,9,7,6,9,5,4,entrepreneur
8,8,5,4,3,9,7,8,8,8,5,7,backend_developer
6,5,2,9,4,6,5,4,8,9,8,4,nurse
7,5,6,7,6,6,6,4,8,5,7,7,industrial_engineer
6,3,7,6,3,4,7,5,7,4,5,1,content_writer
7,7,6,3,4,7,7,7,9,5,5,6,biotechnologist
9,8,5,5,5,8,9,9,8,6,6,9,data_scientist
8,8,6,5,3,7,9,8,9,6,5,6,research_scientist
8,10,6,2,4,8,8,7,7,8,4,7,embedded_systems_engineer
6,7,6,5,5,8,5,5,9,8,4,8,civil_engineer
9,9,6,5,4,9,8,9,7,7,6,5,cloud_engineer
6,7,6,6,3,4,8,6,8,5,5,6,environmental_scientist
7,8,4,6,6,8,5,7,9,9,8,5,physician
9,10,7,6,4,10,9,9,7,6,6,10,ai_machine_learning_engineer
8,9,8,5,3,9,8,8,9,6,5,6,cybersecurity_analyst
5,5,3,9,5,6,6,4,9,8,8,4,nurse
4,7,4,8,9,6,5,5,6,9,9,4,project_manager
8,7,6,5,4,7,9,7,7,5,6,6,biotechnologist
7,8,8,5,4,9,7,6,8,7,6,9,mechanical_engineer
8,8,5,8,6,7,7,7,8,8,6,4,lawyer
6,8,8,7,5,7,7,5,7,5,7,6,architect
7,7,6,4,2,9,6,9,6,5,6,6,cloud_engineer
9,9,5,4,5,9,8,8,7,8,7,7,software_engineer
5,5,10,6,4,5,6,7,8,4,6,3,ui_designer
5,6,5,9,9,5,5,5,5,9,9,5,project_manager
8,6,6,6,5,6,9,6,9,7,6,7,biotechnologist
7,5,7,8,4,5,6,6,5,6,5,3,psychologist
4,6,8,6,4,7,8,5,6,5,5,6,architect
8,10,5,6,4,8,6,6,9,6,7,9,mechanical_engineer
9,10,7,5,3,10,9,10,7,7,6,10,ai_machine_learning_engineer
8,6,3,5,4,5,4,5,9,5,4,9,financial_analyst
6,8,2,6,3,6,3,5,10,4,3,8,accountant
6,5,5,10,3,5,8,4,6,7,5,2,psychologist
8,8,3,7,4,7,7,5,7,5,6,6,business_analyst
4,4,9,5,4,4,7,4,7,3,5,2,graphic_designer
10,9,8,5,4,10,8,8,9,6,6,9,ai_machine_learning_engineer
8,7,5,6,4,9,9,7,9,7,6,9,data_scientist
4,2,5,9,8,4,5,4,7,8,9,0,hr_manager
5,3,5,8,6,6,4,4,8,7,8,1,hr_manager
7,8,4,8,6,7,6,6,8,8,5,4,lawyer
8,9,3,7,6,9,6,7,8,9,7,5,physician
6,6,5,8,3,5,8,5,5,7,5,2,psychologist
9,9,6,5,3,7,9,8,8,7,7,9,data_scientist
6,8,9,4,4,9,8,7,7,5,8,6,game_developer
8,7,3,4,4,8,5,5,10,7,4,6,database_administrator
5,6,9,8,2,4,6,6,4,5,4,3,content_writer
8,6,2,5,3,6,5,5,8,6,5,7,financial_analyst
6,5,5,7,7,7,6,6,6,8,8,4,product_manager
7,9,4,4,4,7,5,6,7,8,5,8,electrical_engineer
6,6,7,8,8,6,8,5,6,6,9,3,product_manager
10,8,5,5,3,8,8,7,8,6,7,10,data_scientist
7,8,6,4,3,8,7,7,8,6,5,7,embedded_systems_engineer
6,5,8,8,7,7,6,6,4,6,6,4,marketing_manager
9,7,3,5,4,5,4,5,10,7,4,8,financial_analyst
7,10,3,6,5,9,9,8,9,7,4,6,cybersecurity_analyst
6,7,4,9,6,6,7,7,9,8,6,3,lawyer
4,5,8,9,6,6,6,4,5,6,6,2,marketing_manager
8,7,4,7,6,7,6,6,6,5,6,6,business_analyst
6,7,7,6,3,7,6,6,8,5,7,6,frontend_developer
7,7,7,5,3,7,9,7,8,5,6,9,data_scientist
10,8,6,6,4,7,9,8,9,6,7,9,data_scientist
6,6,6,10,9,7,7,6,4,8,8,4,product_manager
7,7,3,7,4,7,6,6,6,5,7,8,business_analyst
8,8,4,7,5,8,5,6,9,9,6,5,physician
5,4,9,5,2,5,5,5,5,4,4,1,graphic_designer
8,7,8,6,4,8,9,8,9,6,5,6,game_developer
7,8,4,7,5,6,6,5,8,5,6,6,business_analyst
6,5,3,10,3,7,6,6,6,7,6,2,psychologist
4,3,4,10,8,4,5,4,7,9,7,1,hr_manager
9,9,3,4,3,6,4,6,10,7,5,7,database_administrator
7,8,5,5,5,10,9,9,9,6,6,6,cybersecurity_analyst
8,9,4,5,3,7,7,9,9,9,5,6,cybersecurity_analyst
8,8,4,7,6,7,6,6,10,9,7,6,physician
8,8,4,4,3,8,5,7,8,7,6,7,database_administrator
8,10,2,4,3,6,6,7,10,5,6,8,database_administrator
7,5,6,7,9,7,7,7,5,8,7,4,product_manager
5,5,3,9,7,5,5,6,6,8,8,4,project_manager
8,10,5,4,4,9,7,6,6,7,5,7,backend_developer
7,6,4,6,5,5,3,5,9,6,6,8,financial_analyst
9,8,8,4,5,9,10,9,7,6,5,8,research_scientist
7,6,7,4,6,8,6,4,8,5,6,6,architect
7,9,4,9,6,7,4,6,7,9,5,4,lawyer
8,6,2,4,2,4,2,5,8,5,6,7,accountant
6,6,2,3,2,4,2,5,10,6,4,7,accountant
8,6,3,8,4,6,4,3,9,5,6,6,pharmacist
6,6,1,4,4,6,3,3,9,4,4,9,accountant
9,8,3,5,4,8,7,7,8,6,5,7,backend_developer
9,6,5,4,4,6,8,6,8,6,4,6,biotechnologist
6,5,4,7,8,6,6,6,6,10,7,5,project_manager
6,5,6,9,6,4,6,5,4,8,8,5,teacher
9,7,4,8,6,7,6,5,8,5,6,6,business_analyst
9,7,3,8,6,8,5,7,9,8,7,7,physician
9,7,4,5,4,8,5,7,9,5,8,6,chemical_engineer
8,8,5,7,5,6,5,6,8,6,6,6,chemical_engineer
3,4,8,5,2,4,5,6,8,5,4,2,graphic_designer
7,6,5,8,8,6,8,5,4,7,7,4,product_manager
6,7,4,6,4,5,7,6,6,5,6,4,environmental_scientist
5,8,8,3,1,6,7,6,6,6,8,2,frontend_developer
6,4,3,7,6,6,5,6,8,8,8,1,nurse
7,9,5,3,3,8,7,6,7,7,6,6,embedded_systems_engineer
8,8,5,4,3,8,5,8,8,6,7,7,backend_developer
3,4,4,9,6,5,4,5,6,7,7,2,hr_manager
8,6,6,5,3,6,6,7,8,6,5,6,biotechnologist
8,6,5,7,5,9,9,8,8,5,6,8,data_scientist
7,8,6,9,5,8,6,6,7,8,4,4,lawyer
5,4,9,7,4,7,9,5,8,4,5,3,ux_designer
8,9,3,5,2,7,9,7,7,6,5,7,cloud_engineer
5,6,4,9,8,7,7,4,7,8,8,4,project_manager
9,7,4,7,5,7,6,6,9,5,6,6,business_analyst
4,6,9,6,4,6,6,6,7,5,5,4,ui_designer
8,8,5,6,5,7,5,5,8,7,6,6,civil_engineer
8,9,4,3,3,7,6,7,8,6,6,7,embedded_systems_engineer
8,6,3,6,4,5,5,4,8,7,4,9,financial_analyst
7,6,5,9,3,6,9,4,5,7,6,2,psychologist
8,10,5,3,2,8,6,8,6,6,6,6,backend_developer
9,10,5,5,4,8,9,8,6,7,7,7,software_engineer
6,5,6,8,3,6,7,4,6,7,5,3,psychologist
7,8,5,5,7,7,6,5,8,7,6,6,civil_engineer
6,7,5,5,5,7,5,4,8,7,6,6,civil_engineer
5,4,9,7,2,6,6,5,8,4,4,2,graphic_designer
4,5,7,8,4,5,6,6,6,3,5,1,content_writer
8,9,5,4,5,10,7,8,10,8,5,5,cybersecurity_analyst
10,6,5,6,5,6,6,7,7,5,6,4,business_analyst
6,6,8,6,5,8,7,7,8,4,6,4,ux_designer
10,8,7,5,5,10,9,9,7,7,7,9,ai_machine_learning_engineer
10,10,4,4,5,9,8,8,9,9,4,4,cybersecurity_analyst
7,8,4,8,5,8,5,6,8,7,5,3,lawyer
7,9,4,4,4,8,6,7,9,7,5,9,electrical_engineer
7,5,4,5,4,5,7,6,6,5,6,5,environmental_scientist
5,5,3,9,3,5,5,4,8,8,8,4,nurse
10,9,9,5,4,9,8,10,8,5,6,7,software_engineer
7,6,4,7,5,7,5,6,7,6,7,8,industrial_engineer
8,8,4,4,3,7,7,6,9,4,6,6,backend_developer
7,8,6,3,3,8,7,8,6,7,5,6,backend_developer
5,7,9,5,3,7,6,7,8,6,7,6,frontend_developer
7,7,3,6,3,5,8,5,6,4,5,5,environmental_scientist
9,7,5,4,2,8,8,8,7,6,7,4,devops_engineer
5,5,7,8,6,6,7,5,6,5,6,3,marketing_manager
5,5,2,8,6,6,5,4,8,7,8,3,nurse
7,8,5,9,6,8,5,6,8,8,7,3,lawyer
10,9,8,5,4,9,8,10,7,7,6,9,ai_machine_learning_engineer
4,6,9,5,3,5,4,4,7,6,6,1,graphic_designer
8,9,6,7,4,7,5,6,10,5,6,8,mechanical_engineer
5,7,5,4,4,9,6,8,6,6,5,6,devops_engineer
8,7,4,4,4,9,7,6,9,6,5,9,electrical_engineer
9,9,6,7,6,8,9,8,8,5,5,8,data_scientist
8,8,6,5,3,7,6,7,7,7,6,7,cloud_engineer
7,8,2,4,4,6,5,5,8,6,4,7,financial_analyst
4,4,8,4,2,5,7,5,7,4,7,2,graphic_designer
8,9,4,4,4,8,6,7,8,5,5,4,devops_engineer
6,5,6,8,5,6,7,3,6,7,6,1,psychologist
4,4,8,6,3,5,7,6,8,3,7,4,ui_designer
6,4,5,9,9,6,4,5,6,8,7,4,project_manager
7,7,4,6,4,8,5,5,8,6,5,7,civil_engineer
6,6,8,6,5,8,7,5,8,4,6,6,architect
7,7,9,5,3,7,8,7,8,5,6,3,frontend_developer
5,3,10,5,3,6,7,7,8,5,5,3,ui_designer
5,5,8,9,7,5,6,5,5,5,7,3,marketing_manager
9,8,7,6,2,10,9,7,7,6,5,8,research_scientist
4,6,2,7,5,6,4,5,8,9,7,2,nurse
8,9,7,4,3,8,6,6,9,5,7,8,mechanical_engineer
5,5,9,6,3,5,6,6,6,4,5,4,content_writer
8,7,6,6,6,5,8,6,6,5,6,4,environmental_scientist
5,8,9,5,2,8,7,8,7,5,8,7,game_developer
5,5,3,7,4,7,5,5,9,9,7,3,nurse
5,7,7,8,6,5,8,4,5,8,6,5,teacher
4,6,8,8,2,5,7,5,7,6,5,2,content_writer
7,7,3,4,5,7,6,5,10,7,5,6,database_administrator
9,10,6,5,3,9,9,9,7,5,5,10,ai_machine_learning_engineer
8,9,5,6,4,8,8,7,7,7,7,6,cloud_engineer
7,8,7,5,4,8,6,7,9,5,6,7,mechanical_engineer
9,8,5,7,3,9,7,7,8,5,6,8,data_scientist
7,5,5,8,8,7,6,4,5,7,9,3,product_manager
6,6,6,6,5,7,4,6,8,6,7,8,civil_engineer
8,8,5,4,4,8,7,8,8,6,7,7,mechanical_engineer
8,6,2,4,4,7,4,6,8,8,5,7,financial_analyst
7,5,4,6,4,6,5,5,9,4,5,4,pharmacist
7,7,4,7,3,6,7,6,6,6,7,6,business_analyst
5,7,4,9,9,6,7,6,7,7,9,4,project_manager
7,6,6,5,6,6,5,4,7,5,6,6,industrial_engineer
6,4,8,10,7,6,7,4,5,6,6,4,marketing_manager
3,3,8,4,1,5,7,6,6,4,6,3,graphic_designer
5,4,6,9,8,5,6,4,4,7,6,5,teacher
6,4,7,10,7,6,7,4,4,8,8,4,teacher
7,8,5,6,3,9,9,7,7,6,7,9,data_scientist
5,5,9,6,3,7,7,6,8,3,5,2,ui_designer
7,6,5,8,5,8,6,5,8,4,6,7,civil_engineer
7,8,4,7,5,7,5,6,7,6,7,6,business_analyst
5,3,7,6,8,7,8,7,3,9,7,4,entrepreneur
8,7,4,6,5,8,7,7,8,10,7,6,physician
4,6,10,9,3,4,8,5,6,4,3,0,content_writer
6,8,9,5,3,9,8,7,7,5,7,7,game_developer
7,6,6,7,7,7,5,5,7,7,8,6,industrial_engineer
9,5,3,7,6,9,6,5,8,8,8,4,physician
7,7,8,6,4,10,8,7,5,5,6,6,game_developer
9,8,5,5,4,9,4,5,8,5,6,9,mechanical_engineer
7,5,7,9,8,7,6,5,5,7,8,4,product_manager
8,6,5,6,5,7,6,5,8,7,3,9,electrical_engineer
7,6,8,8,10,7,7,8,5,9,5,4,entrepreneur
6,8,6,5,4,7,7,7,8,7,6,6,devops_engineer
5,5,3,8,4,5,6,4,7,8,8,1,nurse
8,7,2,6,5,5,5,4,8,6,6,6,pharmacist
9,8,2,5,5,5,5,4,8,7,5,7,financial_analyst
9,8,7,6,3,7,9,8,7,6,5,7,research_scientist
9,8,5,6,4,8,6,8,6,6,7,6,cloud_engineer
5,8,4,9,5,7,6,7,7,8,5,2,lawyer
10,7,1,8,4,4,4,5,7,6,5,4,pharmacist
8,8,6,5,4,8,6,6,6,6,5,8,mechanical_engineer
7,8,5,5,4,9,6,6,8,6,5,7,electrical_engineer
10,9,7,3,4,10,8,8,7,6,6,9,ai_machine_learning_engineer
4,5,6,9,5,4,7,5,5,8,7,5,teacher
8,6,5,5,4,7,5,6,9,6,6,9,chemical_engineer
6,6,8,8,3,5,7,5,6,3,6,2,content_writer
7,6,5,6,4,6,8,6,7,5,7,4,environmental_scientist
6,5,5,9,4,5,7,5,7,9,5,3,psychologist
6,5,1,4,4,5,2,3,9,4,4,8,accountant
7,10,6,4,4,8,8,8,8,10,5,6,cybersecurity_analyst
8,7,6,4,4,7,6,6,8,6,6,6,chemical_engineer
7,8,8,6,3,7,8,8,8,5,7,7,game_developer
7,5,7,10,8,7,7,5,4,6,8,5,product_manager
10,10,6,5,4,10,7,8,6,4,4,6,software_engineer
5,5,7,9,6,7,6,4,6,5,6,2,marketing_manager
9,9,5,3,3,8,7,7,8,6,7,6,backend_developer
10,8,7,5,4,8,8,8,8,6,6,7,research_scientist
5,5,9,8,3,5,8,6,7,5,3,2,content_writer
9,7,2,5,3,6,4,6,8,6,5,8,financial_analyst
5,5,7,8,4,6,7,4,7,4,3,3,content_writer
6,7,1,4,3,6,2,4,8,4,4,8,accountant
7,9,5,3,4,10,7,6,7,6,6,6,backend_developer
8,8,4,3,3,8,6,8,5,5,8,6,backend_developer
7,7,6,7,6,8,5,5,8,9,8,6,physician
8,8,6,5,5,8,8,8,8,6,6,6,cloud_engineer
8,8,5,5,4,8,6,8,6,6,6,5,cloud_engineer
6,7,1,5,2,5,4,4,9,4,4,9,accountant
7,7,8,7,5,7,5,4,7,5,7,7,architect
7,5,5,6,6,6,9,6,6,6,6,5,environmental_scientist
6,3,8,7,10,8,7,6,3,6,6,4,entrepreneur
7,8,6,5,1,8,7,6,7,6,5,4,devops_engineer
7,8,4,9,6,9,6,6,9,8,6,4,lawyer
6,4,5,8,4,6,7,6,6,7,5,2,psychologist
8,9,5,5,4,9,7,9,7,7,6,6,backend_developer
7,8,5,7,4,7,6,5,8,6,6,6,industrial_engineer
4,4,8,5,1,5,7,5,8,4,4,3,graphic_designer
7,5,7,7,4,8,8,7,6,5,6,5,game_developer
6,9,4,5,3,8,7,7,7,7,5,6,devops_engineer
8,6,4,7,5,7,7,8,7,4,6,5,business_analyst
9,9,5,6,5,9,7,8,9,8,6,5,devops_engineer
7,10,4,4,4,6,4,7,7,5,5,7,database_administrator
5,6,8,7,3,7,6,4,8,3,6,3,ui_designer
6,6,5,8,4,6,6,4,6,7,5,2,psychologist
9,6,6,5,4,6,7,5,7,6,6,6,chemical_engineer
9,8,5,5,3,8,6,7,8,6,5,8,mechanical_engineer
8,9,5,3,3,7,7,6,7,7,7,5,backend_developer
7,6,8,7,5,8,8,7,9,3,7,2,ux_designer
5,7,3,4,4,5,2,3,9,5,4,7,accountant
5,6,8,7,8,7,7,6,3,9,6,5,entrepreneur
10,9,6,5,5,8,8,7,5,6,5,8,software_engineer
10,8,5,4,4,9,6,6,8,5,6,8,mechanical_engineer
9,10,5,4,4,8,8,6,8,6,7,6,backend_developer
7,7,5,6,5,9,5,6,7,5,9,8,industrial_engineer
7,7,5,6,6,8,5,5,8,5,6,8,civil_engineer
8,9,2,6,3,7,4,6,9,8,6,6,database_administrator
8,8,5,4,3,8,7,7,7,4,7,5,cloud_engineer
8,8,3,5,3,5,5,7,9,6,6,7,database_administrator
6,5,9,4,2,6,6,4,7,5,6,1,graphic_designer
9,7,4,8,6,7,7,5,7,8,6,3,lawyer
9,9,8,7,4,9,8,8,9,6,4,9,research_scientist
7,8,5,5,7,7,4,4,7,6,6,7,industrial_engineer
7,9,6,6,4,8,8,8,10,8,6,6,cybersecurity_analyst
9,9,5,5,5,9,8,8,8,5,7,6,software_engineer
6,8,9,4,5,8,8,7,6,5,6,5,game_developer
9,6,2,4,3,6,5,4,8,7,5,9,financial_analyst
8,6,3,7,5,9,4,5,8,7,6,9,civil_engineer
8,8,5,3,3,7,6,7,8,5,6,7,embedded_systems_engineer
9,9,4,3,4,9,8,7,7,4,6,7,backend_developer
8,6,2,7,6,8,7,7,9,8,8,5,physician
8,10,6,4,2,7,9,7,7,6,7,7,backend_developer
6,5,8,9,10,9,8,7,4,10,7,5,entrepreneur
5,6,3,8,9,6,5,5,6,10,7,4,project_manager
8,8,5,5,5,6,7,8,8,6,7,6,devops_engineer
5,7,2,7,8,7,5,4,5,7,7,4,project_manager
7,9,5,3,3,9,7,8,6,6,7,6,backend_developer
4,5,6,6,5,6,7,5,6,6,5,7,architect
10,8,8,6,4,9,10,8,9,5,4,9,research_scientist
9,8,8,5,3,9,7,8,8,6,5,7,research_scientist
5,5,9,6,3,7,6,7,7,4,5,2,ux_designer
7,7,3,5,2,7,5,7,9,7,5,5,database_administrator
4,3,10,5,2,5,7,4,7,5,4,3,graphic_designer
9,8,6,4,5,9,10,8,8,5,6,7,software_engineer
3,6,5,9,7,6,5,5,5,7,9,3,project_manager
6,6,7,5,6,7,5,5,8,5,6,7,architect
9,8,6,5,5,9,7,7,7,6,8,6,cloud_engineer
9,8,6,4,3,9,8,6,5,7,6,6,backend_developer
8,9,4,6,6,9,8,6,10,10,8,6,physician
8,7,5,7,4,6,8,7,7,6,7,4,environmental_scientist
6,6,3,3,2,3,2,6,8,6,4,7,accountant
8,8,6,4,5,8,5,6,7,6,6,8,mechanical_engineer
5,5,3,10,5,6,5,5,9,8,8,2,nurse
4,5,5,9,8,5,5,4,6,7,8,2,hr_manager
8,8,6,5,3,8,7,6,8,6,5,9,electrical_engineer
8,9,5,5,4,8,6,6,7,7,6,6,backend_developer
5,4,8,9,7,7,5,6,4,6,7,4,marketing_manager
7,8,6,6,5,7,7,5,6,4,7,6,industrial_engineer
8,8,5,4,4,7,9,7,8,8,3,5,cybersecurity_analyst
8,7,7,5,5,8,8,9,9,7,6,9,data_scientist
4,5,8,7,10,9,8,6,5,10,6,7,entrepreneur
10,10,5,6,5,8,8,8,7,6,5,8,software_engineer
9,8,5,5,3,7,6,8,8,5,7,10,mechanical_engineer
9,7,3,7,7,10,7,6,9,10,7,4,physician
8,7,8,6,2,7,6,8,7,5,5,6,frontend_developer
6,7,4,8,7,6,4,5,5,8,8,4,project_manager
8,7,5,4,3,10,7,6,8,6,7,10,mechanical_engineer
7,8,3,8,5,8,5,6,6,5,7,6,business_analyst
6,8,5,5,5,6,4,6,8,6,6,6,industrial_engineer
6,6,10,8,6,5,5,4,6,5,7,2,marketing_manager
5,4,8,9,6,5,7,6,7,5,6,5,marketing_manager
7,6,5,6,4,5,8,6,7,6,6,5,environmental_scientist
9,7,6,7,5,7,9,7,8,6,4,5,biotechnologist
7,5,8,6,9,9,9,7,4,8,7,5,entrepreneur
7,7,4,6,4,7,5,5,9,4,4,8,civil_engineer
8,7,5,5,4,8,6,8,9,7,5,5,devops_engineer
6,7,8,5,3,9,7,8,7,5,6,7,game_developer
7,6,6,6,10,5,5,5,5,10,7,4,project_manager
10,9,6,5,5,9,9,9,7,5,5,9,ai_machine_learning_engineer
5,3,9,5,4,7,7,6,7,4,5,3,ui_designer
3,3,5,10,6,6,5,3,7,8,8,2,hr_manager
9,7,7,4,5,9,10,8,8,5,7,9,ai_machine_learning_engineer
6,5,5,9,4,5,8,5,7,8,6,2,psychologist
5,6,8,9,7,6,6,7,4,6,8,3,marketing_manager
9,8,6,6,3,8,7,5,8,7,6,7,mechanical_engineer
7,7,5,9,4,8,6,7,7,8,4,3,lawyer
6,7,5,6,5,6,6,7,7,4,6,7,environmental_scientist
8,8,4,4,3,8,5,6,6,7,5,6,backend_developer
9,7,3,5,4,6,6,3,9,7,6,7,financial_analyst
5,4,5,10,4,6,6,6,6,8,5,3,psychologist
5,3,3,8,7,3,5,6,5,8,9,2,hr_manager
7,6,5,4,2,7,8,7,7,3,7,5,environmental_scientist
8,8,3,3,1,7,5,6,9,5,5,5,database_administrator
4,6,3,8,5,6,5,4,7,8,8,3,nurse
7,6,8,8,10,7,6,6,3,9,6,4,entrepreneur
7,7,4,6,4,6,6,5,8,5,6,7,civil_engineer
9,9,8,5,6,7,8,7,9,6,6,9,data_scientist
6,7,7,7,8,7,8,6,5,8,8,4,product_manager
7,10,4,6,3,10,8,8,8,8,4,6,cybersecurity_analyst
8,10,8,5,3,9,10,8,6,7,6,9,ai_machine_learning_engineer
5,4,4,8,9,6,5,4,7,9,7,4,project_manager
5,7,7,6,2,8,7,9,6,5,5,4,frontend_developer
6,6,8,6,6,7,7,4,8,5,6,6,architect
3,5,4,9,7,5,4,3,6,7,8,2,hr_manager
7,5,2,4,3,5,4,2,9,6,5,8,accountant
6,7,6,5,7,7,6,5,8,5,7,6,industrial_engineer
8,10,4,3,2,8,6,7,6,6,6,4,backend_developer
8,6,3,9,6,8,7,6,9,8,7,6,physician
3,7,5,9,9,7,4,6,7,7,8,3,project_manager
8,7,3,4,4,7,5,5,9,5,4,9,financial_analyst
9,8,6,5,5,9,8,9,7,6,6,8,software_engineer
5,6,7,9,6,5,6,6,4,7,7,2,marketing_manager
6,5,9,8,9,9,7,6,5,8,5,4,entrepreneur
8,8,5,4,3,8,8,6,7,6,4,8,embedded_systems_engineer
6,5,9,7,3,5,7,6,6,3,5,1,content_writer
5,4,3,9,8,6,5,5,6,5,9,2,hr_manager
5,4,9,9,5,4,7,5,6,3,4,2,content_writer
7,6,5,7,6,8,6,6,6,6,9,7,industrial_engineer
5,8,6,8,7,8,8,7,5,6,8,3,product_manager
7,8,9,5,2,8,8,7,7,6,6,3,frontend_developer
6,3,6,9,7,5,4,4,7,7,6,4,teacher
9,10,5,6,4,9,7,9,8,8,5,6,cybersecurity_analyst
4,5,5,9,8,5,6,4,6,6,7,3,hr_manager
7,8,5,6,4,8,6,9,6,4,7,5,cloud_engineer
5,5,7,8,5,6,5,5,5,6,7,3,marketing_manager
7,6,5,6,6,6,5,5,8,5,6,5,chemical_engineer
8,10,6,5,4,8,7,8,6,7,5,6,backend_developer
7,8,6,7,5,7,4,5,8,5,6,5,civil_engineer
5,5,9,5,2,6,6,4,8,3,6,2,graphic_designer
7,4,6,9,6,4,6,6,6,7,6,5,teacher
6,6,6,6,4,4,7,7,7,4,6,5,environmental_scientist
7,7,8,9,4,7,6,5,8,2,5,2,ux_designer
8,9,5,4,3,7,8,5,6,7,4,8,backend_developer
8,7,4,5,3,8,7,9,8,5,5,4,cloud_engineer
9,10,4,4,3,10,8,7,8,7,6,7,embedded_systems_engineer
6,5,8,7,9,7,8,8,3,8,7,4,entrepreneur
9,8,4,4,4,9,8,8,9,9,5,7,cybersecurity_analyst
5,6,8,9,7,5,5,5,5,5,8,3,marketing_manager
8,8,4,6,4,6,7,6,9,5,5,7,financial_analyst
9,9,7,4,4,10,9,9,6,8,4,7,ai_machine_learning_engineer
7,4,6,9,9,8,8,6,3,10,6,5,entrepreneur
5,5,5,8,7,6,4,5,5,6,9,3,hr_manager
7,6,6,5,3,7,8,8,7,6,4,7,biotechnologist
8,6,3,5,2,6,5,5,9,6,4,8,financial_analyst
7,7,7,6,5,7,9,6,7,6,4,10,data_scientist
4,7,8,8,4,7,7,7,7,4,6,3,ux_designer
5,4,8,5,2,6,7,5,7,4,4,2,graphic_designer
6,7,5,6,4,5,9,6,7,4,6,4,environmental_scientist
6,6,7,8,8,7,6,6,5,6,8,4,product_manager
10,10,7,4,6,10,8,7,6,6,5,7,software_engineer
9,9,6,7,5,8,8,7,10,7,6,6,research_scientist
6,4,5,10,4,7,6,5,5,7,6,2,psychologist
4,4,5,10,7,5,5,3,7,6,8,2,hr_manager
8,7,4,8,5,7,6,6,8,4,6,7,business_analyst
7,7,3,6,5,8,6,5,8,6,7,6,business_analyst
4,4,6,8,5,4,6,4,4,7,6,3,teacher
5,5,8,9,3,6,8,7,6,4,4,2,content_writer
5,3,8,9,4,5,6,4,7,5,5,2,content_writer
7,4,4,10,4,6,8,4,5,7,4,2,psychologist
7,8,4,5,5,7,5,4,8,7,6,9,civil_engineer
8,8,6,5,4,7,9,8,8,7,4,7,research_scientist
8,7,10,4,6,9,7,8,7,5,7,5,game_developer
7,4,6,9,5,7,7,4,5,7,3,1,psychologist
9,7,3,8,6,8,5,5,8,8,7,6,physician
6,6,3,5,3,5,3,5,8,6,4,8,accountant
6,8,5,9,6,7,5,5,7,8,6,3,lawyer
9,7,6,4,3,9,9,9,6,6,5,9,ai_machine_learning_engineer
10,10,7,5,4,9,9,9,6,5,6,8,ai_machine_learning_engineer
8,7,4,8,6,6,5,6,6,5,7,5,business_analyst
8,9,3,5,3,9,8,7,7,7,6,5,devops_engineer
3,5,6,7,7,5,5,6,7,6,8,4,teacher
7,5,4,9,4,6,8,6,5,8,5,3,psychologist
8,8,4,6,3,6,4,5,9,6,5,8,financial_analyst
7,7,3,8,4,8,5,6,6,7,7,6,business_analyst
8,9,7,5,4,9,10,9,8,7,7,9,ai_machine_learning_engineer
7,7,6,7,4,6,8,6,8,5,5,6,biotechnologist
8,6,6,4,4,8,7,6,8,4,6,6,chemical_engineer
6,4,4,8,4,8,7,5,5,8,5,1,psychologist
8,8,6,4,4,7,6,6,8,6,6,8,chemical_engineer
6,6,7,9,4,6,7,4,7,6,5,3,psychologist
9,8,6,6,2,8,7,7,8,6,4,7,electrical_engineer
5,7,3,4,3,5,3,4,10,6,3,9,accountant
4,6,5,6,7,4,4,5,5,7,7,6,project_manager
8,8,6,5,4,9,8,8,8,5,7,5,cloud_engineer
9,9,7,5,4,10,9,10,6,6,5,8,software_engineer
6,5,9,8,9,8,9,7,4,9,7,5,entrepreneur
10,7,4,6,7,9,6,6,8,9,6,6,physician
4,6,3,9,9,7,5,3,5,9,8,5,project_manager
6,6,7,8,9,7,7,8,5,9,6,5,entrepreneur
3,4,9,5,3,4,6,7,7,3,6,2,graphic_designer
8,7,4,6,6,8,6,6,10,8,7,4,physician
8,7,6,6,6,8,7,6,10,9,7,3,physician
8,9,7,3,3,9,7,7,6,6,4,5,backend_developer
10,10,7,4,7,8,8,7,8,6,5,7,software_engineer
8,8,6,5,4,9,7,7,8,7,7,6,devops_engineer
9,7,7,4,5,7,10,6,9,5,3,7,research_scientist
4,4,10,5,2,4,6,5,7,4,6,2,graphic_designer
7,6,5,7,5,8,6,7,8,8,6,6,physician
9,9,5,6,3,7,6,6,9,5,7,7,mechanical_engineer
8,8,4,4,4,7,8,7,5,5,6,6,cloud_engineer
10,9,8,6,3,10,7,8,8,5,5,7,software_engineer
9,8,6,5,5,8,10,9,9,6,7,9,data_scientist
4,6,8,10,6,7,6,3,5,6,7,5,marketing_manager
8,7,3,5,4,6,5,6,8,7,5,9,financial_analyst
5,8,8,4,5,8,8,7,7,6,6,8,game_developer
7,8,5,5,2,9,9,9,10,7,4,5,cybersecurity_analyst
7,7,8,4,5,9,7,7,8,6,7,5,game_developer
9,8,5,7,7,9,5,8,8,9,7,5,physician
5,4,8,10,5,6,6,6,6,8,7,3,marketing_manager
5,5,7,7,4,6,7,5,7,3,5,4,ux_designer
7,7,4,6,7,8,6,4,7,5,7,6,industrial_engineer
7,7,6,5,4,6,9,6,7,5,6,4,environmental_scientist
6,6,1,5,3,4,2,3,9,5,5,7,accountant
7,8,6,5,4,8,7,7,7,6,6,4,devops_engineer
8,5,2,6,3,4,6,5,9,8,4,6,pharmacist
7,9,4,3,4,8,8,7,8,7,3,7,embedded_systems_engineer
10,10,6,6,4,10,9,9,9,5,6,7,software_engineer
6,7,10,6,2,7,7,6,7,5,6,5,frontend_developer
9,8,5,6,2,7,6,6,8,7,6,9,mechanical_engineer
8,7,4,7,6,8,5,5,9,10,8,5,physician
8,6,4,8,6,9,5,6,7,9,8,5,physician
9,9,6,4,5,9,9,8,7,7,6,6,software_engineer
6,6,2,3,3,6,4,5,9,4,3,9,accountant
6,5,8,6,4,7,8,6,8,4,6,4,ux_designer
7,6,6,6,5,5,7,7,6,6,7,5,environmental_scientist
6,6,7,9,8,5,7,7,6,8,8,6,product_manager
4,6,7,7,4,6,5,7,9,4,6,2,ui_designer
9,9,6,3,3,9,7,7,7,6,4,8,embedded_systems_engineer
8,7,4,8,5,7,6,5,5,5,7,7,business_analyst
7,8,4,5,4,6,7,7,7,8,5,4,devops_engineer
9,6,6,5,4,7,8,8,10,6,4,7,biotechnologist
7,9,3,10,5,8,5,6,8,8,3,1,lawyer
8,8,3,7,5,8,6,5,9,10,8,6,physician
8,7,7,6,5,10,10,8,8,6,6,7,research_scientist
7,7,4,6,4,6,6,7,7,4,6,6,business_analyst
5,5,5,9,6,5,7,3,4,8,8,5,teacher
5,5,8,5,1,6,5,6,9,4,5,4,ui_designer
8,6,5,6,4,6,5,5,7,7,5,7,chemical_engineer
8,10,3,2,3,9,7,5,7,7,4,7,embedded_systems_engineer
8,6,1,6,5,6,4,5,9,6,6,4,pharmacist
7,8,9,5,5,7,8,7,7,5,7,6,game_developer
7,8,6,5,4,8,7,7,7,6,5,8,embedded_systems_engineer
9,9,7,6,5,8,7,9,8,5,6,9,data_scientist
8,7,4,7,6,8,7,6,10,10,8,6,physician
9,9,6,5,4,10,8,8,8,8,4,5,cybersecurity_analyst
5,6,7,8,8,9,8,7,4,9,5,5,entrepreneur
6,5,7,7,4,7,5,6,8,5,6,3,ux_designer
5,4,3,8,6,6,5,6,9,8,8,3,nurse
7,9,7,5,4,9,8,6,8,6,6,7,mechanical_engineer
6,7,2,5,4,4,2,5,7,5,4,8,accountant
7,7,4,10,5,7,6,6,9,9,6,4,lawyer
5,7,8,4,3,7,8,7,7,5,6,6,game_developer
4,5,9,6,1,7,7,6,7,3,4,3,ui_designer
5,9,9,7,6,7,5,4,9,6,6,6,architect
10,7,7,5,4,9,9,9,7,6,5,7,research_scientist
7,6,2,6,4,7,5,5,10,6,6,5,pharmacist
9,9,5,6,5,7,7,9,6,6,6,8,software_engineer
7,5,8,7,5,6,5,6,10,5,5,7,architect
7,9,6,5,4,8,4,7,8,6,6,8,mechanical_engineer
7,8,3,5,3,7,5,4,9,6,4,9,financial_analyst
8,8,5,6,4,9,5,6,8,7,6,9,mechanical_engineer
8,10,5,4,4,10,8,9,6,6,5,7,software_engineer
7,7,5,7,3,6,8,6,5,4,5,4,environmental_scientist
4,4,4,7,8,6,5,4,5,7,7,1,hr_manager
7,8,6,6,4,7,5,5,6,7,6,8,industrial_engineer
9,7,5,5,3,6,6,4,8,6,5,7,chemical_engineer
7,8,6,5,4,9,7,8,8,5,6,9,mechanical_engineer
9,8,5,5,4,8,8,8,7,6,7,9,data_scientist
6,8,5,5,5,9,6,7,10,6,6,9,mechanical_engineer
6,8,4,5,5,6,7,6,7,6,4,7,civil_engineer
7,8,5,5,4,7,8,6,10,7,7,5,devops_engineer
5,6,6,9,7,4,6,5,6,8,7,3,teacher
4,7,4,9,9,6,6,7,6,9,8,4,project_manager
6,8,4,4,4,8,7,6,9,7,6,6,devops_engineer
8,8,7,6,4,9,10,9,8,7,6,8,ai_machine_learning_engineer
9,6,4,6,6,9,5,5,9,8,7,3,physician
7,6,5,7,5,7,5,5,7,6,8,8,civil_engineer
5,5,8,5,4,8,6,5,7,2,7,2,ui_designer
6,8,5,5,5,8,6,4,8,5,6,7,civil_engineer
7,7,7,6,7,7,7,6,5,8,9,4,product_manager
9,5,5,6,3,8,7,6,8,5,6,6,chemical_engineer
7,7,2,5,3,5,5,5,9,6,6,9,financial_analyst
7,7,5,7,6,6,6,6,7,6,8,7,industrial_engineer
5,5,8,7,4,8,6,7,6,4,6,3,ux_designer
6,6,7,10,9,8,9,7,4,9,5,4,entrepreneur
9,9,6,5,5,6,6,6,8,5,6,8,mechanical_engineer
8,7,3,7,7,7,5,4,6,6,7,7,industrial_engineer
7,8,5,5,7,8,6,6,8,6,7,7,industrial_engineer
5,5,8,7,2,6,7,8,9,4,5,3,ui_designer
5,4,7,7,2,5,8,6,7,4,3,2,content_writer
7,8,5,6,6,8,7,7,7,8,8,4,devops_engineer
7,7,3,9,6,7,6,7,7,6,5,3,lawyer
5,5,6,9,6,6,5,4,5,8,7,3,teacher
6,6,4,6,5,6,9,7,7,7,7,4,environmental_scientist
4,4,4,9,7,6,5,3,7,7,7,2,hr_manager
6,6,5,10,3,5,8,6,6,7,5,2,psychologist
5,4,10,5,1,5,8,6,9,4,6,2,graphic_designer
7,7,7,5,3,7,8,6,8,4,5,5,biotechnologist
8,9,6,6,4,7,7,8,7,7,7,6,devops_engineer
8,6,2,7,5,4,4,4,9,5,5,4,pharmacist
4,5,4,8,6,5,4,4,5,7,9,3,hr_manager
8,7,6,5,3,8,6,8,7,7,5,6,cloud_engineer
4,4,4,9,7,6,5,4,5,8,7,3,hr_manager
8,5,4,6,4,7,7,6,9,6,6,8,chemical_engineer
5,6,7,7,7,8,6,5,5,6,8,3,marketing_manager
7,6,8,7,4,7,7,6,6,6,6,2,ux_designer
7,9,5,9,6,7,6,4,9,9,4,4,lawyer
6,6,6,6,5,6,7,6,7,5,6,3,ux_designer
4,7,5,8,8,4,5,5,6,8,8,4,project_manager
7,7,5,5,5,6,9,6,6,5,5,7,environmental_scientist
7,9,4,4,3,7,4,5,8,6,6,6,database_administrator
10,9,6,5,4,7,9,9,7,5,5,9,data_scientist
6,5,1,5,4,5,4,3,9,5,5,8,accountant
7,8,4,5,6,7,6,7,7,7,6,6,devops_engineer
8,8,6,5,4,8,10,9,8,7,7,8,research_scientist
8,9,5,5,3,7,6,7,6,6,5,4,backend_developer
5,6,4,7,9,5,6,4,6,8,8,3,project_manager
8,7,5,8,5,7,6,6,7,5,6,7,business_analyst
6,5,10,8,9,8,8,7,3,10,6,4,entrepreneur
7,8,5,5,3,6,4,6,10,7,6,6,chemical_engineer
8,8,6,4,3,9,6,5,8,7,6,9,mechanical_engineer
8,7,6,5,4,9,7,8,9,8,6,6,cybersecurity_analyst
6,7,9,10,5,6,7,5,5,5,8,3,marketing_manager
8,5,6,6,2,6,7,6,7,6,6,6,environmental_scientist
9,10,7,5,2,8,7,8,6,6,6,5,backend_developer
7,9,5,3,4,8,6,8,6,7,6,5,backend_developer
4,5,9,6,2,6,4,6,8,5,7,1,graphic_designer
6,4,8,9,8,8,8,6,4,9,7,4,entrepreneur
9,10,6,7,4,9,8,7,7,4,7,7,software_engineer
9,7,7,4,4,9,10,7,7,7,5,7,research_scientist
5,5,7,9,7,6,6,6,5,7,8,2,marketing_manager
10,8,2,6,3,6,5,5,9,6,6,7,financial_analyst
7,7,5,7,5,7,4,5,6,5,7,6,civil_engineer
8,4,5,8,3,7,7,4,6,7,7,1,psychologist
7,6,5,5,5,9,7,6,7,7,7,5,devops_engineer
5,5,7,8,3,5,7,5,6,5,4,3,content_writer
5,5,6,9,5,4,5,5,6,6,7,4,teacher
6,5,8,8,3,4,8,6,6,4,3,1,content_writer
8,6,5,7,7,8,6,6,9,10,6,5,physician
7,7,4,8,6,8,6,5,7,7,5,2,lawyer
6,6,9,8,9,7,7,7,5,8,7,6,product_manager
5,6,7,7,8,8,9,6,5,7,9,5,product_manager
8,8,6,5,5,8,8,10,6,6,5,8,ai_machine_learning_engineer
8,8,6,4,5,8,7,7,8,5,4,6,biotechnologist
6,6,6,5,6,8,5,5,7,5,6,7,civil_engineer
7,7,5,9,6,7,4,5,8,9,4,3,lawyer
7,7,5,5,5,7,9,6,7,6,6,8,environmental_scientist
8,7,7,4,3,8,9,6,9,5,4,7,biotechnologist
6,8,4,9,5,7,5,5,7,9,5,3,lawyer
5,5,9,9,6,7,6,4,6,6,9,2,marketing_manager
6,9,5,4,3,9,6,8,8,7,6,4,backend_developer
7,7,5,5,3,6,6,5,9,7,6,8,chemical_engineer
4,5,4,8,8,6,4,4,7,8,9,4,project_manager
4,6,8,6,3,5,8,6,6,4,5,1,content_writer
6,6,2,6,4,4,5,6,9,6,6,5,pharmacist
8,9,6,5,5,9,8,7,8,7,6,7,software_engineer
5,5,1,4,4,6,3,3,8,5,3,8,accountant
5,5,3,8,8,6,6,6,7,10,9,4,project_manager
6,8,2,4,2,6,6,6,10,6,5,7,database_administrator
7,6,4,5,3,8,8,6,8,6,7,5,cloud_engineer
5,5,8,8,5,7,7,6,6,3,6,2,ux_designer
7,5,6,6,4,6,8,6,7,4,7,4,ux_designer
6,5,2,5,3,5,2,3,10,6,4,7,accountant
7,6,7,7,8,8,8,6,5,7,8,4,product_manager
9,6,4,7,4,6,9,7,8,5,6,5,environmental_scientist
6,6,8,7,4,8,7,4,7,5,6,3,ux_designer
8,10,5,1,2,9,7,8,8,7,6,7,backend_developer
9,6,7,4,4,8,8,9,8,6,4,6,research_scientist
6,7,6,9,7,7,5,6,5,6,7,4,product_manager
9,9,6,6,5,8,6,6,9,7,6,9,mechanical_engineer
7,4,5,9,4,6,7,4,6,8,4,2,psychologist
4,5,8,6,2,5,5,6,6,4,4,2,graphic_designer
4,4,4,9,8,5,5,3,6,8,8,3,hr_manager
9,9,5,4,5,8,5,6,7,7,5,8,chemical_engineer
5,6,9,6,4,8,6,5,8,4,7,5,architect
7,9,5,5,3,9,9,8,9,8,4,6,cybersecurity_analyst
6,7,3,9,6,7,7,5,8,8,5,3,lawyer
4,7,2,7,9,6,5,4,7,9,9,4,project_manager
9,9,7,5,4,10,8,10,8,7,7,9,ai_machine_learning_engineer
5,3,4,10,6,5,6,4,4,6,8,3,hr_manager
4,6,8,10,6,5,7,5,5,5,6,2,marketing_manager
5,7,2,8,4,4,5,6,9,5,6,4,pharmacist
8,8,4,5,4,7,5,7,8,6,7,8,electrical_engineer
7,7,4,6,5,6,5,6,7,6,6,6,industrial_engineer
7,7,5,6,3,8,7,6,9,5,5,7,mechanical_engineer
7,6,6,8,7,8,8,6,4,7,8,5,product_manager
8,8,5,4,3,8,8,8,9,7,5,5,cybersecurity_analyst
8,9,5,4,4,7,8,7,6,5,5,6,backend_developer
7,6,1,6,4,6,5,4,9,5,4,5,pharmacist
7,7,4,5,4,8,7,6,8,6,7,8,electrical_engineer
9,10,4,4,3,8,8,7,7,6,7,7,backend_developer
6,5,6,7,7,7,7,7,4,6,9,4,product_manager
7,8,8,4,4,9,8,7,6,5,7,6,game_developer
6,6,2,5,3,4,5,5,8,7,6,5,pharmacist
4,5,9,8,5,6,6,5,5,5,7,3,marketing_manager
5,6,8,6,6,7,8,4,8,6,6,5,architect
7,7,9,3,3,10,8,7,7,6,6,5,game_developer
6,4,9,5,3,5,6,5,7,4,6,1,graphic_designer
9,8,8,5,3,9,9,9,7,6,7,10,ai_machine_learning_engineer
8,6,4,6,6,7,7,5,7,4,6,6,business_analyst
6,4,10,7,10,8,9,7,4,8,6,4,entrepreneur
9,9,5,4,5,9,7,8,9,7,5,7,cybersecurity_analyst
5,5,4,8,6,7,6,4,7,10,8,3,project_manager
5,6,8,8,2,5,6,7,6,4,4,2,content_writer
4,6,8,8,4,8,6,5,8,4,5,4,ux_designer
9,9,6,4,4,8,7,6,6,6,5,5,backend_developer
7,8,5,10,7,7,6,5,9,7,5,3,lawyer
5,6,7,9,6,6,6,6,5,5,7,3,teacher
9,8,6,5,4,8,5,6,9,7,4,10,electrical_engineer
6,8,5,6,5,6,6,5,7,6,7,6,industrial_engineer
5,5,8,7,4,6,7,6,8,5,5,4,ui_designer
4,5,9,5,3,4,6,6,7,4,5,1,graphic_designer
9,5,0,6,4,5,5,5,10,3,5,5,pharmacist
4,5,5,10,5,4,7,4,5,8,6,4,teacher
4,5,8,7,4,5,7,7,6,5,3,2,content_writer
7,6,6,3,5,7,8,6,7,5,6,5,biotechnologist
6,7,5,8,8,4,4,6,6,9,8,4,project_manager
5,7,8,7,3,7,7,7,7,4,6,3,ux_designer
3,6,8,8,5,6,8,6,5,4,2,3,content_writer
8,8,3,5,3,7,5,5,8,7,5,5,database_administrator
6,7,5,4,3,4,3,4,9,6,5,7,accountant
4,4,9,7,3,6,6,6,7,5,5,3,ui_designer
3,4,5,10,5,5,5,5,6,8,8,2,hr_manager
5,5,8,8,3,5,7,4,6,3,2,2,content_writer
7,7,1,6,4,5,5,5,10,6,5,6,pharmacist
6,6,8,6,3,6,7,7,7,4,7,3,ux_designer
7,5,5,9,4,7,6,6,6,9,5,2,psychologist
4,5,10,5,2,5,7,5,7,3,5,2,graphic_designer
7,7,4,6,5,6,7,7,7,6,5,7,business_analyst
5,4,5,9,6,6,6,4,5,6,7,5,teacher
5,3,5,10,6,5,6,4,6,8,9,2,hr_manager
6,4,4,9,9,4,4,6,5,6,7,2,hr_manager
9,8,8,6,4,8,10,8,7,7,6,9,ai_machine_learning_engineer
6,5,2,5,4,5,6,4,9,7,5,5,pharmacist
4,4,4,9,8,5,5,4,6,8,8,1,hr_manager
10,7,6,6,5,7,10,8,7,7,6,7,data_scientist
7,8,4,10,7,7,5,5,7,7,4,3,lawyer
5,3,9,5,4,5,5,5,7,5,6,2,graphic_designer
6,6,8,6,9,8,9,7,4,9,6,5,entrepreneur
4,6,5,9,9,8,5,5,6,7,9,5,project_manager
10,10,7,6,4,8,10,9,7,6,6,10,ai_machine_learning_engineer
7,8,5,5,3,7,5,6,9,8,6,3,devops_engineer
6,6,3,9,9,5,4,6,5,8,7,3,project_manager
6,8,3,6,6,7,5,2,6,8,7,7,industrial_engineer
6,5,4,6,5,6,9,5,7,5,6,4,environmental_scientist
4,4,10,4,1,4,6,5,7,4,5,1,graphic_designer
5,5,9,7,3,6,6,6,7,5,6,2,ui_designer
6,6,2,5,4,4,2,3,10,4,2,8,accountant
8,8,3,3,5,6,5,4,9,7,4,6,database_administrator
7,6,1,6,3,5,5,5,9,6,6,4,pharmacist
8,9,5,4,2,8,6,10,8,5,5,6,embedded_systems_engineer
8,8,6,4,4,6,7,6,9,6,5,7,chemical_engineer
7,8,5,4,5,8,8,7,8,7,5,5,devops_engineer
8,8,9,4,2,8,8,7,7,5,5,5,game_developer
6,6,6,9,8,6,4,6,6,7,8,4,project_manager
5,6,3,7,7,4,5,6,7,9,9,5,project_manager
9,7,4,6,7,6,6,6,8,10,6,6,physician
9,8,5,4,4,8,6,7,8,6,5,7,embedded_systems_engineer
6,7,9,7,3,9,8,7,6,6,7,6,game_developer
7,6,6,4,5,7,7,5,9,4,5,8,architect
8,6,4,8,5,7,6,6,7,6,6,6,business_analyst
6,7,7,8,8,6,7,6,6,8,8,4,product_manager
6,5,6,9,7,8,8,7,5,7,8,5,product_manager
3,4,5,9,9,6,5,4,4,8,8,6,project_manager
6,7,3,6,4,7,5,5,10,5,5,5,pharmacist
4,5,9,4,2,5,6,4,8,3,4,2,graphic_designer
7,6,4,6,6,6,9,6,7,5,7,5,environmental_scientist
6,4,4,9,8,5,5,4,7,9,8,4,project_manager
8,8,6,5,5,9,8,8,9,10,5,6,cybersecurity_analyst
9,6,5,6,6,7,6,6,7,5,4,7,chemical_engineer
5,5,6,9,6,6,5,4,5,7,7,5,teacher
8,7,5,6,3,9,7,9,7,6,6,6,software_engineer
5,4,4,9,9,6,4,4,5,7,8,2,hr_manager
8,7,2,6,4,5,5,4,10,7,4,8,financial_analyst
8,9,6,5,2,7,7,6,9,6,7,6,embedded_systems_engineer
6,6,7,7,4,7,6,6,8,6,5,4,architect
5,5,8,8,6,7,7,6,5,6,7,4,marketing_manager
6,7,3,8,7,5,5,5,5,7,8,5,project_manager
7,7,5,6,6,6,6,5,8,5,6,7,industrial_engineer
8,9,5,5,3,9,8,8,7,6,5,5,backend_developer
7,7,9,5,3,8,8,6,9,5,7,6,game_developer
8,9,5,4,3,8,7,7,7,7,5,6,backend_developer
7,5,6,10,9,7,8,6,7,6,7,4,product_manager
4,5,4,10,7,5,6,4,7,5,9,1,hr_manager
6,10,6,6,5,8,6,6,7,7,5,9,mechanical_engineer
7,8,3,10,6,7,6,7,10,8,4,2,lawyer
7,8,5,6,6,8,5,5,9,6,7,6,civil_engineer
8,9,6,5,4,10,10,9,7,5,6,9,ai_machine_learning_engineer
8,7,5,5,6,9,8,7,8,6,5,8,electrical_engineer
8,9,7,5,5,9,10,9,7,7,7,9,ai_machine_learning_engineer
8,10,6,5,2,8,7,6,7,6,7,4,backend_developer
5,7,4,6,4,6,8,5,7,4,6,6,environmental_scientist
7,5,8,8,2,7,8,6,7,4,6,2,ux_designer
6,5,6,7,8,6,7,5,6,7,8,5,product_manager
8,8,5,7,4,8,6,5,9,8,8,4,physician
6,5,5,9,3,6,7,5,7,6,5,3,psychologist
10,7,7,5,3,8,7,7,9,6,4,5,biotechnologist
7,6,5,7,8,7,8,5,4,7,9,5,product_manager
7,6,1,4,4,5,3,3,10,6,3,7,accountant
6,5,7,9,7,5,7,4,5,8,8,5,teacher
6,9,6,4,4,8,5,7,8,4,5,8,mechanical_engineer
9,8,2,3,2,6,5,5,9,5,6,6,database_administrator
6,8,4,4,4,9,8,8,10,8,5,6,cybersecurity_analyst
5,4,4,10,7,4,6,4,6,8,9,3,hr_manager
6,8,6,6,5,7,4,6,8,6,7,7,industrial_engineer
9,10,6,4,4,9,9,7,7,6,6,7,software_engineer
6,6,8,9,9,7,8,6,4,10,6,5,entrepreneur
8,6,4,7,5,6,7,6,7,4,7,8,business_analyst
8,10,5,4,3,9,6,8,8,5,4,7,embedded_systems_engineer
8,9,4,4,5,7,6,6,7,7,5,9,electrical_engineer
4,5,2,9,5,7,5,3,8,9,9,3,nurse
8,8,3,7,8,9,5,6,9,8,8,5,physician
7,6,3,5,5,4,7,4,10,5,5,5,pharmacist
6,5,7,8,7,8,8,7,5,8,9,4,product_manager
7,8,6,6,4,6,10,5,7,4,7,5,environmental_scientist
9,7,7,6,4,8,8,8,9,7,6,6,biotechnologist
5,5,6,8,4,6,7,5,6,7,6,1,psychologist
8,6,4,6,4,5,8,5,7,5,7,6,environmental_scientist
8,10,5,4,3,10,5,6,7,7,5,5,embedded_systems_engineer
7,7,4,9,6,7,6,5,8,9,5,4,lawyer
7,10,7,4,4,8,6,7,7,6,5,8,embedded_systems_engineer
8,7,3,5,3,7,5,6,7,7,5,6,database_administrator
9,7,8,5,2,8,10,8,7,6,5,6,research_scientist
4,5,9,6,3,7,5,6,8,5,4,4,ui_designer
8,8,3,5,2,7,5,6,9,5,5,6,database_administrator
7,7,3,7,6,8,4,5,8,6,5,7,industrial_engineer
8,7,4,5,4,8,6,6,8,7,7,7,electrical_engineer
5,5,8,8,3,6,8,5,5,4,3,2,content_writer
8,8,6,4,4,8,6,6,8,6,5,8,electrical_engineer
7,9,5,5,3,7,7,8,7,6,5,5,backend_developer
9,8,3,5,4,8,5,6,9,6,6,7,chemical_engineer
7,6,7,4,3,7,6,7,6,5,6,5,frontend_developer
7,8,6,6,4,8,4,3,7,7,5,6,civil_engineer
7,7,5,5,4,8,5,5,8,6,6,8,electrical_engineer
9,7,6,5,4,8,9,9,7,4,6,8,data_scientist
8,9,4,4,4,7,7,8,7,7,6,6,backend_developer
8,9,5,4,5,9,7,5,8,9,7,4,devops_engineer
9,7,6,7,5,8,9,8,8,7,7,9,data_scientist
8,7,6,5,4,8,7,7,8,6,5,8,mechanical_engineer
5,5,6,9,6,5,6,6,6,8,7,5,teacher
9,7,7,4,4,8,9,8,9,7,6,8,research_scientist
10,8,8,5,5,8,8,8,7,5,5,6,research_scientist
6,7,10,6,5,8,6,5,7,7,6,6,architect
6,8,4,5,5,9,7,9,8,8,6,5,devops_engineer
8,7,4,5,7,7,6,5,8,7,7,6,industrial_engineer
9,9,8,7,5,7,10,7,8,6,6,7,research_scientist
8,6,5,10,4,7,7,5,4,6,5,3,psychologist
8,7,3,4,3,7,5,7,9,5,4,5,database_administrator
9,6,4,5,4,7,6,7,8,7,4,7,chemical_engineer
5,5,3,4,3,5,4,4,9,6,4,8,accountant
7,9,5,6,3,9,6,6,7,6,6,8,mechanical_engineer
8,8,4,7,4,6,6,6,7,5,4,6,business_analyst
5,6,8,8,4,5,7,7,7,4,5,3,ux_designer
8,7,3,4,3,7,5,7,8,6,6,6,database_administrator
6,6,2,5,4,7,2,4,9,6,3,10,accountant
5,4,4,8,8,6,5,3,7,7,8,0,hr_manager
8,8,5,4,3,8,6,5,9,6,7,8,chemical_engineer
8,6,5,5,5,7,7,8,8,6,4,4,devops_engineer
7,8,5,5,4,8,6,4,8,7,7,8,mechanical_engineer
8,7,5,7,5,7,5,7,6,6,7,7,industrial_engineer
9,9,6,5,3,7,8,7,7,5,6,6,backend_developer
7,8,6,5,5,8,6,5,8,6,6,9,mechanical_engineer
6,5,8,7,4,6,8,6,8,4,5,3,ui_designer
3,5,10,4,3,6,8,4,7,3,5,4,graphic_designer
9,8,6,5,5,6,9,5,8,6,5,7,biotechnologist
7,6,4,8,5,6,6,5,6,5,7,7,business_analyst
6,5,5,6,8,6,4,5,7,8,7,3,project_manager
5,6,9,7,2,6,5,6,6,4,8,4,ui_designer
6,10,5,3,5,9,6,6,8,8,6,5,devops_engineer
8,8,4,4,3,7,5,6,9,6,7,7,database_administrator
7,8,6,6,4,9,6,5,8,5,5,8,electrical_engineer
7,8,5,5,6,7,6,7,9,6,8,7,civil_engineer
8,8,5,5,4,8,5,5,8,7,6,8,mechanical_engineer
5,10,8,6,4,7,6,7,8,4,7,4,frontend_developer
7,6,6,5,4,7,8,6,9,6,6,5,biotechnologist
5,4,4,9,7,5,5,4,6,7,7,2,hr_manager
6,5,6,8,9,9,6,6,5,8,7,5,entrepreneur
8,7,5,5,6,7,3,4,6,7,8,7,industrial_engineer
9,8,5,5,4,9,8,9,7,6,4,6,software_engineer
8,8,3,3,4,8,7,8,8,5,5,7,embedded_systems_engineer
7,6,5,7,4,4,7,6,7,4,5,4,environmental_scientist
6,7,9,7,4,6,7,6,8,3,8,3,ux_designer
8,8,5,5,5,9,7,7,9,8,5,5,devops_engineer
9,8,6,4,5,6,10,7,7,7,6,6,biotechnologist
8,6,1,7,4,4,6,4,8,5,5,4,pharmacist
7,9,5,4,4,9,7,6,8,6,6,6,backend_developer
9,7,4,6,4,7,4,4,8,6,4,8,financial_analyst
5,5,8,5,6,7,6,5,8,6,6,6,architect
9,9,7,6,5,9,7,7,8,7,5,7,biotechnologist
6,4,5,9,2,7,6,5,5,6,6,1,psychologist
9,8,5,4,2,8,7,8,8,7,4,8,embedded_systems_engineer
6,5,7,8,8,5,8,6,6,7,7,5,product_manager
7,5,8,5,6,8,6,5,9,4,5,5,architect
8,7,5,5,5,9,5,6,7,5,7,6,civil_engineer
5,6,3,8,7,6,4,5,7,8,8,3,hr_manager
8,8,4,6,6,8,6,6,7,5,7,8,industrial_engineer
3,4,8,9,3,5,8,5,7,3,3,2,content_writer
5,6,5,9,8,5,5,5,7,9,8,4,project_manager
9,9,8,4,4,10,8,8,6,7,5,9,ai_machine_learning_engineer
8,10,3,5,3,7,5,5,10,6,5,5,database_administrator
5,5,8,9,6,6,5,5,6,5,8,3,marketing_manager
7,5,2,7,5,6,5,6,8,7,9,4,nurse
8,6,3,6,3,5,4,4,9,6,6,5,pharmacist
6,7,1,5,4,4,5,5,8,7,3,7,accountant
7,8,9,5,5,9,9,7,7,6,7,6,game_developer
6,8,8,5,3,7,7,7,7,4,5,5,frontend_developer
9,7,7,8,5,6,6,5,6,5,6,9,business_analyst
5,5,4,7,8,4,5,4,5,9,8,3,project_manager
4,3,4,9,6,6,5,4,5,7,8,2,hr_manager
7,5,5,6,4,6,8,8,8,4,6,5,environmental_scientist
9,9,4,5,3,9,7,7,9,6,4,7,embedded_systems_engineer
8,7,4,4,2,7,5,7,8,6,4,6,database_administrator
3,4,4,9,8,6,5,3,6,9,7,2,hr_manager
5,7,1,7,3,6,4,6,8,5,4,5,pharmacist
8,7,5,7,4,8,6,6,7,5,3,8,electrical_engineer
6,5,7,10,6,6,7,5,5,7,7,3,teacher
8,9,5,5,3,8,8,8,8,6,7,6,devops_engineer
8,9,7,6,5,9,9,10,6,7,7,10,ai_machine_learning_engineer
6,6,9,5,3,8,9,7,8,5,7,8,game_developer
8,7,3,7,5,8,8,7,4,5,6,5,business_analyst
5,5,6,10,5,5,6,5,4,7,7,4,teacher
8,8,7,5,5,9,6,7,8,5,5,8,mechanical_engineer
8,8,5,6,3,8,7,5,7,5,5,7,electrical_engineer
8,8,10,7,4,8,9,8,7,6,5,7,game_developer
8,7,5,6,5,6,8,6,7,5,5,4,environmental_scientist
9,9,7,6,4,10,8,10,7,6,6,9,ai_machine_learning_engineer
8,7,2,6,3,4,6,5,10,7,4,4,pharmacist
9,8,6,5,5,8,7,7,9,6,5,9,mechanical_engineer
4,6,10,7,4,7,6,6,6,4,6,4,ui_designer
10,9,5,3,3,6,5,6,5,6,5,7,backend_developer
7,7,4,6,6,7,6,7,7,5,7,6,business_analyst
6,6,3,9,4,5,5,6,7,8,8,3,nurse
8,7,5,4,4,9,5,7,9,7,5,9,mechanical_engineer
5,5,9,9,8,7,9,9,5,9,5,5,entrepreneur
7,9,3,3,3,7,5,6,9,6,5,7,database_administrator
8,8,2,3,4,9,5,5,9,5,6,7,database_administrator
8,7,5,6,5,7,6,9,8,7,6,6,cloud_engineer
4,6,9,9,6,7,6,5,5,6,7,5,marketing_manager
4,4,9,6,3,5,6,6,8,5,6,4,ui_designer
8,8,6,7,6,7,6,6,9,8,8,5,physician
7,5,4,7,5,4,4,5,8,7,6,5,pharmacist
4,6,9,6,2,6,6,5,8,2,6,4,ui_designer
8,7,5,6,6,7,7,7,9,9,7,5,physician
5,5,9,8,9,8,9,6,3,7,6,5,entrepreneur
4,5,10,5,4,6,7,7,10,4,5,2,ui_designer
9,8,8,5,4,9,8,9,6,6,6,9,ai_machine_learning_engineer
8,10,5,5,3,7,8,7,9,7,5,7,cybersecurity_analyst
5,6,6,9,7,5,7,4,4,7,7,4,teacher
6,7,7,5,3,6,6,7,5,5,7,4,frontend_developer
6,6,8,6,6,7,5,5,7,5,6,7,architect
10,7,7,5,3,9,9,7,7,5,5,7,research_scientist
7,5,2,5,4,4,4,5,9,6,5,6,pharmacist
6,6,7,6,4,6,5,5,7,4,7,7,architect
5,5,4,9,6,6,6,4,7,7,8,0,hr_manager
7,7,5,6,5,4,5,4,8,4,7,7,industrial_engineer
8,9,5,5,3,9,6,6,6,5,6,5,backend_developer
6,7,9,8,9,7,8,7,4,9,6,5,entrepreneur
4,6,9,6,4,8,7,5,6,6,6,8,architect
4,3,9,3,3,4,7,4,7,3,5,1,graphic_designer
7,6,6,6,4,6,9,5,7,5,6,5,environmental_scientist
6,8,6,6,5,7,4,5,7,6,7,8,civil_engineer
9,7,8,5,4,8,9,8,6,5,5,6,research_scientist
9,10,5,5,3,7,7,5,8,7,5,6,embedded_systems_engineer
9,9,7,4,5,9,8,8,6,6,6,8,software_engineer
7,8,5,4,4,7,7,8,9,8,5,5,cybersecurity_analyst
7,7,6,5,4,6,9,5,8,6,3,6,biotechnologist
10,8,7,4,4,9,8,9,8,6,7,7,software_engineer
5,6,3,5,3,5,2,4,9,5,3,7,accountant
8,7,6,5,5,6,7,6,8,6,4,5,biotechnologist
10,9,7,5,4,7,9,7,7,5,4,10,data_scientist
10,9,5,5,5,8,8,8,7,7,6,9,software_engineer
4,6,7,7,4,5,6,5,5,4,3,3,content_writer
9,8,6,4,2,8,6,7,8,6,6,5,backend_developer
8,8,6,7,4,5,5,5,8,6,6,7,civil_engineer
7,6,7,7,9,8,8,7,4,9,6,5,entrepreneur
7,7,8,4,3,7,7,6,8,5,7,5,frontend_developer
7,6,5,7,5,6,5,5,7,6,6,6,civil_engineer
9,10,7,4,4,9,8,7,6,6,7,10,ai_machine_learning_engineer
7,6,3,6,4,6,6,5,9,6,5,5,pharmacist
6,7,6,7,4,8,6,6,7,4,7,4,frontend_developer
9,10,6,5,2,8,7,7,7,5,5,8,embedded_systems_engineer
8,7,4,8,4,6,5,7,6,4,7,6,business_analyst
5,3,6,7,8,4,6,5,6,7,8,2,hr_manager
8,9,5,5,6,8,6,7,8,6,5,7,electrical_engineer
4,6,4,8,9,7,4,3,5,9,8,4,project_manager
5,7,3,8,9,5,5,5,6,8,7,2,project_manager
8,7,8,6,5,7,4,4,9,6,6,8,civil_engineer
8,9,6,4,5,8,10,9,8,6,5,7,research_scientist
7,5,9,4,3,9,8,6,7,6,7,6,game_developer
5,5,6,9,5,6,6,5,6,8,5,2,psychologist
7,10,4,6,4,7,6,4,9,5,5,8,electrical_engineer
7,6,4,6,5,6,4,3,7,6,7,8,industrial_engineer
7,6,4,7,4,6,4,5,8,6,5,4,pharmacist
6,8,5,4,4,8,8,7,7,7,6,5,devops_engineer
5,6,4,9,7,5,5,5,6,9,9,3,project_manager
8,8,4,4,4,5,6,5,8,7,4,7,financial_analyst
8,6,5,6,4,6,7,6,8,5,5,4,environmental_scientist
7,7,4,9,6,7,6,6,7,7,6,4,lawyer
9,7,3,5,3,8,7,5,8,6,5,7,electrical_engineer
8,8,3,3,2,7,4,6,9,6,4,5,database_administrator
4,5,4,7,8,5,5,4,5,9,9,4,project_manager
8,8,10,5,3,9,8,6,8,5,8,5,game_developer
6,7,9,7,6,7,7,6,8,5,5,7,architect
8,6,6,5,7,7,6,4,8,5,5,7,industrial_engineer
10,7,6,4,4,7,8,7,9,6,5,6,research_scientist
8,8,4,9,5,8,6,6,8,9,5,3,lawyer
8,7,5,7,5,9,5,6,8,6,6,5,civil_engineer
5,6,2,4,3,5,3,5,8,5,4,8,accountant
5,6,8,6,3,7,6,6,7,4,6,4,ui_designer
8,6,5,7,4,6,8,6,8,4,7,6,environmental_scientist
9,9,6,6,5,8,8,7,7,7,6,5,cloud_engineer
6,5,7,8,9,7,7,6,3,9,7,5,entrepreneur
9,7,4,8,6,8,5,5,8,8,7,6,physician
7,8,7,5,3,8,5,5,8,6,5,9,mechanical_engineer
5,6,6,6,3,6,7,6,6,5,7,4,frontend_developer
4,6,5,8,6,4,6,6,5,7,7,4,teacher
9,8,7,4,4,9,9,10,7,6,6,10,ai_machine_learning_engineer
10,8,6,6,2,10,7,8,7,7,3,5,software_engineer
7,7,10,3,4,8,8,8,9,6,8,5,game_developer
6,6,7,5,4,6,9,5,6,4,6,5,environmental_scientist
5,6,6,7,8,8,8,5,5,6,9,4,product_manager
6,5,4,9,9,5,5,5,5,7,9,5,project_manager
8,7,3,7,6,7,7,7,10,8,5,5,physician
5,6,8,6,4,6,6,7,6,4,6,1,ui_designer
8,7,7,6,4,9,9,9,6,7,5,7,software_engineer
8,7,5,7,5,7,5,7,9,10,6,4,physician
6,5,7,8,4,5,6,5,7,5,3,3,content_writer
6,9,5,5,4,8,8,7,8,7,5,5,devops_engineer
7,10,3,3,2,7,5,7,10,6,5,6,database_administrator
5,5,7,8,5,5,5,6,6,5,6,6,teacher
5,5,5,10,7,5,7,4,5,7,6,3,teacher
7,7,7,6,4,8,6,8,8,6,7,7,mechanical_engineer
4,5,7,10,5,5,6,5,5,6,7,4,marketing_manager
9,8,6,4,3,7,9,8,7,6,5,8,research_scientist
7,7,3,9,6,8,7,6,7,8,5,3,lawyer
9,7,6,6,4,8,6,7,9,6,5,8,chemical_engineer
4,4,3,9,6,6,5,6,10,8,9,4,nurse
7,6,6,10,8,7,8,5,5,7,8,3,product_manager
6,6,3,7,5,4,6,5,9,7,5,6,pharmacist
10,7,7,4,5,7,7,7,6,6,4,6,biotechnologist
6,5,3,7,4,6,4,5,8,8,7,3,nurse
6,7,7,7,5,7,3,6,7,6,6,7,industrial_engineer
7,10,7,4,3,8,6,6,7,6,6,6,backend_developer
8,8,8,4,2,7,8,8,7,5,7,6,game_developer
4,3,8,5,3,5,6,5,10,5,5,1,graphic_designer
4,5,8,6,2,5,6,6,7,4,4,2,graphic_designer
7,7,7,7,4,7,7,6,8,5,6,1,ux_designer
6,5,8,6,5,7,6,4,9,5,4,6,architect
6,5,9,5,4,6,4,8,9,5,5,3,ui_designer
10,10,6,5,4,10,9,10,8,5,6,8,ai_machine_learning_engineer
8,7,6,8,8,6,8,5,5,7,8,4,product_manager
9,9,7,6,3,8,6,7,8,7,6,7,mechanical_engineer
6,5,3,5,3,5,4,4,9,4,5,8,accountant
5,6,8,9,6,6,5,4,5,6,8,3,marketing_manager
8,7,6,5,5,8,10,7,8,8,6,8,data_scientist
6,7,9,7,5,6,6,6,8,4,5,3,ux_designer
8,9,6,5,4,8,8,7,6,6,5,8,software_engineer
8,9,4,6,2,9,9,7,8,7,5,8,cybersecurity_analyst
9,9,7,5,4,9,9,10,8,5,6,10,ai_machine_learning_engineer
8,6,4,5,6,6,5,6,7,6,8,7,industrial_engineer
8,7,7,6,5,7,9,7,8,6,5,6,biotechnologist
8,8,6,5,3,8,8,8,9,7,6,5,devops_engineer
6,10,3,10,6,7,5,6,9,8,4,3,lawyer
4,5,9,7,3,6,6,6,10,4,6,2,ui_designer
8,7,5,3,3,8,5,5,9,7,6,9,mechanical_engineer
3,5,8,8,2,6,7,5,5,4,5,1,content_writer
3,3,8,5,1,5,6,5,7,5,6,2,graphic_designer
4,6,7,8,7,7,6,4,4,6,7,2,marketing_manager
9,6,3,7,5,8,6,6,7,6,6,6,business_analyst
6,6,2,4,2,5,3,3,9,4,3,9,accountant
9,10,6,3,2,8,7,9,8,5,4,7,embedded_systems_engineer
5,5,8,8,9,5,8,8,4,10,6,5,entrepreneur
4,4,3,7,5,6,4,5,8,8,9,4,nurse
5,4,10,6,1,4,6,4,7,4,5,2,graphic_designer
8,9,6,5,4,7,5,5,8,4,5,8,electrical_engineer
9,8,4,5,4,8,4,7,7,7,6,7,electrical_engineer
6,6,7,8,4,5,6,6,7,2,2,1,content_writer
7,4,2,5,3,4,5,6,9,6,4,6,pharmacist
8,9,5,5,6,8,6,6,8,7,5,8,electrical_engineer
8,6,7,5,4,7,8,9,9,6,5,6,biotechnologist
7,7,8,5,4,8,9,7,7,5,6,5,game_developer
4,3,8,6,0,4,5,6,7,4,5,2,graphic_designer
7,7,3,3,4,8,7,7,9,6,5,5,database_administrator
7,5,2,7,2,5,4,6,10,8,5,5,pharmacist
7,7,6,4,4,8,5,4,8,5,6,7,chemical_engineer
7,8,4,6,5,7,5,6,9,6,6,9,electrical_engineer
10,7,6,6,5,8,9,9,9,7,7,9,data_scientist
8,7,4,8,6,8,6,6,9,8,8,4,physician
7,6,9,6,4,7,6,6,8,3,5,5,architect
9,6,4,5,4,6,5,7,7,5,4,8,financial_analyst
6,8,4,10,4,6,6,5,9,8,5,4,lawyer
5,5,10,6,4,5,4,7,8,4,4,3,ui_designer
6,4,9,6,5,7,4,4,6,4,7,6,architect
5,6,2,4,3,5,6,5,9,8,5,6,pharmacist
9,6,5,4,4,5,7,6,7,5,7,9,chemical_engineer
6,6,1,4,5,6,3,4,9,5,4,10,accountant
9,9,3,5,3,9,7,5,9,6,6,6,database_administrator
7,8,4,5,5,10,9,8,10,8,6,6,cybersecurity_analyst
6,7,3,4,3,5,5,4,10,6,5,8,accountant
9,10,4,5,4,9,9,9,9,10,4,7,cybersecurity_analyst
5,4,6,8,5,5,7,4,7,8,6,3,psychologist
8,9,3,4,3,7,6,6,9,6,6,4,database_administrator
5,6,6,8,8,6,7,6,5,6,9,3,product_manager
9,8,7,6,4,9,9,9,7,6,7,9,ai_machine_learning_engineer
6,8,8,7,4,8,8,6,8,6,7,6,game_developer
7,10,3,5,4,8,7,8,9,7,4,7,embedded_systems_engineer
5,5,9,9,6,7,6,4,7,6,7,3,marketing_manager
9,9,4,4,4,7,7,7,9,6,7,7,backend_developer
5,7,5,5,5,7,8,6,7,5,6,5,environmental_scientist
5,6,6,9,5,4,7,4,5,7,5,1,psychologist
6,7,6,7,5,6,9,5,7,6,7,6,environmental_scientist
7,5,3,7,4,5,4,4,8,8,4,5,pharmacist
8,9,6,5,4,10,9,7,9,7,5,6,cybersecurity_analyst
8,8,3,6,6,8,6,6,9,8,7,4,physician
8,10,3,4,4,7,4,6,10,6,4,8,database_administrator
7,6,2,3,3,5,3,5,9,6,5,6,accountant
8,7,3,6,5,7,5,6,9,6,5,9,financial_analyst
7,7,2,3,4,7,4,5,8,5,6,7,accountant
7,8,3,5,4,6,6,6,7,5,3,8,financial_analyst
8,7,5,6,5,8,6,6,8,9,8,4,physician
5,6,9,8,8,8,8,6,3,10,6,5,entrepreneur
6,6,7,7,5,7,8,6,7,5,5,6,architect
6,5,4,7,3,7,9,7,8,5,5,4,environmental_scientist
7,6,4,6,6,8,5,5,7,7,6,5,civil_engineer
7,6,2,3,4,5,4,3,9,5,5,7,accountant
7,7,4,5,4,6,7,6,7,6,6,8,chemical_engineer
9,7,6,5,4,7,8,5,8,7,4,6,biotechnologist
5,6,4,7,9,5,5,4,6,7,10,4,project_manager
8,8,4,4,3,9,6,7,8,7,6,8,embedded_systems_engineer
7,6,7,7,5,7,6,6,7,5,6,7,architect
6,6,3,9,8,6,4,5,7,7,8,5,project_manager
8,8,4,8,5,7,7,6,10,8,6,4,physician
8,10,6,7,4,10,7,8,7,5,5,7,software_engineer
6,6,8,7,4,7,8,6,6,4,5,2,ux_designer
9,8,7,4,3,9,7,5,8,6,7,9,mechanical_engineer
8,9,6,4,4,8,5,7,7,6,6,9,mechanical_engineer
8,7,6,4,3,7,5,5,8,7,5,7,chemical_engineer
7,5,7,6,5,6,6,6,7,4,5,2,ux_designer
4,3,10,6,2,6,6,6,8,4,6,2,ui_designer
4,5,9,6,2,6,6,5,7,4,6,2,graphic_designer
8,5,1,5,4,7,5,6,9,6,6,3,pharmacist
7,6,7,9,10,10,9,6,3,7,6,5,entrepreneur
6,6,7,8,10,8,9,8,4,9,6,3,entrepreneur
7,8,6,5,3,8,6,8,8,6,7,5,devops_engineer
8,7,5,4,4,7,6,7,8,6,6,8,mechanical_engineer
7,6,7,7,7,6,4,5,4,7,7,3,marketing_manager
8,7,5,7,3,7,6,5,9,6,6,7,civil_engineer
6,8,5,4,4,7,7,7,8,7,6,4,devops_engineer
9,8,4,7,6,10,6,6,10,9,7,5,physician
6,9,4,5,4,8,8,7,7,6,6,6,devops_engineer
3,4,4,9,6,6,6,4,6,6,8,2,hr_manager
7,9,6,6,4,7,5,6,8,6,3,9,mechanical_engineer
5,6,9,8,6,6,5,5,5,5,7,4,marketing_manager
7,7,5,4,4,9,5,6,8,7,5,8,mechanical_engineer
4,4,8,5,2,7,6,5,9,4,5,4,ui_designer
8,9,4,7,5,6,4,7,7,8,5,8,financial_analyst
7,7,4,6,4,8,7,7,7,7,5,6,devops_engineer
7,6,7,8,9,6,5,6,7,8,8,4,product_manager
6,6,5,6,8,6,7,5,5,6,8,2,product_manager
8,9,5,4,2,9,7,7,8,5,6,8,embedded_systems_engineer
5,6,9,5,5,6,7,5,9,6,4,3,ui_designer
5,6,3,7,4,6,5,5,8,9,7,3,nurse
8,8,4,4,4,7,6,4,10,7,6,7,database_administrator
5,6,8,7,3,7,7,5,6,2,6,4,ux_designer
9,7,4,5,4,7,7,5,7,8,5,5,chemical_engineer
8,9,7,6,4,9,9,9,7,6,5,9,ai_machine_learning_engineer
9,8,6,5,4,9,10,7,8,7,5,10,ai_machine_learning_engineer
6,7,7,4,2,6,7,7,7,6,6,4,frontend_developer
9,8,2,6,5,6,5,7,10,7,4,7,database_administrator
6,5,9,8,8,9,8,7,5,9,5,5,entrepreneur
7,7,3,6,3,6,5,4,9,7,6,7,financial_analyst
8,10,5,7,4,8,8,10,9,8,5,7,cybersecurity_analyst
8,9,6,4,4,9,7,7,7,5,6,9,mechanical_engineer
5,5,9,9,7,8,7,5,5,5,8,3,marketing_manager
8,8,5,5,3,9,9,7,10,9,5,7,cybersecurity_analyst
9,9,8,5,4,7,10,8,6,7,7,10,ai_machine_learning_engineer
8,6,5,6,7,7,5,6,9,8,7,5,physician
7,8,5,5,5,8,8,8,6,6,7,5,cloud_engineer
7,7,4,7,5,7,5,5,9,8,7,5,physician
5,7,6,8,8,5,4,7,6,8,9,4,project_manager
7,8,6,6,5,8,6,7,7,6,8,8,mechanical_engineer
9,9,3,5,2,7,3,5,9,6,5,5,database_administrator
8,8,4,10,7,8,7,7,7,7,4,2,lawyer
7,5,3,10,5,5,8,6,6,7,5,2,psychologist
4,4,9,9,6,6,7,4,4,5,5,6,marketing_manager
6,8,8,6,6,7,6,6,8,5,6,6,architect
7,9,5,6,4,10,7,8,9,8,6,6,cybersecurity_analyst
7,6,2,7,4,5,6,5,9,7,3,5,pharmacist
7,9,5,8,6,7,5,6,8,9,4,4,lawyer
9,8,6,4,5,8,5,6,8,5,6,8,mechanical_engineer
7,7,7,6,4,5,7,6,7,6,4,7,biotechnologist
7,7,2,7,5,6,5,5,10,7,5,4,pharmacist
5,5,7,8,2,5,6,5,7,4,3,2,content_writer
6,6,2,4,4,5,2,5,9,6,4,8,accountant
5,5,8,7,4,8,9,7,7,4,6,3,ux_designer
7,8,5,4,8,7,3,6,6,6,7,8,industrial_engineer
4,4,5,9,6,6,6,4,4,7,7,4,teacher
8,6,5,4,3,8,6,8,7,6,6,6,cloud_engineer
7,7,6,5,3,8,7,7,7,5,6,7,biotechnologist
7,7,10,7,4,8,8,5,8,4,6,6,game_developer
7,6,5,5,6,6,5,6,7,6,7,7,industrial_engineer
9,9,8,5,5,8,5,6,7,7,7,9,mechanical_engineer
5,6,9,8,6,8,6,4,5,6,7,5,marketing_manager
7,6,9,4,2,6,6,6,9,5,4,3,ui_designer
8,8,5,6,4,8,9,7,8,7,6,8,data_scientist
9,9,7,5,3,10,9,10,8,6,7,8,ai_machine_learning_engineer
3,6,5,10,7,5,6,5,6,7,7,5,teacher
8,7,6,4,4,8,5,5,8,7,6,9,mechanical_engineer
8,6,8,4,4,8,8,7,6,5,6,6,game_developer
5,4,6,8,6,5,7,4,6,7,7,4,teacher
6,6,8,6,4,8,6,4,8,4,6,7,architect
5,5,9,7,3,6,6,5,8,3,6,3,ui_designer
7,7,5,5,4,5,5,5,9,5,7,8,financial_analyst
5,5,9,7,3,5,7,5,7,5,4,2,content_writer
6,7,2,4,2,6,3,3,9,4,4,8,accountant
5,7,7,8,4,7,5,7,6,4,7,3,ux_designer
8,6,6,5,5,7,9,7,8,5,5,5,biotechnologist
4,7,6,9,6,4,5,4,4,6,7,5,teacher
4,6,8,9,3,5,6,5,6,4,4,3,content_writer
10,10,6,5,4,9,10,10,7,8,6,9,ai_machine_learning_engineer
8,8,8,5,2,7,8,5,8,5,5,8,mechanical_engineer
10,8,7,5,4,6,6,5,8,7,7,4,chemical_engineer
4,5,10,8,6,6,7,4,3,7,7,3,marketing_manager
9,8,3,3,4,6,5,5,8,6,4,6,database_administrator
5,4,5,9,7,5,7,5,4,7,7,4,teacher
5,3,10,6,1,6,5,5,6,4,4,3,graphic_designer
7,7,7,8,4,7,7,7,8,2,6,3,ux_designer
9,10,5,5,4,9,7,7,8,8,4,7,cybersecurity_analyst
7,8,5,5,4,8,7,6,8,6,6,7,embedded_systems_engineer
7,10,6,5,3,9,9,7,7,7,6,7,software_engineer
7,5,3,7,6,4,4,5,9,10,8,4,nurse
9,7,3,6,4,6,5,6,10,6,5,7,database_administrator
9,8,3,6,4,7,4,7,10,6,6,6,database_administrator
5,6,8,8,6,7,5,6,7,5,6,4,ux_designer
9,10,8,6,4,9,8,10,8,6,5,8,ai_machine_learning_engineer
10,10,7,7,3,8,8,8,6,6,5,6,research_scientist
4,5,9,8,5,6,6,5,6,7,8,3,marketing_manager
3,6,5,8,5,6,6,7,4,8,7,4,teacher
8,9,5,4,2,7,9,8,6,6,7,6,cloud_engineer
6,9,5,4,4,7,7,7,8,5,4,7,embedded_systems_engineer
7,8,5,6,3,7,8,6,7,5,6,6,backend_developer
7,5,0,6,5,4,4,6,9,6,6,4,pharmacist
7,6,6,5,4,7,5,6,8,6,6,7,civil_engineer
7,6,5,7,3,7,7,6,8,6,7,4,environmental_scientist
4,4,10,6,2,5,5,5,7,4,4,2,graphic_designer
6,6,9,10,3,6,8,3,6,4,5,3,content_writer
7,6,2,6,4,6,5,6,9,6,5,4,pharmacist
7,7,6,5,4,6,7,7,7,5,6,4,environmental_scientist
8,8,5,7,6,8,6,6,6,5,6,5,business_analyst
5,7,7,8,5,7,7,4,8,5,7,4,ux_designer
6,5,3,3,5,5,3,4,9,6,4,8,accountant
6,5,9,6,5,6,8,5,7,5,6,3,ux_designer
7,8,5,6,6,7,5,5,7,8,6,6,industrial_engineer
10,7,6,5,3,8,9,9,9,5,6,10,data_scientist
7,7,4,7,8,7,5,5,8,6,6,7,industrial_engineer
8,8,3,7,6,7,6,6,9,7,5,4,lawyer
5,4,6,10,7,5,6,6,5,6,7,5,teacher
6,5,8,6,5,7,5,4,7,7,6,6,architect
5,7,10,6,4,6,7,7,6,5,6,3,frontend_developer
4,4,9,4,3,5,7,6,7,5,6,1,graphic_designer
5,6,8,10,7,6,6,2,6,6,7,3,marketing_manager
7,8,5,6,4,9,7,9,8,8,5,6,cybersecurity_analyst
8,6,4,7,5,6,6,6,9,5,7,6,chemical_engineer
9,9,7,6,4,10,9,8,6,7,5,10,ai_machine_learning_engineer
5,6,9,5,2,4,6,4,7,4,5,2,graphic_designer
8,9,3,3,3,9,6,5,8,6,5,7,embedded_systems_engineer
7,5,5,5,6,7,5,6,6,7,6,7,industrial_engineer
8,8,6,5,4,8,6,7,9,8,4,5,devops_engineer
4,4,9,4,1,6,5,5,6,4,4,2,graphic_designer
9,8,6,6,4,7,8,8,8,5,7,9,data_scientist
7,7,5,7,6,6,5,5,8,5,7,7,industrial_engineer
6,6,5,8,9,7,6,6,5,6,6,5,product_manager
6,8,5,6,5,7,6,7,6,3,6,7,business_analyst
8,7,5,6,2,7,7,7,9,8,5,6,devops_engineer
5,5,4,7,9,7,6,4,6,8,9,4,project_manager
5,5,6,7,5,5,6,5,4,9,7,3,teacher
6,6,8,8,3,5,9,3,6,3,5,2,content_writer
9,8,6,4,5,9,7,7,6,5,7,7,research_scientist
6,6,6,9,8,8,7,4,4,7,9,4,product_manager
7,8,5,6,5,7,9,7,8,7,6,5,devops_engineer
8,5,6,6,5,7,10,7,7,4,5,4,environmental_scientist
5,6,4,8,7,7,5,4,8,8,9,5,project_manager
9,9,6,5,3,9,8,8,8,4,4,8,research_scientist
10,7,7,4,3,8,9,8,8,6,5,7,research_scientist
5,7,5,6,3,9,8,6,9,6,5,4,devops_engineer
9,8,7,5,5,8,10,8,9,7,6,7,research_scientist
4,5,8,9,3,5,8,7,6,4,5,3,content_writer
7,4,6,9,4,7,7,5,6,7,5,2,psychologist
6,5,7,8,9,8,9,5,3,8,7,5,entrepreneur
5,5,6,9,9,6,6,8,5,7,7,5,product_manager
8,8,5,5,3,8,7,6,8,7,6,7,embedded_systems_engineer
4,6,2,4,3,5,3,3,8,5,4,8,accountant
6,5,8,7,3,4,8,6,7,4,5,2,content_writer
6,6,8,5,3,7,8,7,5,5,5,4,ux_designer
8,9,3,3,4,7,4,6,9,6,5,7,database_administrator
8,7,4,7,7,8,6,5,10,9,6,4,physician
7,7,3,8,6,6,7,6,8,8,4,2,lawyer
7,5,5,9,4,5,7,4,6,6,6,1,psychologist
8,7,5,4,4,8,6,4,8,5,7,9,mechanical_engineer
9,10,6,5,4,9,7,7,6,5,5,6,software_engineer
6,6,7,8,2,5,6,5,5,3,3,3,content_writer
3,5,10,4,3,5,6,5,8,4,5,1,graphic_designer
8,8,5,4,3,8,7,8,8,6,6,6,backend_developer
8,8,4,5,3,7,6,7,5,5,6,5,backend_developer
4,6,7,9,6,6,7,4,5,6,7,3,teacher
9,7,4,5,3,9,8,8,7,6,6,7,cloud_engineer
8,8,6,5,3,8,8,7,8,7,6,4,devops_engineer
8,7,5,7,5,8,9,10,8,6,6,9,data_scientist
7,4,7,8,9,8,7,9,4,9,7,4,entrepreneur
5,5,2,8,5,5,6,4,7,7,9,4,nurse
8,7,3,5,3,8,6,6,8,6,4,6,database_administrator
5,5,3,7,5,7,4,7,7,7,7,3,nurse
8,8,4,5,5,7,7,7,8,6,7,8,chemical_engineer
9,7,4,4,1,7,5,6,10,5,5,6,database_administrator
6,9,6,6,3,8,7,6,8,6,6,5,devops_engineer
7,9,5,3,3,8,6,7,6,7,6,7,backend_developer
6,5,7,8,4,7,7,6,6,3,7,3,ux_designer
9,7,6,6,5,8,8,8,9,6,6,10,data_scientist
7,5,3,6,3,5,5,6,8,6,6,5,pharmacist
10,8,7,6,3,7,10,8,8,7,5,7,research_scientist
7,8,4,10,5,7,7,7,7,9,5,3,lawyer
8,7,4,8,5,7,7,6,7,5,6,6,business_analyst
7,8,5,10,6,7,6,6,7,8,5,2,lawyer
6,7,9,8,4,5,6,6,7,2,5,4,ux_designer
5,6,9,6,3,6,5,5,8,4,7,3,ui_designer
5,4,8,8,9,7,8,7,4,10,4,5,entrepreneur
6,6,4,8,8,6,4,5,6,8,8,3,project_manager
7,6,1,4,3,6,4,4,9,5,5,9,accountant
8,6,4,6,5,8,6,5,8,6,5,7,business_analyst
5,4,5,9,8,4,5,5,6,6,7,1,hr_manager
8,10,5,4,5,10,8,9,10,6,5,7,cybersecurity_analyst
7,6,3,4,1,6,2,4,8,5,4,9,accountant
6,7,5,6,5,9,5,5,9,6,5,9,electrical_engineer
6,5,8,7,5,5,6,5,6,4,4,2,content_writer
8,9,4,5,1,8,6,7,8,6,5,8,embedded_systems_engineer
6,6,7,8,5,6,6,5,4,7,6,3,teacher
10,7,4,4,4,6,6,5,7,7,5,6,database_administrator
6,5,4,7,7,8,6,5,7,8,7,4,project_manager
7,8,5,5,5,7,6,6,8,7,6,7,chemical_engineer
8,7,4,5,3,8,4,6,7,6,6,6,database_administrator
5,7,8,4,3,7,7,8,7,5,5,6,frontend_developer
6,8,6,5,4,8,7,8,9,8,6,6,devops_engineer
6,4,6,8,9,9,8,7,4,8,7,6,entrepreneur
9,7,7,6,4,8,8,8,9,6,5,9,data_scientist
8,7,10,5,4,9,8,7,7,5,8,4,game_developer
9,8,5,6,4,8,10,8,8,6,6,10,data_scientist
3,4,3,9,6,5,4,4,6,6,7,2,hr_manager
8,9,3,4,3,8,4,6,8,6,7,7,database_administrator
6,8,5,5,4,7,8,7,8,7,7,5,devops_engineer
9,7,7,6,4,7,8,7,8,6,5,6,research_scientist
8,8,4,8,5,5,6,7,9,5,7,7,business_analyst
7,9,5,6,4,8,6,5,7,6,4,8,electrical_engineer
4,6,7,7,5,6,5,4,8,6,7,5,architect
7,6,5,9,8,8,7,5,5,6,9,3,product_manager
9,6,5,6,4,7,7,5,7,5,5,5,environmental_scientist
8,8,4,5,5,8,7,8,8,5,7,6,cloud_engineer
7,8,5,4,3,9,7,6,8,5,6,6,devops_engineer
7,8,5,6,7,7,5,5,6,5,6,7,industrial_engineer
8,9,5,3,4,7,6,8,9,6,6,7,embedded_systems_engineer
7,7,8,5,4,7,6,4,7,4,6,6,architect
9,7,3,7,6,8,6,6,9,9,7,6,physician
6,7,7,6,1,7,7,7,7,5,6,5,frontend_developer
8,9,8,6,5,8,9,7,7,6,4,6,research_scientist
5,5,7,8,4,5,7,6,7,4,4,2,content_writer
9,9,6,5,3,8,6,9,7,6,5,6,cloud_engineer
5,4,7,8,8,8,5,6,7,8,9,4,product_manager
8,6,7,7,7,8,7,7,4,6,7,3,product_manager
6,6,4,5,4,8,5,5,8,5,6,7,civil_engineer
8,9,6,3,3,9,6,6,8,6,5,5,backend_developer
6,6,3,5,2,6,4,5,10,7,4,5,pharmacist
6,6,8,7,4,7,8,5,8,4,5,5,ux_designer
3,5,4,8,6,5,6,6,5,8,8,3,teacher
6,6,7,9,10,9,8,8,5,10,6,4,entrepreneur
7,9,5,5,4,9,9,8,9,8,5,6,cybersecurity_analyst
5,4,4,9,8,6,4,5,5,7,9,2,hr_manager
5,8,9,6,5,7,7,7,8,4,7,4,frontend_developer
7,9,3,9,6,7,7,5,7,9,3,2,lawyer
5,6,7,8,8,7,7,5,5,8,8,3,product_manager
5,6,3,8,5,5,6,6,8,6,7,4,nurse
7,9,6,5,1,8,7,6,7,6,5,10,embedded_systems_engineer
5,4,7,9,3,6,7,3,6,4,3,2,content_writer
4,4,8,4,3,5,6,6,8,3,5,3,graphic_designer
8,8,5,5,3,9,7,7,7,4,6,8,mechanical_engineer
5,6,8,6,4,6,6,7,8,5,6,4,frontend_developer
7,8,5,6,7,7,5,6,7,5,7,8,industrial_engineer
6,7,6,4,4,6,6,8,6,4,6,3,frontend_developer
7,6,7,7,9,6,8,7,6,7,8,3,product_manager
7,8,4,8,6,7,6,6,6,5,5,6,business_analyst
6,6,7,6,4,6,7,4,7,5,5,8,architect
8,9,6,4,2,8,8,6,8,6,5,8,embedded_systems_engineer
4,5,8,9,6,7,6,5,5,6,6,3,marketing_manager
8,6,6,7,4,8,7,5,10,5,5,6,chemical_engineer
7,6,9,6,4,7,7,7,8,4,6,3,ux_designer
10,9,6,4,4,9,6,8,7,5,5,6,software_engineer
5,5,4,9,6,5,5,3,6,7,8,2,hr_manager
5,4,6,7,8,6,4,6,5,7,8,4,project_manager
7,4,8,9,4,7,7,5,8,4,6,5,ux_designer
7,6,5,6,6,7,5,5,7,6,8,8,industrial_engineer
8,10,5,5,5,10,8,9,9,8,3,5,cybersecurity_analyst
7,7,3,3,3,8,6,7,9,8,4,7,database_administrator
7,7,5,6,4,7,5,5,9,6,8,6,civil_engineer
5,5,8,8,7,6,7,7,4,9,7,5,entrepreneur
6,6,2,4,1,5,3,4,8,5,4,8,accountant
5,5,3,9,5,5,5,4,8,8,8,2,nurse
7,10,8,5,5,8,9,10,5,6,7,9,ai_machine_learning_engineer
9,8,7,5,5,8,8,9,8,6,5,6,research_scientist
7,7,3,7,5,7,6,5,10,9,7,5,physician
5,5,4,8,5,6,8,5,6,6,5,1,psychologist
5,4,8,9,6,4,7,4,7,6,8,3,marketing_manager
6,9,5,4,3,9,6,6,8,7,6,5,devops_engineer
4,4,4,9,7,4,6,4,5,8,7,3,teacher
8,9,7,5,5,8,8,6,7,5,5,6,biotechnologist
9,8,6,5,3,8,9,8,9,6,5,10,data_scientist
7,7,4,8,8,9,6,5,10,10,6,5,physician
8,7,3,4,4,6,5,5,8,6,5,7,financial_analyst
5,5,6,9,3,5,8,5,6,4,5,3,content_writer
7,7,6,6,3,6,9,8,7,6,5,5,biotechnologist
6,6,9,6,4,6,8,6,7,4,6,4,ux_designer
8,9,4,4,3,8,7,7,8,6,5,7,embedded_systems_engineer
5,5,4,10,7,4,5,5,6,8,9,2,hr_manager
7,8,5,4,5,8,6,7,7,4,7,9,electrical_engineer
9,8,6,4,3,8,10,8,8,6,5,7,research_scientist
7,6,4,7,5,8,6,6,7,6,6,6,business_analyst
5,6,5,8,9,5,5,5,5,8,7,3,project_manager
8,7,4,4,3,6,6,5,9,7,6,8,financial_analyst
7,6,2,3,3,5,2,3,9,4,4,9,accountant
5,5,6,9,5,5,7,4,5,6,8,3,teacher
5,6,6,9,6,6,6,6,5,6,7,4,teacher
9,7,6,6,5,9,4,6,8,6,6,7,mechanical_engineer
7,8,3,10,6,7,6,6,7,8,4,2,lawyer
5,5,9,5,0,5,7,7,5,5,6,3,graphic_designer
8,8,6,6,3,7,6,7,8,5,6,5,cloud_engineer
6,6,4,4,2,5,4,6,10,6,4,8,accountant
6,8,7,4,3,7,7,6,7,4,5,4,frontend_developer
7,8,7,7,7,8,5,5,6,5,7,7,industrial_engineer
8,8,4,9,6,8,6,8,10,10,8,5,physician
9,9,5,3,1,7,8,7,8,5,4,8,embedded_systems_engineer
6,7,4,5,5,7,5,5,8,6,5,8,civil_engineer
9,8,5,6,5,7,7,7,9,6,5,5,biotechnologist
6,6,7,7,7,6,5,4,6,8,9,4,project_manager
8,9,7,4,4,8,8,9,9,8,6,7,cybersecurity_analyst
8,8,5,4,3,8,6,7,9,7,5,7,embedded_systems_engineer
7,7,6,8,7,6,6,7,4,6,6,4,product_manager
8,8,5,5,4,8,8,8,9,8,5,6,cybersecurity_analyst
9,8,5,6,3,7,9,8,8,6,7,8,data_scientist
7,7,5,4,5,7,5,5,10,5,6,7,chemical_engineer
9,8,6,7,4,9,7,8,6,6,5,6,cloud_engineer
9,7,7,5,4,7,9,8,8,7,5,7,research_scientist
7,9,6,4,3,7,7,7,8,5,6,6,backend_developer
5,6,6,8,8,7,6,7,4,7,9,4,product_manager
8,7,4,3,4,5,5,5,7,6,4,9,financial_analyst
7,8,6,5,5,8,8,8,10,10,5,5,cybersecurity_analyst
7,10,6,6,4,9,9,8,7,9,6,7,software_engineer
8,8,5,5,4,8,10,8,9,7,7,6,data_scientist
7,7,4,5,4,7,6,7,7,6,6,7,chemical_engineer
7,5,9,5,3,7,8,7,7,5,8,6,game_developer
6,5,3,5,4,7,5,5,9,6,4,5,pharmacist
3,4,3,9,9,5,5,4,6,6,8,2,hr_manager
7,5,1,5,3,5,4,4,9,4,3,8,accountant
9,9,6,4,2,7,7,8,8,6,4,5,embedded_systems_engineer
8,10,4,8,7,7,7,7,9,7,4,3,lawyer
10,8,5,5,4,9,6,6,8,7,6,9,mechanical_engineer
6,8,5,5,5,9,8,8,9,9,5,6,cybersecurity_analyst
7,6,5,5,5,8,4,4,9,6,6,6,civil_engineer
8,6,1,5,4,6,4,3,9,6,4,9,financial_analyst
6,6,8,9,8,7,7,6,6,7,9,4,product_manager
9,8,7,4,4,8,9,7,9,7,5,7,research_scientist
6,4,3,3,4,5,2,5,10,6,5,9,accountant
7,7,6,6,5,7,4,4,7,7,6,6,civil_engineer
6,4,8,8,9,8,7,6,4,8,7,4,entrepreneur
7,6,9,6,3,7,7,8,8,5,6,4,frontend_developer
7,7,5,5,4,6,5,4,8,6,4,8,financial_analyst
5,5,8,7,3,4,8,4,5,4,4,3,content_writer
6,7,8,5,5,8,6,5,9,5,7,5,architect
4,6,8,9,4,5,8,4,5,4,3,1,content_writer
10,9,6,5,5,9,10,7,8,6,5,6,research_scientist
6,7,5,8,8,6,5,3,6,7,9,4,project_manager
7,8,6,7,6,8,5,7,8,5,8,8,industrial_engineer
2,4,9,5,2,5,6,5,7,4,3,3,graphic_designer
5,6,3,5,2,5,3,4,10,5,4,7,accountant
7,8,4,5,3,8,8,7,8,7,5,6,cloud_engineer
7,7,5,7,5,8,6,4,8,6,6,7,civil_engineer
8,7,5,5,5,8,7,6,7,5,5,6,business_analyst
4,5,6,8,5,6,6,5,5,6,6,4,teacher
8,7,3,8,5,8,7,6,10,7,7,4,lawyer
7,8,9,4,5,8,9,8,6,3,6,6,game_developer
8,10,5,3,2,7,7,8,7,5,5,7,backend_developer
4,6,4,7,9,5,5,5,8,7,8,4,project_manager
7,8,4,9,6,8,6,5,9,9,7,4,physician
6,9,6,2,4,7,7,6,6,6,6,5,backend_developer
4,5,8,10,6,6,7,4,4,5,7,4,marketing_manager
5,4,2,8,4,5,5,4,7,9,8,2,nurse
7,8,7,5,4,8,9,7,8,7,5,5,biotechnologist
9,9,6,5,4,8,10,8,7,7,6,8,ai_machine_learning_engineer
8,9,6,4,3,7,7,8,8,6,4,6,embedded_systems_engineer
7,7,5,7,4,6,6,5,8,5,7,6,chemical_engineer
4,5,8,6,2,6,4,5,7,5,6,3,ui_designer
7,8,6,5,4,7,6,8,9,8,5,4,devops_engineer
5,7,8,5,2,6,7,7,8,5,5,4,frontend_developer
6,9,5,6,3,8,7,7,8,6,6,5,embedded_systems_engineer
5,8,7,6,2,8,8,6,6,6,7,6,game_developer
6,6,6,6,6,5,4,5,8,6,6,7,civil_engineer
8,5,3,7,4,7,6,6,7,4,6,5,business_analyst
4,4,6,9,5,6,7,5,5,8,7,5,teacher
7,7,6,8,8,7,8,6,6,7,8,4,product_manager
7,8,4,10,6,8,6,6,8,8,4,3,lawyer
8,7,6,4,4,7,7,7,9,6,6,5,biotechnologist
6,6,1,5,5,5,5,4,9,5,5,6,pharmacist
9,6,5,6,4,7,8,6,9,6,5,6,biotechnologist
7,7,6,5,6,8,5,8,7,5,5,9,mechanical_engineer
5,5,7,10,6,6,6,5,4,6,7,3,marketing_manager
5,4,3,9,6,4,7,5,7,8,6,3,hr_manager
7,7,8,5,4,7,4,5,8,5,6,6,architect
7,6,9,6,4,9,8,7,8,5,7,7,game_developer
4,5,9,7,3,6,6,5,8,4,6,3,ui_designer
5,5,3,9,7,5,5,4,7,8,9,3,nurse
8,7,4,5,4,5,4,5,6,6,7,7,civil_engineer
6,5,2,6,4,6,3,4,9,7,5,4,pharmacist
9,8,4,7,4,7,5,6,8,7,5,7,electrical_engineer
10,10,7,3,3,7,7,7,7,5,6,8,embedded_systems_engineer
5,6,7,8,3,4,7,7,5,4,4,2,content_writer
6,7,4,9,7,8,6,5,7,8,5,2,lawyer
8,7,7,5,6,7,6,6,6,5,5,7,chemical_engineer
5,5,9,5,3,7,5,5,6,4,6,2,graphic_designer
7,7,5,6,4,7,7,6,8,6,5,5,biotechnologist
9,8,4,5,4,7,6,7,8,5,6,7,mechanical_engineer
3,3,10,4,3,5,7,6,7,3,5,2,graphic_designer
8,9,6,4,4,7,5,6,9,6,6,7,chemical_engineer
4,3,8,4,2,5,7,5,6,4,6,2,graphic_designer
7,7,4,10,7,7,6,7,9,8,5,3,lawyer
7,6,2,4,2,4,3,3,9,6,4,9,accountant
7,7,6,9,8,7,9,6,6,8,8,3,product_manager
8,6,5,6,7,7,6,5,7,6,9,6,industrial_engineer
4,3,9,5,2,6,6,4,8,5,4,3,graphic_designer
6,8,3,8,7,6,5,4,6,7,9,4,project_manager
8,6,10,6,5,7,10,6,7,5,7,7,game_developer
7,4,9,8,8,7,8,7,4,10,5,4,entrepreneur
8,7,6,4,4,7,6,6,8,6,6,7,chemical_engineer
8,6,5,4,4,8,6,6,7,5,5,8,electrical_engineer
6,10,4,9,6,8,7,6,8,8,6,4,lawyer
5,4,5,10,5,5,5,5,4,7,7,4,teacher
9,8,5,6,4,8,10,8,8,6,6,8,data_scientist
8,10,5,4,3,9,7,8,8,6,6,6,cloud_engineer
5,4,9,7,3,7,5,5,8,4,6,5,ui_designer
7,6,1,6,3,5,3,4,9,5,4,8,accountant
5,6,7,8,0,7,6,4,6,3,4,1,content_writer
5,6,7,8,6,7,7,7,5,6,7,3,product_manager
5,6,10,8,4,8,6,5,8,3,6,2,ux_designer
4,3,7,9,6,5,5,6,5,6,6,4,marketing_manager
6,7,5,8,6,8,7,7,7,7,6,6,business_analyst
8,8,6,6,4,8,9,8,8,7,7,10,data_scientist
4,4,7,7,4,4,7,5,6,5,5,3,content_writer
5,6,9,9,3,6,6,6,5,5,4,4,content_writer
7,9,5,4,3,8,7,7,7,7,5,8,embedded_systems_engineer
9,8,5,7,5,9,9,8,9,6,4,8,data_scientist
3,5,8,7,2,4,6,7,7,4,6,3,ui_designer
5,6,9,6,3,6,8,8,7,6,5,3,frontend_developer
7,7,9,7,3,8,8,7,7,4,7,5,game_developer
4,6,7,5,4,7,6,7,7,5,5,4,frontend_developer
7,9,4,4,3,8,5,6,9,8,6,5,database_administrator
5,9,8,6,2,8,8,8,7,7,6,4,frontend_developer
7,9,5,4,2,8,7,8,8,7,6,7,embedded_systems_engineer
8,7,6,5,4,7,7,7,8,6,4,5,biotechnologist
10,9,7,4,4,8,9,8,7,6,5,8,software_engineer
6,8,5,5,3,10,9,7,9,8,6,4,cybersecurity_analyst
6,5,5,9,2,7,6,6,5,7,5,2,psychologist
8,6,6,6,4,6,9,7,6,6,7,7,environmental_scientist
5,5,8,6,2,3,5,7,6,5,5,1,graphic_designer
7,7,2,7,5,7,5,6,8,4,4,7,business_analyst
9,7,5,4,2,7,7,7,8,6,7,6,biotechnologist
9,10,5,4,3,9,7,7,9,5,6,7,backend_developer
9,9,6,4,4,8,8,7,7,6,5,7,software_engineer
5,5,10,5,3,6,4,6,8,3,6,2,ui_designer
6,6,5,9,4,6,8,6,6,6,5,2,psychologist
6,8,4,8,6,7,5,6,8,9,5,1,lawyer
2,4,4,8,7,5,4,4,7,7,7,3,hr_manager
9,10,6,5,3,9,10,9,9,9,5,6,cybersecurity_analyst
4,6,7,10,5,6,6,5,5,7,8,4,marketing_manager
6,5,7,8,9,7,8,7,4,9,5,4,entrepreneur
7,6,2,5,3,5,5,6,9,6,5,6,pharmacist
5,6,6,8,8,5,5,4,5,7,7,4,teacher
5,6,4,8,5,7,6,6,8,8,5,4,lawyer
7,6,3,4,3,4,2,5,8,6,6,7,accountant
8,7,3,8,6,8,5,5,7,8,5,3,lawyer
10,9,5,4,3,8,7,8,6,8,4,5,backend_developer
8,9,5,3,4,9,8,6,6,6,5,6,backend_developer
7,5,9,8,5,8,7,5,7,3,5,3,ux_designer
4,3,8,7,2,5,7,5,5,5,3,3,content_writer
6,7,8,7,3,7,8,3,6,3,3,3,content_writer
8,8,6,5,4,10,7,7,8,7,6,8,software_engineer
9,6,4,4,3,7,6,6,7,7,5,6,chemical_engineer
8,7,6,4,4,9,9,8,7,6,2,8,research_scientist
9,7,5,6,4,7,6,7,9,6,4,6,chemical_engineer
7,5,3,8,5,6,4,6,7,8,9,3,nurse
7,7,6,7,7,6,3,6,7,6,7,8,industrial_engineer
7,8,6,5,4,7,6,6,8,6,6,8,civil_engineer
5,4,9,6,1,4,6,6,8,4,4,1,graphic_designer
9,8,2,4,4,8,4,5,7,6,6,8,financial_analyst
6,5,9,7,4,7,7,7,7,6,5,1,ux_designer
5,4,8,5,4,6,6,4,8,4,5,3,ui_designer
7,8,8,6,6,8,8,8,7,6,6,6,game_developer
5,5,3,8,5,6,5,4,8,8,6,4,nurse
7,6,2,6,4,5,6,4,10,5,6,4,pharmacist
6,5,4,7,6,6,5,3,9,9,10,3,nurse
7,6,3,7,5,9,5,7,9,9,6,5,physician
7,7,9,6,2,7,8,7,7,4,8,5,frontend_developer
8,7,6,6,9,8,8,6,4,7,8,5,product_manager
9,7,5,7,4,9,8,9,9,6,6,8,data_scientist
7,8,4,7,6,7,6,5,6,5,6,6,business_analyst
8,7,5,6,6,6,5,8,7,5,6,6,business_analyst
6,5,3,4,3,5,3,4,8,4,3,8,accountant
7,9,5,4,3,8,7,6,7,6,8,7,backend_developer
8,8,2,4,2,6,5,6,9,7,5,5,database_administrator
6,6,7,7,5,7,5,5,7,6,8,7,industrial_engineer
7,6,6,5,5,7,9,8,8,6,5,6,biotechnologist
7,6,9,7,4,8,6,6,7,5,7,3,ux_designer
4,5,10,8,3,6,8,5,7,5,4,3,content_writer
5,7,9,4,3,7,7,5,6,5,6,4,frontend_developer
6,6,2,7,4,6,6,4,9,6,6,4,pharmacist
7,6,4,6,4,6,8,6,7,5,7,4,environmental_scientist
7,8,5,3,4,8,7,8,7,7,5,6,backend_developer
6,7,5,6,5,7,5,5,7,6,8,7,industrial_engineer
4,5,7,10,6,6,5,5,6,5,7,3,marketing_manager
8,6,2,5,5,5,5,6,9,5,6,6,pharmacist
8,7,3,5,4,5,5,5,8,5,4,8,financial_analyst
9,7,5,5,4,10,6,7,7,5,5,7,electrical_engineer
5,6,3,4,3,4,4,5,7,5,5,7,accountant
4,4,10,6,2,6,7,5,7,4,5,3,ui_designer
6,5,3,5,3,4,1,4,10,5,4,9,accountant
8,9,6,3,4,7,7,7,8,6,6,7,embedded_systems_engineer
9,8,7,4,4,8,9,9,9,6,7,8,research_scientist
4,5,6,8,6,5,5,6,7,6,8,4,teacher
10,9,5,6,4,7,9,9,7,6,6,10,data_scientist
8,7,6,6,5,8,5,4,7,6,6,8,civil_engineer
4,4,8,5,1,6,6,5,8,4,4,1,graphic_designer
7,7,4,4,3,7,6,5,10,6,5,5,database_administrator
9,7,5,5,4,7,9,7,9,6,5,6,biotechnologist
10,7,6,5,3,9,10,7,8,6,7,9,data_scientist
9,9,5,3,2,7,8,8,9,8,6,7,embedded_systems_engineer
6,8,6,6,6,6,9,9,9,5,6,7,biotechnologist
6,7,7,5,6,7,6,4,7,6,4,5,architect
6,6,8,8,10,8,7,8,4,9,6,4,entrepreneur
8,7,5,4,6,7,6,6,8,7,5,8,chemical_engineer
8,9,5,5,4,10,8,6,8,8,4,5,cybersecurity_analyst
5,6,2,5,4,5,4,4,9,6,4,9,accountant
9,8,5,6,7,8,8,7,6,6,7,6,cloud_engineer
5,7,4,7,4,7,5,6,9,6,6,7,civil_engineer
9,9,5,5,5,10,8,7,7,6,7,6,software_engineer
9,7,4,5,3,7,6,6,7,5,5,6,chemical_engineer
6,9,9,5,4,8,8,8,7,6,8,5,game_developer
8,9,4,5,2,7,5,7,9,5,5,7,embedded_systems_engineer
4,4,5,9,7,6,6,3,6,7,9,3,hr_manager
6,5,10,7,2,6,7,6,7,4,7,2,ui_designer
8,8,3,6,2,5,4,6,7,5,2,8,financial_analyst
6,6,5,6,5,8,5,5,9,6,7,7,industrial_engineer
9,8,2,3,4,7,5,6,10,8,5,5,database_administrator
6,5,8,6,7,7,6,5,8,6,6,5,architect
9,8,6,5,4,8,9,8,6,7,6,10,data_scientist
7,6,3,6,3,5,5,6,8,6,5,6,pharmacist
8,7,7,5,4,5,8,5,9,6,6,6,biotechnologist
7,7,4,4,4,8,4,5,9,7,5,6,database_administrator
8,7,7,5,4,7,7,7,6,7,7,8,mechanical_engineer
8,10,6,6,1,10,8,10,7,6,7,6,software_engineer
8,5,6,7,7,8,7,5,6,6,8,4,product_manager
6,5,6,8,8,6,7,8,3,6,8,3,product_manager
3,4,5,10,8,4,4,3,7,7,7,2,hr_manager
6,6,7,5,3,6,9,7,7,4,6,6,environmental_scientist
7,9,5,3,1,9,6,7,7,6,4,7,embedded_systems_engineer
10,10,6,5,5,8,7,7,6,5,6,7,backend_developer
8,9,5,5,4,9,7,6,7,6,5,8,electrical_engineer
9,10,6,4,5,10,7,7,7,5,7,7,software_engineer
7,7,10,5,3,6,8,7,7,5,6,4,frontend_developer
3,4,9,6,3,5,6,4,8,4,6,0,graphic_designer
9,9,4,6,5,9,7,7,9,8,6,6,cybersecurity_analyst
6,5,5,8,3,8,7,4,6,8,4,2,psychologist
8,10,5,6,4,8,7,6,9,7,5,7,cybersecurity_analyst
6,5,6,8,9,8,8,6,4,9,6,4,entrepreneur
10,9,6,5,4,8,9,7,7,8,6,8,ai_machine_learning_engineer
7,7,2,6,5,5,5,5,9,5,4,5,pharmacist
4,6,4,8,8,6,4,5,6,8,8,4,project_manager
7,4,5,8,3,7,7,5,5,7,5,3,psychologist
7,9,8,5,3,8,7,7,7,5,6,4,frontend_developer
6,5,5,9,5,6,8,4,6,8,4,2,psychologist
4,3,6,10,7,5,6,3,7,9,8,2,hr_manager
8,7,5,7,5,6,5,5,8,7,6,7,civil_engineer
4,4,3,10,6,5,6,5,6,6,6,3,hr_manager
6,8,8,6,4,6,7,7,7,5,5,3,frontend_developer
7,7,6,6,5,7,7,5,10,7,6,6,civil_engineer
7,10,4,6,6,8,7,6,9,5,5,8,electrical_engineer
8,6,5,4,4,10,8,6,7,7,6,6,devops_engineer
9,10,5,6,4,9,10,8,9,6,6,7,software_engineer
9,8,4,5,5,8,6,6,9,4,7,9,chemical_engineer
4,4,4,9,7,5,4,2,5,7,8,3,hr_manager
4,5,9,6,3,6,6,8,7,4,7,2,ui_designer
5,4,8,6,4,7,6,6,8,2,8,3,ui_designer
8,9,6,5,3,7,8,7,6,6,7,6,backend_developer
8,8,4,5,3,7,6,5,7,7,6,7,chemical_engineer
6,5,4,9,4,6,7,6,6,6,4,1,psychologist
8,8,7,5,4,8,10,8,8,7,5,8,research_scientist
7,10,3,5,2,9,8,7,8,6,6,7,backend_developer
7,8,3,9,7,7,7,7,9,8,5,1,lawyer
5,5,5,8,5,5,4,5,7,8,6,2,nurse
6,5,8,6,3,7,8,7,6,6,7,1,ux_designer
10,10,7,4,4,9,9,9,6,6,7,10,ai_machine_learning_engineer
7,6,5,6,5,7,8,7,8,6,6,5,environmental_scientist
6,7,6,8,9,8,6,6,6,7,8,5,product_manager
8,6,7,4,4,7,8,6,7,7,6,5,biotechnologist
7,7,6,7,6,7,5,4,9,6,4,7,civil_engineer
7,7,5,7,4,7,9,8,8,6,8,9,data_scientist
4,5,4,8,8,7,5,5,5,9,9,4,project_manager
8,7,3,8,7,7,6,6,9,8,5,4,physician
6,6,4,5,4,6,9,5,6,5,6,6,environmental_scientist
8,7,9,4,5,8,9,7,6,5,7,5,game_developer
6,5,7,9,6,5,5,4,4,7,7,3,teacher
5,7,7,5,2,8,7,8,7,5,5,5,frontend_developer
6,6,6,9,9,6,4,5,7,8,9,4,project_manager
5,6,9,9,5,5,5,6,6,5,7,2,marketing_manager
8,10,3,4,3,10,7,8,6,6,4,7,backend_developer
3,5,5,8,6,5,7,6,6,7,8,2,hr_manager
6,6,4,5,6,6,5,4,8,6,7,7,industrial_engineer
4,3,4,9,6,6,6,5,7,7,8,2,hr_manager
5,6,8,7,4,5,6,7,9,3,8,3,ui_designer
5,6,5,9,4,5,8,5,7,8,4,2,psychologist
7,7,5,6,5,9,8,8,7,7,5,5,devops_engineer
6,4,8,9,4,6,7,5,7,4,4,1,content_writer
5,6,9,7,6,6,7,5,8,4,7,6,architect
6,5,5,9,6,5,9,4,5,6,6,3,psychologist
8,7,6,6,4,8,7,9,7,5,6,6,cloud_engineer
7,7,1,5,4,7,6,5,8,6,5,6,financial_analyst
5,4,4,9,8,5,5,4,6,8,8,3,hr_manager
6,8,5,4,5,7,7,6,8,7,6,5,devops_engineer
4,4,4,8,7,6,5,3,6,8,6,1,hr_manager
5,3,6,9,5,5,6,5,5,8,9,4,teacher
8,8,7,5,4,10,10,8,8,5,6,8,research_scientist
9,8,5,5,5,9,8,7,6,7,6,6,software_engineer
5,7,2,5,3,4,2,4,9,6,4,9,accountant
8,6,6,6,4,6,8,6,8,4,5,6,biotechnologist
8,9,5,3,3,9,7,8,8,6,5,5,backend_developer
8,6,3,8,5,6,6,7,6,5,7,8,business_analyst
7,7,7,6,8,8,7,5,5,7,9,3,product_manager
8,10,5,4,3,10,8,7,8,6,4,8,embedded_systems_engineer
8,6,5,7,5,8,7,7,6,5,6,7,business_analyst
5,6,7,9,6,7,6,6,5,6,8,3,marketing_manager
7,4,8,7,4,7,6,5,7,3,6,3,ux_designer
5,6,5,6,2,6,8,6,6,5,4,5,environmental_scientist
9,9,7,4,3,7,6,6,8,5,6,7,embedded_systems_engineer
7,7,7,4,4,7,8,8,7,6,5,6,biotechnologist
8,7,4,5,3,9,6,5,8,6,6,9,electrical_engineer
9,10,6,4,5,8,9,9,7,6,7,6,software_engineer
5,6,5,8,3,6,7,6,7,8,6,1,psychologist
7,8,4,7,4,7,4,4,10,6,6,8,civil_engineer
8,8,5,4,4,5,7,5,7,6,7,7,chemical_engineer
9,10,6,5,3,8,9,9,7,7,7,10,ai_machine_learning_engineer
8,6,5,5,4,6,6,6,7,6,5,8,financial_analyst
6,5,1,4,2,4,3,4,9,6,3,8,accountant
8,9,6,5,3,9,7,8,8,7,6,6,cloud_engineer
6,6,8,6,5,7,6,5,9,7,6,6,architect
7,7,8,4,4,9,9,8,7,5,7,5,game_developer
5,5,9,6,2,7,6,7,8,4,6,3,ui_designer
5,6,9,7,4,6,6,6,8,2,6,2,ui_designer
8,6,3,4,5,6,4,4,9,7,4,8,financial_analyst
6,8,8,5,5,6,7,8,8,5,7,6,game_developer
7,6,5,4,5,7,6,7,10,6,5,7,chemical_engineer
9,5,5,7,5,6,8,6,7,5,6,6,environmental_scientist
8,8,4,6,6,7,6,5,9,10,8,5,physician
7,4,8,9,7,5,6,6,4,8,8,3,marketing_manager
7,7,8,4,3,6,7,7,8,5,6,4,frontend_developer
9,9,4,5,5,8,7,6,9,6,5,7,electrical_engineer
5,3,6,10,6,4,5,5,5,8,7,4,teacher
6,7,8,5,4,9,8,6,8,6,7,6,game_developer
8,7,5,4,5,6,5,6,7,6,6,6,chemical_engineer
8,6,5,5,4,8,7,4,8,5,5,8,mechanical_engineer
7,9,6,7,6,7,7,5,8,7,5,2,lawyer
6,6,2,5,4,6,4,3,10,4,3,9,accountant
4,4,5,8,7,4,6,4,5,8,10,3,hr_manager
8,6,5,5,2,7,6,5,8,6,6,6,chemical_engineer
4,5,8,7,5,7,7,4,6,5,8,5,marketing_manager
8,6,4,7,5,7,5,6,7,6,5,6,business_analyst
8,6,5,7,6,8,6,6,9,10,6,4,physician
6,6,7,7,5,8,7,4,9,4,5,4,architect
6,9,4,9,7,7,5,6,7,9,4,3,lawyer
7,7,5,7,3,8,5,5,10,6,5,7,mechanical_engineer
6,6,8,6,4,7,8,6,6,4,7,3,ux_designer
8,8,4,7,4,7,5,6,8,4,5,5,business_analyst
4,2,3,9,8,5,5,5,7,8,6,2,hr_manager
8,9,4,5,4,9,8,6,10,6,5,6,cybersecurity_analyst
4,6,3,7,6,4,6,6,9,8,8,4,nurse
6,5,6,10,3,6,8,6,5,7,5,2,psychologist
9,6,5,5,4,7,7,8,7,6,4,8,biotechnologist
9,10,7,5,4,9,10,9,7,5,5,10,ai_machine_learning_engineer
9,7,7,5,4,7,9,7,8,7,5,7,research_scientist
6,5,6,7,7,7,8,6,5,7,8,3,product_manager
5,5,2,3,2,6,5,4,9,6,4,9,accountant
8,5,8,4,7,7,5,5,9,5,7,7,architect
9,6,2,8,5,9,7,5,10,9,7,4,physician
7,6,6,6,4,6,9,6,7,6,7,6,environmental_scientist
7,8,2,6,5,5,5,7,9,5,5,5,pharmacist
8,9,2,4,1,7,5,5,9,6,4,6,database_administrator
5,5,10,5,2,6,7,7,9,5,7,3,ui_designer
3,3,4,9,7,4,5,2,6,6,8,1,hr_manager
8,8,4,6,5,7,8,6,8,7,6,7,electrical_engineer
6,8,3,7,2,5,6,4,9,7,4,6,pharmacist
9,9,9,4,3,8,9,8,7,7,5,7,research_scientist
8,7,3,4,3,7,5,6,10,7,5,5,database_administrator
8,9,4,4,5,8,5,8,8,6,5,8,embedded_systems_engineer
9,7,6,6,5,8,9,8,8,7,7,9,data_scientist
7,8,2,3,2,7,6,5,8,6,4,8,database_administrator
7,8,8,6,4,7,7,7,7,5,8,7,game_developer
8,8,6,3,4,7,7,7,8,7,5,8,embedded_systems_engineer
6,8,6,8,8,7,8,5,3,6,10,4,product_manager
8,9,7,7,4,10,8,7,6,5,6,7,software_engineer
9,6,7,5,4,8,10,7,8,6,5,5,research_scientist
9,8,5,4,3,7,5,6,9,7,6,8,database_administrator
7,9,4,5,3,9,6,8,9,7,7,5,devops_engineer
6,5,4,7,4,7,5,5,8,9,8,5,nurse
7,4,5,6,5,6,9,7,6,5,6,6,environmental_scientist
7,7,5,8,6,7,6,7,7,8,4,3,lawyer
9,8,4,4,3,10,8,7,8,6,5,8,embedded_systems_engineer
8,9,4,5,2,9,10,7,8,9,4,5,cybersecurity_analyst
8,6,9,4,6,9,8,8,8,4,7,5,game_developer
8,7,5,6,5,6,5,5,8,4,6,7,civil_engineer
6,7,5,10,8,7,6,5,6,7,7,5,product_manager
6,5,9,7,9,8,9,7,4,7,6,6,entrepreneur
7,8,8,5,3,8,8,7,7,4,6,4,frontend_developer
6,6,7,9,8,8,6,6,5,8,7,5,product_manager
8,7,5,6,3,9,9,8,10,9,6,6,cybersecurity_analyst
8,7,5,7,5,8,6,6,9,9,6,6,physician
6,5,7,10,5,4,7,4,6,5,7,4,teacher
4,5,4,8,7,7,4,6,7,7,8,4,project_manager
7,7,2,5,4,8,6,6,10,7,5,7,database_administrator
8,10,4,9,5,6,6,6,8,8,6,3,lawyer
10,9,6,5,2,8,8,9,7,7,6,7,software_engineer
9,9,7,2,4,8,7,8,10,6,5,8,embedded_systems_engineer
9,8,5,5,3,8,7,5,7,5,5,8,electrical_engineer
6,5,9,7,9,8,7,7,4,10,5,5,entrepreneur
7,10,4,5,4,9,8,8,8,7,4,7,cybersecurity_analyst
5,4,8,8,6,6,5,6,4,6,6,5,marketing_manager
7,5,9,9,9,9,9,7,5,9,7,6,entrepreneur
7,7,5,9,10,7,7,6,4,6,9,3,product_manager
10,9,7,5,5,7,8,9,7,5,6,8,ai_machine_learning_engineer
4,6,4,7,8,6,5,5,6,8,6,3,project_manager
5,6,7,8,4,6,6,6,7,5,7,3,ux_designer
8,6,3,6,7,8,5,6,9,10,7,6,physician
7,7,8,7,5,6,7,4,8,6,5,5,architect
7,7,10,5,3,8,9,5,6,6,7,6,game_developer
8,8,8,5,4,7,8,8,8,7,6,7,research_scientist
6,7,4,6,6,8,4,5,6,6,7,8,industrial_engineer
7,8,9,6,5,8,8,8,7,4,6,6,game_developer
3,4,10,4,2,4,6,6,8,4,4,2,graphic_designer
5,4,8,9,3,6,7,5,6,4,5,3,content_writer
10,8,7,5,3,8,9,8,8,6,5,6,research_scientist
5,7,2,9,9,7,5,3,7,7,9,3,project_manager
5,7,4,8,5,7,6,6,8,7,9,3,nurse
9,8,6,5,4,7,8,6,9,6,5,6,biotechnologist
8,10,4,4,2,9,8,6,8,6,5,6,backend_developer
9,8,6,5,3,7,9,8,9,4,5,8,research_scientist
8,7,4,7,7,8,5,6,9,9,7,5,physician
5,6,9,6,2,6,5,7,9,4,7,2,ui_designer
6,7,1,4,3,5,3,4,8,6,6,8,accountant
9,8,6,5,5,7,7,7,6,7,5,8,mechanical_engineer
9,10,4,6,3,9,8,6,8,8,5,6,cybersecurity_analyst
3,4,4,9,7,5,5,6,7,7,10,2,hr_manager
8,9,5,4,3,7,7,8,7,6,4,6,embedded_systems_engineer
9,7,5,6,5,7,6,6,7,5,6,7,business_analyst
8,6,10,6,3,8,7,7,7,5,7,5,game_developer
6,4,5,9,3,6,10,5,6,8,6,2,psychologist
4,6,3,8,6,7,5,5,5,8,7,2,project_manager
5,6,4,10,8,6,5,5,5,9,8,5,project_manager
7,7,4,6,5,8,6,8,8,7,7,6,devops_engineer
4,4,9,5,2,6,5,8,9,4,6,3,ui_designer
4,5,6,7,5,6,6,6,7,9,8,3,nurse
9,8,6,5,3,8,10,8,8,6,5,8,research_scientist
7,9,3,3,4,7,6,5,9,5,6,6,database_administrator
5,5,9,9,4,6,5,5,5,5,4,1,content_writer
8,7,5,8,5,6,6,7,7,6,5,7,business_analyst
6,6,7,8,8,9,7,8,6,9,7,4,product_manager
4,2,3,9,7,6,5,2,5,7,8,2,hr_manager
8,6,7,5,5,7,9,7,7,5,4,6,research_scientist
8,8,5,8,4,7,7,7,7,4,6,6,business_analyst
4,6,3,9,7,6,5,5,8,8,7,4,project_manager
8,10,3,3,2,6,3,7,9,6,6,6,database_administrator
7,8,4,5,3,10,8,9,10,8,4,6,cybersecurity_analyst
5,5,10,6,3,7,6,6,6,4,6,5,ui_designer
5,5,7,10,3,4,6,5,5,4,4,0,content_writer
8,6,5,6,5,8,6,6,8,6,7,6,business_analyst
6,6,8,9,6,6,6,4,5,5,7,4,marketing_manager
4,6,9,6,4,7,6,5,9,4,7,3,ui_designer
7,6,8,6,5,8,6,5,9,4,7,5,architect
6,6,8,6,6,7,7,5,8,4,6,7,architect
8,10,5,6,5,10,9,9,9,8,4,7,cybersecurity_analyst
8,8,5,5,5,8,7,6,7,6,7,6,devops_engineer
10,6,5,4,4,8,8,6,8,7,5,6,biotechnologist
4,4,8,4,1,4,6,4,7,4,5,0,graphic_designer
7,9,5,6,6,8,5,4,7,5,7,7,industrial_engineer
7,6,1,7,4,6,5,6,10,5,6,4,pharmacist
6,7,0,4,3,5,4,6,10,6,4,7,accountant
8,8,6,4,3,8,8,8,9,7,5,5,devops_engineer
5,6,9,5,4,6,5,6,8,5,5,7,architect
5,5,7,8,4,7,6,5,7,5,6,5,architect
7,9,4,5,4,7,6,6,7,6,6,8,electrical_engineer
6,4,7,9,9,6,7,5,4,6,7,4,product_manager
6,7,8,7,7,7,8,6,8,4,6,5,architect
9,8,6,4,4,8,8,5,7,6,5,7,mechanical_engineer
9,7,6,6,3,8,6,9,8,6,6,6,cloud_engineer
7,5,8,5,5,9,8,8,7,4,6,5,game_developer
5,5,9,6,5,8,6,4,7,6,6,7,architect
6,5,4,10,5,5,5,4,5,6,9,1,hr_manager
3,3,4,9,7,5,4,4,6,6,8,3,hr_manager
8,6,4,6,6,6,7,5,7,5,8,7,business_analyst
9,7,7,6,4,7,9,7,8,4,6,6,research_scientist
3,4,9,5,3,5,6,4,7,5,4,2,graphic_designer
5,8,9,8,3,8,7,5,8,3,6,3,ux_designer
7,8,5,7,6,8,6,5,8,5,7,6,industrial_engineer
7,9,5,5,4,6,6,5,8,6,7,6,chemical_engineer
8,8,6,5,4,8,7,9,8,5,6,7,cloud_engineer
7,6,2,6,6,4,5,5,10,6,6,5,pharmacist
6,6,3,6,6,7,6,6,8,8,8,7,industrial_engineer
7,7,4,6,7,6,6,5,8,6,8,6,industrial_engineer
9,8,6,5,6,5,9,7,8,7,6,5,biotechnologist
10,7,6,5,3,8,5,6,8,5,5,7,chemical_engineer
7,6,6,9,8,7,8,7,4,7,9,4,product_manager
6,7,9,5,5,9,9,7,7,4,8,7,game_developer
4,5,8,9,4,5,6,3,5,5,3,2,content_writer
7,6,1,5,3,5,6,4,8,6,6,5,pharmacist
6,7,10,6,4,7,7,7,8,5,5,4,frontend_developer
6,5,9,6,3,7,6,6,7,5,5,3,ui_designer
5,6,6,8,8,6,6,5,7,7,7,4,product_manager
7,7,9,2,4,6,8,7,8,5,9,7,game_developer
6,5,5,8,6,5,6,4,4,6,7,4,teacher
8,8,5,7,6,9,7,5,9,9,6,6,physician
7,7,3,7,4,5,5,6,9,6,5,5,pharmacist
8,7,10,3,5,9,8,7,6,5,7,7,game_developer
5,5,5,8,4,6,8,6,7,5,6,5,environmental_scientist
5,6,2,5,3,6,1,5,9,6,5,6,accountant
4,3,9,5,2,6,5,5,9,5,6,1,graphic_designer
9,8,5,5,3,8,9,7,8,7,6,9,data_scientist
5,5,3,10,7,5,4,4,6,7,8,1,hr_manager
7,6,5,6,6,5,4,6,6,7,6,8,industrial_engineer
7,9,5,4,4,9,7,5,7,7,5,5,backend_developer
8,8,4,5,3,8,7,7,6,7,4,5,cloud_engineer
5,7,3,8,5,7,7,7,8,8,5,3,lawyer
7,6,5,5,5,7,8,6,9,7,6,6,biotechnologist
5,4,9,5,3,4,5,4,5,3,6,2,graphic_designer
9,8,7,5,4,10,10,9,7,7,5,10,ai_machine_learning_engineer
4,6,8,10,6,6,6,4,4,7,10,3,marketing_manager
5,4,6,10,6,6,5,5,5,8,8,4,teacher
8,10,6,3,4,7,7,7,6,6,6,7,backend_developer
5,5,8,9,6,6,6,6,4,6,6,5,marketing_manager
5,5,6,9,6,5,6,5,5,8,6,4,teacher
8,8,6,6,4,8,10,10,7,5,5,9,data_scientist
5,4,5,10,3,5,5,6,6,7,4,3,psychologist
5,5,10,6,4,6,7,7,7,6,8,4,frontend_developer
8,7,3,5,5,6,4,6,8,6,5,7,financial_analyst
6,7,5,6,5,6,4,5,6,5,9,7,industrial_engineer
7,6,8,4,3,7,7,5,8,6,7,5,architect
8,6,3,6,4,4,4,4,9,6,5,5,pharmacist
4,4,9,5,2,5,6,4,8,4,5,2,graphic_designer
7,8,3,4,5,6,6,9,6,7,7,6,cloud_engineer
6,7,5,6,6,8,5,4,8,6,6,7,industrial_engineer
8,7,6,6,2,6,7,7,9,7,3,7,biotechnologist
7,7,5,6,7,7,3,5,7,6,6,6,industrial_engineer
10,7,5,8,5,9,6,7,9,10,9,6,physician
8,7,6,3,4,9,7,7,9,6,6,6,backend_developer
8,6,7,6,6,8,9,6,9,8,7,7,biotechnologist
8,6,4,8,5,8,5,6,7,4,5,5,business_analyst
8,7,5,5,5,6,6,5,8,6,6,9,civil_engineer
4,5,7,9,6,5,7,6,4,7,6,3,marketing_manager
6,6,4,7,5,5,7,5,6,7,5,1,psychologist
8,6,4,4,4,6,5,8,8,7,7,6,chemical_engineer
6,8,6,10,6,6,8,6,8,7,4,4,lawyer
6,7,9,5,5,7,8,5,8,6,5,2,ux_designer
7,7,5,4,3,6,8,7,7,6,5,6,biotechnologist
9,8,7,6,4,9,10,9,8,7,5,9,ai_machine_learning_engineer
7,7,4,8,8,8,6,6,10,9,8,5,physician
8,7,5,5,3,6,5,6,8,6,6,8,chemical_engineer
8,5,4,6,4,7,8,6,7,5,5,5,environmental_scientist
7,9,4,8,7,7,6,6,9,7,4,3,lawyer
9,7,4,5,4,8,6,7,9,7,6,8,electrical_engineer
6,5,3,9,9,7,6,5,6,10,8,4,project_manager
8,6,7,4,3,9,8,7,7,5,5,5,biotechnologist
6,4,9,10,6,6,7,5,6,5,8,2,marketing_manager
6,6,3,9,5,6,6,5,8,7,7,3,nurse
5,5,8,8,6,5,6,6,5,5,5,3,marketing_manager
8,7,8,4,5,8,10,9,9,7,7,6,research_scientist
9,9,8,5,4,10,9,7,7,6,8,8,ai_machine_learning_engineer
7,3,3,5,4,3,4,4,9,6,4,4,pharmacist
9,8,8,5,3,9,9,10,7,6,4,7,research_scientist
6,5,9,8,3,5,7,5,7,3,3,2,content_writer
6,5,4,9,5,7,6,5,6,8,5,0,psychologist
7,7,6,6,4,8,8,9,5,6,7,5,cloud_engineer
7,6,6,7,6,7,5,4,7,6,7,7,industrial_engineer
7,7,5,5,3,8,7,7,7,6,7,9,mechanical_engineer
4,4,8,6,3,4,7,5,6,3,3,2,content_writer
6,6,7,7,4,6,5,5,8,5,6,6,architect
8,7,6,5,6,7,7,5,7,7,6,6,civil_engineer
10,10,6,5,5,10,8,8,9,6,6,7,software_engineer
7,8,3,5,4,6,7,5,8,6,6,8,financial_analyst
8,9,5,5,4,8,6,6,8,7,7,7,mechanical_engineer
5,6,9,9,3,4,8,5,6,4,4,1,content_writer
4,5,5,9,4,6,9,4,6,7,6,2,psychologist
8,7,6,8,4,8,8,8,8,6,5,9,data_scientist
10,9,9,4,5,10,8,9,6,6,6,9,ai_machine_learning_engineer
8,9,4,7,6,8,7,7,10,9,7,6,physician
7,7,8,6,3,9,9,6,8,3,6,3,ux_designer
9,8,3,8,6,8,5,6,9,9,7,5,physician
9,7,4,5,3,6,6,5,7,6,5,9,financial_analyst
7,7,9,8,2,7,7,5,8,2,9,4,ux_designer
6,8,7,6,4,7,7,7,6,4,7,4,frontend_developer
10,9,6,4,3,8,7,8,7,5,6,6,backend_developer
9,10,7,4,4,8,8,10,7,7,5,10,ai_machine_learning_engineer
5,6,6,8,7,4,6,5,3,8,7,4,teacher
6,6,3,8,4,6,5,5,8,10,9,3,nurse
6,6,7,4,3,7,6,6,7,5,7,4,frontend_developer
8,10,4,5,4,9,7,7,8,7,6,3,devops_engineer
7,8,5,8,3,6,6,6,8,5,7,7,business_analyst
5,5,7,7,5,7,5,5,4,6,6,4,marketing_manager
5,6,8,10,9,6,7,7,6,8,9,4,product_manager
6,7,9,6,4,5,8,6,8,4,6,2,ux_designer
6,5,3,10,5,7,5,3,7,8,9,3,nurse
10,9,5,5,4,8,7,7,6,6,7,5,backend_developer
8,8,2,4,2,7,6,6,9,7,6,6,database_administrator
6,3,8,8,9,9,8,6,4,8,6,5,entrepreneur
10,9,8,6,4,9,8,8,6,7,6,5,software_engineer
9,8,7,5,5,7,9,10,8,5,4,7,research_scientist
5,5,5,9,6,6,7,4,5,6,8,4,teacher
7,4,4,7,5,7,5,4,9,8,8,2,nurse
4,4,8,6,2,5,5,6,9,4,8,3,ui_designer
7,7,6,4,4,9,7,8,7,6,6,5,cloud_engineer
9,7,3,5,5,7,4,4,7,7,6,7,financial_analyst
5,5,9,8,4,5,10,6,7,4,4,2,content_writer
6,6,4,6,5,5,6,4,7,6,6,7,industrial_engineer
5,7,3,8,8,6,5,4,6,8,8,5,project_manager
6,7,9,5,5,7,7,6,7,6,6,5,frontend_developer
8,9,7,6,4,7,5,7,9,5,7,7,chemical_engineer
7,8,4,6,5,7,4,6,7,6,5,7,financial_analyst
6,8,5,5,3,8,8,8,7,8,6,6,cloud_engineer
8,9,3,4,3,6,6,7,10,7,4,6,database_administrator
8,7,5,4,6,7,6,6,7,5,6,6,chemical_engineer
8,8,4,7,6,9,7,6,10,9,7,4,physician
9,8,7,4,4,8,8,8,7,7,6,7,software_engineer
4,6,1,4,4,4,3,4,8,6,3,9,accountant
7,9,5,4,4,8,8,10,8,7,5,6,cybersecurity_analyst
8,8,5,5,5,7,6,7,8,6,6,7,civil_engineer
8,8,5,5,4,8,8,8,7,6,6,6,cloud_engineer
8,8,5,9,6,7,5,5,7,8,5,3,lawyer
6,5,9,5,6,8,6,6,8,5,7,7,architect
7,7,5,9,6,8,6,6,9,9,7,5,physician
8,9,4,6,5,7,7,7,7,8,7,5,devops_engineer
7,10,4,9,6,6,8,7,8,9,4,4,lawyer
8,7,6,5,7,5,4,6,6,6,7,6,industrial_engineer
4,4,5,8,6,5,4,3,5,8,8,3,hr_manager
8,9,4,4,3,10,7,6,7,6,5,8,embedded_systems_engineer
8,7,6,5,2,8,6,6,8,7,5,8,mechanical_engineer
9,8,8,3,7,10,9,10,7,5,7,8,ai_machine_learning_engineer
8,9,5,6,4,7,7,6,9,6,7,7,mechanical_engineer
9,8,5,4,4,8,6,7,8,6,5,6,electrical_engineer
9,9,5,4,4,10,7,8,10,8,4,6,cybersecurity_analyst
7,8,4,6,4,8,5,5,8,8,5,7,civil_engineer
5,7,8,7,3,4,7,5,6,4,3,1,content_writer
10,6,4,7,6,8,7,7,9,8,7,5,physician
9,9,6,4,3,9,7,7,8,5,7,5,embedded_systems_engineer
7,7,3,5,4,6,8,6,7,4,7,4,environmental_scientist
9,9,5,5,2,10,8,8,9,8,6,5,cybersecurity_analyst
6,7,4,5,4,6,5,4,7,6,7,7,financial_analyst
5,5,3,8,8,7,4,5,5,8,8,5,project_manager
6,6,6,8,8,7,8,7,4,7,8,3,product_manager
8,9,6,5,3,7,7,8,7,4,7,5,cloud_engineer
5,5,7,7,6,5,6,5,5,7,6,5,teacher
6,9,6,4,5,7,8,8,8,7,6,6,devops_engineer
9,8,3,3,2,6,6,6,9,6,6,7,database_administrator
6,6,10,6,3,6,6,6,6,4,5,4,ui_designer
8,7,5,5,4,6,6,6,8,5,5,7,chemical_engineer
7,7,4,5,6,7,6,5,7,6,8,7,industrial_engineer
8,7,4,9,5,7,9,6,8,8,5,3,lawyer
9,9,5,7,4,10,10,8,7,7,5,7,software_engineer
10,9,2,4,3,7,4,8,9,5,4,6,database_administrator
8,8,5,3,4,7,6,8,6,9,7,7,backend_developer
8,6,5,5,6,7,5,5,8,6,8,5,industrial_engineer
8,7,7,5,3,9,6,7,9,5,5,8,mechanical_engineer
7,7,6,6,6,7,5,5,8,5,6,7,civil_engineer
7,7,8,5,3,8,8,8,6,5,6,3,frontend_developer
9,8,5,7,3,7,8,7,9,8,6,9,data_scientist
7,9,5,5,4,9,8,6,8,7,5,6,embedded_systems_engineer
6,7,8,7,4,7,7,7,7,4,5,1,ux_designer
9,6,4,8,6,8,5,7,9,8,6,4,physician
6,5,1,4,3,5,4,4,9,6,5,7,accountant
6,6,6,8,9,9,9,6,4,7,8,4,product_manager
4,4,9,10,7,7,7,5,5,6,7,4,marketing_manager
7,7,8,5,4,7,7,5,8,5,6,3,frontend_developer
5,5,3,8,4,7,6,5,9,8,8,3,nurse
4,4,8,4,2,4,6,5,8,3,4,2,graphic_designer
6,5,9,8,3,5,5,6,5,5,3,3,content_writer
5,8,5,5,6,6,5,3,8,7,6,6,civil_engineer
5,7,6,9,6,6,6,6,6,8,7,4,teacher
9,8,6,4,5,9,9,9,9,4,5,7,research_scientist
9,9,6,5,3,9,6,5,8,5,6,8,electrical_engineer
8,10,6,6,5,9,9,7,9,8,5,6,cybersecurity_analyst
4,4,3,9,6,6,5,5,5,7,9,2,hr_manager
7,8,9,6,5,9,7,8,8,4,5,5,game_developer
8,9,7,5,5,9,7,8,7,6,7,7,software_engineer
8,8,6,5,3,8,6,7,8,5,5,6,embedded_systems_engineer
9,7,5,4,4,8,7,7,10,6,5,7,chemical_engineer
5,6,4,8,8,6,4,5,6,9,10,4,project_manager
8,8,6,9,6,9,6,6,8,8,6,5,physician
5,5,8,5,4,8,7,5,9,6,5,6,architect
4,4,7,8,7,6,6,4,4,8,7,3,marketing_manager
5,6,7,8,3,5,8,4,4,3,4,3,content_writer
8,8,6,6,5,9,8,7,9,6,7,9,data_scientist
8,7,4,7,6,8,6,6,9,9,8,5,physician
10,8,7,3,5,8,7,7,8,6,6,7,research_scientist
9,7,5,6,5,7,7,7,10,6,5,6,chemical_engineer
8,8,5,7,5,8,6,5,8,5,7,6,business_analyst
3,2,9,7,3,4,6,6,8,6,5,2,graphic_designer
4,4,8,9,4,5,7,5,5,4,4,3,content_writer
5,5,7,8,3,6,8,4,6,4,3,2,content_writer
9,8,4,3,3,8,7,6,6,6,5,6,backend_developer
5,6,5,9,3,6,9,4,6,8,4,2,psychologist
